[0.074s] [34mcolcon[0m [1;30mDEBUG[0m [32mCommand line arguments: ['/usr/bin/colcon', 'build', '--parallel-workers', '1'][0m
[0.074s] [34mcolcon[0m [1;30mDEBUG[0m [32mParsed command line arguments: Namespace(log_base=None, log_level=None, verb_name='build', build_base='build', install_base='install', merge_install=False, symlink_install=False, test_result_base=None, continue_on_error=False, executor='parallel', parallel_workers=1, event_handlers=None, ignore_user_meta=False, metas=['./colcon.meta'], base_paths=['.'], packages_ignore=None, packages_ignore_regex=None, paths=None, packages_up_to=None, packages_up_to_regex=None, packages_above=None, packages_above_and_dependencies=None, packages_above_depth=None, packages_select_by_dep=None, packages_skip_by_dep=None, packages_skip_up_to=None, packages_select_build_failed=False, packages_skip_build_finished=False, packages_select_test_failures=False, packages_skip_test_passed=False, packages_select=None, packages_skip=None, packages_select_regex=None, packages_skip_regex=None, packages_start=None, packages_end=None, allow_overriding=[], cmake_args=None, cmake_target=None, cmake_target_skip_unavailable=False, cmake_clean_cache=False, cmake_clean_first=False, cmake_force_configure=False, ament_cmake_args=None, catkin_cmake_args=None, catkin_skip_building_tests=False, verb_parser=<colcon_defaults.argument_parser.defaults.DefaultArgumentsDecorator object at 0x7f2cfee4e8f0>, verb_extension=<colcon_core.verb.build.BuildVerb object at 0x7f2cfee4e2f0>, main=<bound method BuildVerb.main of <colcon_core.verb.build.BuildVerb object at 0x7f2cfee4e2f0>>)[0m
[0.203s] [34mcolcon.colcon_core.package_discovery[0m [1;30mLevel 1[0m discover_packages(colcon_meta) check parameters
[0.203s] [34mcolcon.colcon_core.package_discovery[0m [1;30mLevel 1[0m discover_packages(recursive) check parameters
[0.203s] [34mcolcon.colcon_core.package_discovery[0m [1;30mLevel 1[0m discover_packages(ignore) check parameters
[0.203s] [34mcolcon.colcon_core.package_discovery[0m [1;30mLevel 1[0m discover_packages(path) check parameters
[0.203s] [34mcolcon.colcon_core.package_discovery[0m [1;30mLevel 1[0m discover_packages(colcon_meta) discover
[0.203s] [34mcolcon.colcon_core.package_discovery[0m [1;30mLevel 1[0m discover_packages(recursive) discover
[0.203s] [34mcolcon.colcon_core.package_discovery[0m [1;30mINFO[0m Crawling recursively for packages in '/home/potato/RC_2026'
[0.203s] [34mcolcon.colcon_core.package_identification[0m [1;30mLevel 1[0m _identify(.) by extensions ['ignore', 'ignore_ament_install']
[0.203s] [34mcolcon.colcon_core.package_identification[0m [1;30mLevel 1[0m _identify(.) by extension 'ignore'
[0.203s] [34mcolcon.colcon_core.package_identification[0m [1;30mLevel 1[0m _identify(.) by extension 'ignore_ament_install'
[0.203s] [34mcolcon.colcon_core.package_identification[0m [1;30mLevel 1[0m _identify(.) by extensions ['colcon_pkg']
[0.203s] [34mcolcon.colcon_core.package_identification[0m [1;30mLevel 1[0m _identify(.) by extension 'colcon_pkg'
[0.203s] [34mcolcon.colcon_core.package_identification[0m [1;30mLevel 1[0m _identify(.) by extensions ['colcon_meta']
[0.203s] [34mcolcon.colcon_core.package_identification[0m [1;30mLevel 1[0m _identify(.) by extension 'colcon_meta'
[0.203s] [34mcolcon.colcon_core.package_identification[0m [1;30mLevel 1[0m _identify(.) by extensions ['ros']
[0.203s] [34mcolcon.colcon_core.package_identification[0m [1;30mLevel 1[0m _identify(.) by extension 'ros'
[0.210s] [34mcolcon.colcon_core.package_identification[0m [1;30mLevel 1[0m _identify(.) by extensions ['cmake', 'python']
[0.211s] [34mcolcon.colcon_core.package_identification[0m [1;30mLevel 1[0m _identify(.) by extension 'cmake'
[0.211s] [34mcolcon.colcon_core.package_identification[0m [1;30mLevel 1[0m _identify(.) by extension 'python'
[0.211s] [34mcolcon.colcon_core.package_identification[0m [1;30mLevel 1[0m _identify(.) by extensions ['python_setup_py']
[0.211s] [34mcolcon.colcon_core.package_identification[0m [1;30mLevel 1[0m _identify(.) by extension 'python_setup_py'
[0.211s] [34mcolcon.colcon_core.package_identification[0m [1;30mLevel 1[0m _identify(RC_2026_1) by extensions ['ignore', 'ignore_ament_install']
[0.211s] [34mcolcon.colcon_core.package_identification[0m [1;30mLevel 1[0m _identify(RC_2026_1) by extension 'ignore'
[0.211s] [34mcolcon.colcon_core.package_identification[0m [1;30mLevel 1[0m _identify(RC_2026_1) by extension 'ignore_ament_install'
[0.211s] [34mcolcon.colcon_core.package_identification[0m [1;30mLevel 1[0m _identify(RC_2026_1) by extensions ['colcon_pkg']
[0.211s] [34mcolcon.colcon_core.package_identification[0m [1;30mLevel 1[0m _identify(RC_2026_1) by extension 'colcon_pkg'
[0.211s] [34mcolcon.colcon_core.package_identification[0m [1;30mLevel 1[0m _identify(RC_2026_1) by extensions ['colcon_meta']
[0.211s] [34mcolcon.colcon_core.package_identification[0m [1;30mLevel 1[0m _identify(RC_2026_1) by extension 'colcon_meta'
[0.211s] [34mcolcon.colcon_core.package_identification[0m [1;30mLevel 1[0m _identify(RC_2026_1) by extensions ['ros']
[0.211s] [34mcolcon.colcon_core.package_identification[0m [1;30mLevel 1[0m _identify(RC_2026_1) by extension 'ros'
[0.211s] [34mcolcon.colcon_core.package_identification[0m [1;30mLevel 1[0m _identify(RC_2026_1) by extensions ['cmake', 'python']
[0.211s] [34mcolcon.colcon_core.package_identification[0m [1;30mLevel 1[0m _identify(RC_2026_1) by extension 'cmake'
[0.211s] [34mcolcon.colcon_core.package_identification[0m [1;30mLevel 1[0m _identify(RC_2026_1) by extension 'python'
[0.211s] [34mcolcon.colcon_core.package_identification[0m [1;30mLevel 1[0m _identify(RC_2026_1) by extensions ['python_setup_py']
[0.211s] [34mcolcon.colcon_core.package_identification[0m [1;30mLevel 1[0m _identify(RC_2026_1) by extension 'python_setup_py'
[0.211s] [34mcolcon.colcon_core.package_identification[0m [1;30mLevel 1[0m _identify(RC_2026_1/mid360_driver) by extensions ['ignore', 'ignore_ament_install']
[0.211s] [34mcolcon.colcon_core.package_identification[0m [1;30mLevel 1[0m _identify(RC_2026_1/mid360_driver) by extension 'ignore'
[0.211s] [34mcolcon.colcon_core.package_identification[0m [1;30mLevel 1[0m _identify(RC_2026_1/mid360_driver) by extension 'ignore_ament_install'
[0.211s] [34mcolcon.colcon_core.package_identification[0m [1;30mLevel 1[0m _identify(RC_2026_1/mid360_driver) by extensions ['colcon_pkg']
[0.211s] [34mcolcon.colcon_core.package_identification[0m [1;30mLevel 1[0m _identify(RC_2026_1/mid360_driver) by extension 'colcon_pkg'
[0.211s] [34mcolcon.colcon_core.package_identification[0m [1;30mLevel 1[0m _identify(RC_2026_1/mid360_driver) by extensions ['colcon_meta']
[0.211s] [34mcolcon.colcon_core.package_identification[0m [1;30mLevel 1[0m _identify(RC_2026_1/mid360_driver) by extension 'colcon_meta'
[0.211s] [34mcolcon.colcon_core.package_identification[0m [1;30mLevel 1[0m _identify(RC_2026_1/mid360_driver) by extensions ['ros']
[0.211s] [34mcolcon.colcon_core.package_identification[0m [1;30mLevel 1[0m _identify(RC_2026_1/mid360_driver) by extension 'ros'
[0.213s] [34mcolcon.colcon_core.package_identification[0m [1;30mDEBUG[0m [32mPackage 'RC_2026_1/mid360_driver' with type 'ros.ament_cmake' and name 'mid360_driver'[0m
[0.213s] [34mcolcon.colcon_core.package_identification[0m [1;30mLevel 1[0m _identify(RC_2026_1/point_lio) by extensions ['ignore', 'ignore_ament_install']
[0.213s] [34mcolcon.colcon_core.package_identification[0m [1;30mLevel 1[0m _identify(RC_2026_1/point_lio) by extension 'ignore'
[0.213s] [34mcolcon.colcon_core.package_identification[0m [1;30mLevel 1[0m _identify(RC_2026_1/point_lio) by extension 'ignore_ament_install'
[0.213s] [34mcolcon.colcon_core.package_identification[0m [1;30mLevel 1[0m _identify(RC_2026_1/point_lio) by extensions ['colcon_pkg']
[0.213s] [34mcolcon.colcon_core.package_identification[0m [1;30mLevel 1[0m _identify(RC_2026_1/point_lio) by extension 'colcon_pkg'
[0.213s] [34mcolcon.colcon_core.package_identification[0m [1;30mLevel 1[0m _identify(RC_2026_1/point_lio) by extensions ['colcon_meta']
[0.213s] [34mcolcon.colcon_core.package_identification[0m [1;30mLevel 1[0m _identify(RC_2026_1/point_lio) by extension 'colcon_meta'
[0.213s] [34mcolcon.colcon_core.package_identification[0m [1;30mLevel 1[0m _identify(RC_2026_1/point_lio) by extensions ['ros']
[0.213s] [34mcolcon.colcon_core.package_identification[0m [1;30mLevel 1[0m _identify(RC_2026_1/point_lio) by extension 'ros'
[0.214s] [34mcolcon.colcon_core.package_identification[0m [1;30mDEBUG[0m [32mPackage 'RC_2026_1/point_lio' with type 'ros.ament_cmake' and name 'point_lio'[0m
[0.214s] [34mcolcon.colcon_core.package_identification[0m [1;30mLevel 1[0m _identify(RC_2026_1/rc26_bringup) by extensions ['ignore', 'ignore_ament_install']
[0.214s] [34mcolcon.colcon_core.package_identification[0m [1;30mLevel 1[0m _identify(RC_2026_1/rc26_bringup) by extension 'ignore'
[0.214s] [34mcolcon.colcon_core.package_identification[0m [1;30mLevel 1[0m _identify(RC_2026_1/rc26_bringup) by extension 'ignore_ament_install'
[0.214s] [34mcolcon.colcon_core.package_identification[0m [1;30mLevel 1[0m _identify(RC_2026_1/rc26_bringup) by extensions ['colcon_pkg']
[0.214s] [34mcolcon.colcon_core.package_identification[0m [1;30mLevel 1[0m _identify(RC_2026_1/rc26_bringup) by extension 'colcon_pkg'
[0.214s] [34mcolcon.colcon_core.package_identification[0m [1;30mLevel 1[0m _identify(RC_2026_1/rc26_bringup) by extensions ['colcon_meta']
[0.214s] [34mcolcon.colcon_core.package_identification[0m [1;30mLevel 1[0m _identify(RC_2026_1/rc26_bringup) by extension 'colcon_meta'
[0.214s] [34mcolcon.colcon_core.package_identification[0m [1;30mLevel 1[0m _identify(RC_2026_1/rc26_bringup) by extensions ['ros']
[0.215s] [34mcolcon.colcon_core.package_identification[0m [1;30mLevel 1[0m _identify(RC_2026_1/rc26_bringup) by extension 'ros'
[0.215s] [34mcolcon.colcon_core.package_identification[0m [1;30mDEBUG[0m [32mPackage 'RC_2026_1/rc26_bringup' with type 'ros.ament_cmake' and name 'rc26_bringup'[0m
[0.215s] [34mcolcon.colcon_core.package_identification[0m [1;30mLevel 1[0m _identify(RC_2026_1/rc26_decision) by extensions ['ignore', 'ignore_ament_install']
[0.215s] [34mcolcon.colcon_core.package_identification[0m [1;30mLevel 1[0m _identify(RC_2026_1/rc26_decision) by extension 'ignore'
[0.215s] [34mcolcon.colcon_core.package_identification[0m [1;30mLevel 1[0m _identify(RC_2026_1/rc26_decision) by extension 'ignore_ament_install'
[0.215s] [34mcolcon.colcon_core.package_identification[0m [1;30mLevel 1[0m _identify(RC_2026_1/rc26_decision) by extensions ['colcon_pkg']
[0.215s] [34mcolcon.colcon_core.package_identification[0m [1;30mLevel 1[0m _identify(RC_2026_1/rc26_decision) by extension 'colcon_pkg'
[0.215s] [34mcolcon.colcon_core.package_identification[0m [1;30mLevel 1[0m _identify(RC_2026_1/rc26_decision) by extensions ['colcon_meta']
[0.215s] [34mcolcon.colcon_core.package_identification[0m [1;30mLevel 1[0m _identify(RC_2026_1/rc26_decision) by extension 'colcon_meta'
[0.215s] [34mcolcon.colcon_core.package_identification[0m [1;30mLevel 1[0m _identify(RC_2026_1/rc26_decision) by extensions ['ros']
[0.215s] [34mcolcon.colcon_core.package_identification[0m [1;30mLevel 1[0m _identify(RC_2026_1/rc26_decision) by extension 'ros'
[0.216s] [34mcolcon.colcon_core.package_identification[0m [1;30mDEBUG[0m [32mPackage 'RC_2026_1/rc26_decision' with type 'ros.ament_cmake' and name 'rc26_decision'[0m
[0.216s] [34mcolcon.colcon_core.package_identification[0m [1;30mLevel 1[0m _identify(RC_2026_1/rc26_localization) by extensions ['ignore', 'ignore_ament_install']
[0.216s] [34mcolcon.colcon_core.package_identification[0m [1;30mLevel 1[0m _identify(RC_2026_1/rc26_localization) by extension 'ignore'
[0.216s] [34mcolcon.colcon_core.package_identification[0m [1;30mLevel 1[0m _identify(RC_2026_1/rc26_localization) by extension 'ignore_ament_install'
[0.216s] [34mcolcon.colcon_core.package_identification[0m [1;30mLevel 1[0m _identify(RC_2026_1/rc26_localization) by extensions ['colcon_pkg']
[0.216s] [34mcolcon.colcon_core.package_identification[0m [1;30mLevel 1[0m _identify(RC_2026_1/rc26_localization) by extension 'colcon_pkg'
[0.216s] [34mcolcon.colcon_core.package_identification[0m [1;30mLevel 1[0m _identify(RC_2026_1/rc26_localization) by extensions ['colcon_meta']
[0.216s] [34mcolcon.colcon_core.package_identification[0m [1;30mLevel 1[0m _identify(RC_2026_1/rc26_localization) by extension 'colcon_meta'
[0.216s] [34mcolcon.colcon_core.package_identification[0m [1;30mLevel 1[0m _identify(RC_2026_1/rc26_localization) by extensions ['ros']
[0.216s] [34mcolcon.colcon_core.package_identification[0m [1;30mLevel 1[0m _identify(RC_2026_1/rc26_localization) by extension 'ros'
[0.217s] [34mcolcon.colcon_core.package_identification[0m [1;30mDEBUG[0m [32mPackage 'RC_2026_1/rc26_localization' with type 'ros.ament_cmake' and name 'rc26_localization'[0m
[0.217s] [34mcolcon.colcon_core.package_identification[0m [1;30mLevel 1[0m _identify(RC_2026_1/rc26_merge_odom) by extensions ['ignore', 'ignore_ament_install']
[0.217s] [34mcolcon.colcon_core.package_identification[0m [1;30mLevel 1[0m _identify(RC_2026_1/rc26_merge_odom) by extension 'ignore'
[0.217s] [34mcolcon.colcon_core.package_identification[0m [1;30mLevel 1[0m _identify(RC_2026_1/rc26_merge_odom) by extension 'ignore_ament_install'
[0.217s] [34mcolcon.colcon_core.package_identification[0m [1;30mLevel 1[0m _identify(RC_2026_1/rc26_merge_odom) by extensions ['colcon_pkg']
[0.217s] [34mcolcon.colcon_core.package_identification[0m [1;30mLevel 1[0m _identify(RC_2026_1/rc26_merge_odom) by extension 'colcon_pkg'
[0.217s] [34mcolcon.colcon_core.package_identification[0m [1;30mLevel 1[0m _identify(RC_2026_1/rc26_merge_odom) by extensions ['colcon_meta']
[0.217s] [34mcolcon.colcon_core.package_identification[0m [1;30mLevel 1[0m _identify(RC_2026_1/rc26_merge_odom) by extension 'colcon_meta'
[0.217s] [34mcolcon.colcon_core.package_identification[0m [1;30mLevel 1[0m _identify(RC_2026_1/rc26_merge_odom) by extensions ['ros']
[0.217s] [34mcolcon.colcon_core.package_identification[0m [1;30mLevel 1[0m _identify(RC_2026_1/rc26_merge_odom) by extension 'ros'
[0.218s] [34mcolcon.colcon_core.package_identification[0m [1;30mDEBUG[0m [32mPackage 'RC_2026_1/rc26_merge_odom' with type 'ros.ament_cmake' and name 'rc26_merge_odom'[0m
[0.218s] [34mcolcon.colcon_core.package_identification[0m [1;30mLevel 1[0m _identify(RC_2026_1/rc26_odom_interface) by extensions ['ignore', 'ignore_ament_install']
[0.218s] [34mcolcon.colcon_core.package_identification[0m [1;30mLevel 1[0m _identify(RC_2026_1/rc26_odom_interface) by extension 'ignore'
[0.218s] [34mcolcon.colcon_core.package_identification[0m [1;30mLevel 1[0m _identify(RC_2026_1/rc26_odom_interface) by extension 'ignore_ament_install'
[0.218s] [34mcolcon.colcon_core.package_identification[0m [1;30mLevel 1[0m _identify(RC_2026_1/rc26_odom_interface) by extensions ['colcon_pkg']
[0.218s] [34mcolcon.colcon_core.package_identification[0m [1;30mLevel 1[0m _identify(RC_2026_1/rc26_odom_interface) by extension 'colcon_pkg'
[0.218s] [34mcolcon.colcon_core.package_identification[0m [1;30mLevel 1[0m _identify(RC_2026_1/rc26_odom_interface) by extensions ['colcon_meta']
[0.218s] [34mcolcon.colcon_core.package_identification[0m [1;30mLevel 1[0m _identify(RC_2026_1/rc26_odom_interface) by extension 'colcon_meta'
[0.218s] [34mcolcon.colcon_core.package_identification[0m [1;30mLevel 1[0m _identify(RC_2026_1/rc26_odom_interface) by extensions ['ros']
[0.218s] [34mcolcon.colcon_core.package_identification[0m [1;30mLevel 1[0m _identify(RC_2026_1/rc26_odom_interface) by extension 'ros'
[0.219s] [34mcolcon.colcon_core.package_identification[0m [1;30mDEBUG[0m [32mPackage 'RC_2026_1/rc26_odom_interface' with type 'ros.ament_cmake' and name 'rc26_odom_interface'[0m
[0.219s] [34mcolcon.colcon_core.package_identification[0m [1;30mLevel 1[0m _identify(RC_2026_1/rc26_omni_controller) by extensions ['ignore', 'ignore_ament_install']
[0.219s] [34mcolcon.colcon_core.package_identification[0m [1;30mLevel 1[0m _identify(RC_2026_1/rc26_omni_controller) by extension 'ignore'
[0.219s] [34mcolcon.colcon_core.package_identification[0m [1;30mLevel 1[0m _identify(RC_2026_1/rc26_omni_controller) by extension 'ignore_ament_install'
[0.219s] [34mcolcon.colcon_core.package_identification[0m [1;30mLevel 1[0m _identify(RC_2026_1/rc26_omni_controller) by extensions ['colcon_pkg']
[0.219s] [34mcolcon.colcon_core.package_identification[0m [1;30mLevel 1[0m _identify(RC_2026_1/rc26_omni_controller) by extension 'colcon_pkg'
[0.219s] [34mcolcon.colcon_core.package_identification[0m [1;30mLevel 1[0m _identify(RC_2026_1/rc26_omni_controller) by extensions ['colcon_meta']
[0.219s] [34mcolcon.colcon_core.package_identification[0m [1;30mLevel 1[0m _identify(RC_2026_1/rc26_omni_controller) by extension 'colcon_meta'
[0.219s] [34mcolcon.colcon_core.package_identification[0m [1;30mLevel 1[0m _identify(RC_2026_1/rc26_omni_controller) by extensions ['ros']
[0.219s] [34mcolcon.colcon_core.package_identification[0m [1;30mLevel 1[0m _identify(RC_2026_1/rc26_omni_controller) by extension 'ros'
[0.220s] [34mcolcon.colcon_core.package_identification[0m [1;30mDEBUG[0m [32mPackage 'RC_2026_1/rc26_omni_controller' with type 'ros.ament_cmake' and name 'rc26_omni_controller'[0m
[0.220s] [34mcolcon.colcon_core.package_identification[0m [1;30mLevel 1[0m _identify(RC_2026_1/rc26_perception) by extensions ['ignore', 'ignore_ament_install']
[0.220s] [34mcolcon.colcon_core.package_identification[0m [1;30mLevel 1[0m _identify(RC_2026_1/rc26_perception) by extension 'ignore'
[0.220s] [34mcolcon.colcon_core.package_identification[0m [1;30mLevel 1[0m _identify(RC_2026_1/rc26_perception) by extension 'ignore_ament_install'
[0.220s] [34mcolcon.colcon_core.package_identification[0m [1;30mLevel 1[0m _identify(RC_2026_1/rc26_perception) by extensions ['colcon_pkg']
[0.220s] [34mcolcon.colcon_core.package_identification[0m [1;30mLevel 1[0m _identify(RC_2026_1/rc26_perception) by extension 'colcon_pkg'
[0.220s] [34mcolcon.colcon_core.package_identification[0m [1;30mLevel 1[0m _identify(RC_2026_1/rc26_perception) by extensions ['colcon_meta']
[0.220s] [34mcolcon.colcon_core.package_identification[0m [1;30mLevel 1[0m _identify(RC_2026_1/rc26_perception) by extension 'colcon_meta'
[0.220s] [34mcolcon.colcon_core.package_identification[0m [1;30mLevel 1[0m _identify(RC_2026_1/rc26_perception) by extensions ['ros']
[0.220s] [34mcolcon.colcon_core.package_identification[0m [1;30mLevel 1[0m _identify(RC_2026_1/rc26_perception) by extension 'ros'
[0.221s] [34mcolcon.colcon_core.package_identification[0m [1;30mDEBUG[0m [32mPackage 'RC_2026_1/rc26_perception' with type 'ros.ament_cmake' and name 'rc26_perception'[0m
[0.221s] [34mcolcon.colcon_core.package_identification[0m [1;30mLevel 1[0m _identify(RC_2026_1/rc26_sensor_scan) by extensions ['ignore', 'ignore_ament_install']
[0.221s] [34mcolcon.colcon_core.package_identification[0m [1;30mLevel 1[0m _identify(RC_2026_1/rc26_sensor_scan) by extension 'ignore'
[0.221s] [34mcolcon.colcon_core.package_identification[0m [1;30mLevel 1[0m _identify(RC_2026_1/rc26_sensor_scan) by extension 'ignore_ament_install'
[0.221s] [34mcolcon.colcon_core.package_identification[0m [1;30mLevel 1[0m _identify(RC_2026_1/rc26_sensor_scan) by extensions ['colcon_pkg']
[0.221s] [34mcolcon.colcon_core.package_identification[0m [1;30mLevel 1[0m _identify(RC_2026_1/rc26_sensor_scan) by extension 'colcon_pkg'
[0.221s] [34mcolcon.colcon_core.package_identification[0m [1;30mLevel 1[0m _identify(RC_2026_1/rc26_sensor_scan) by extensions ['colcon_meta']
[0.221s] [34mcolcon.colcon_core.package_identification[0m [1;30mLevel 1[0m _identify(RC_2026_1/rc26_sensor_scan) by extension 'colcon_meta'
[0.221s] [34mcolcon.colcon_core.package_identification[0m [1;30mLevel 1[0m _identify(RC_2026_1/rc26_sensor_scan) by extensions ['ros']
[0.221s] [34mcolcon.colcon_core.package_identification[0m [1;30mLevel 1[0m _identify(RC_2026_1/rc26_sensor_scan) by extension 'ros'
[0.222s] [34mcolcon.colcon_core.package_identification[0m [1;30mDEBUG[0m [32mPackage 'RC_2026_1/rc26_sensor_scan' with type 'ros.ament_cmake' and name 'rc26_sensor_scan'[0m
[0.222s] [34mcolcon.colcon_core.package_identification[0m [1;30mLevel 1[0m _identify(RC_2026_1/rc26_serial) by extensions ['ignore', 'ignore_ament_install']
[0.222s] [34mcolcon.colcon_core.package_identification[0m [1;30mLevel 1[0m _identify(RC_2026_1/rc26_serial) by extension 'ignore'
[0.222s] [34mcolcon.colcon_core.package_identification[0m [1;30mLevel 1[0m _identify(RC_2026_1/rc26_serial) by extension 'ignore_ament_install'
[0.222s] [34mcolcon.colcon_core.package_identification[0m [1;30mLevel 1[0m _identify(RC_2026_1/rc26_serial) by extensions ['colcon_pkg']
[0.222s] [34mcolcon.colcon_core.package_identification[0m [1;30mLevel 1[0m _identify(RC_2026_1/rc26_serial) by extension 'colcon_pkg'
[0.222s] [34mcolcon.colcon_core.package_identification[0m [1;30mLevel 1[0m _identify(RC_2026_1/rc26_serial) by extensions ['colcon_meta']
[0.222s] [34mcolcon.colcon_core.package_identification[0m [1;30mLevel 1[0m _identify(RC_2026_1/rc26_serial) by extension 'colcon_meta'
[0.222s] [34mcolcon.colcon_core.package_identification[0m [1;30mLevel 1[0m _identify(RC_2026_1/rc26_serial) by extensions ['ros']
[0.222s] [34mcolcon.colcon_core.package_identification[0m [1;30mLevel 1[0m _identify(RC_2026_1/rc26_serial) by extension 'ros'
[0.223s] [34mcolcon.colcon_core.package_identification[0m [1;30mDEBUG[0m [32mPackage 'RC_2026_1/rc26_serial' with type 'ros.ament_cmake' and name 'rc26_serial'[0m
[0.223s] [34mcolcon.colcon_core.package_identification[0m [1;30mLevel 1[0m _identify(RC_2026_1/small_gicp) by extensions ['ignore', 'ignore_ament_install']
[0.223s] [34mcolcon.colcon_core.package_identification[0m [1;30mLevel 1[0m _identify(RC_2026_1/small_gicp) by extension 'ignore'
[0.223s] [34mcolcon.colcon_core.package_identification[0m [1;30mLevel 1[0m _identify(RC_2026_1/small_gicp) by extension 'ignore_ament_install'
[0.223s] [34mcolcon.colcon_core.package_identification[0m [1;30mLevel 1[0m _identify(RC_2026_1/small_gicp) by extensions ['colcon_pkg']
[0.223s] [34mcolcon.colcon_core.package_identification[0m [1;30mLevel 1[0m _identify(RC_2026_1/small_gicp) by extension 'colcon_pkg'
[0.223s] [34mcolcon.colcon_core.package_identification[0m [1;30mLevel 1[0m _identify(RC_2026_1/small_gicp) by extensions ['colcon_meta']
[0.223s] [34mcolcon.colcon_core.package_identification[0m [1;30mLevel 1[0m _identify(RC_2026_1/small_gicp) by extension 'colcon_meta'
[0.223s] [34mcolcon.colcon_core.package_identification[0m [1;30mLevel 1[0m _identify(RC_2026_1/small_gicp) by extensions ['ros']
[0.223s] [34mcolcon.colcon_core.package_identification[0m [1;30mLevel 1[0m _identify(RC_2026_1/small_gicp) by extension 'ros'
[0.223s] [34mcolcon.colcon_core.package_identification[0m [1;30mDEBUG[0m [32mPackage 'RC_2026_1/small_gicp' with type 'ros.cmake' and name 'small_gicp'[0m
[0.223s] [34mcolcon.colcon_core.package_identification[0m [1;30mLevel 1[0m _identify(build) by extensions ['ignore', 'ignore_ament_install']
[0.223s] [34mcolcon.colcon_core.package_identification[0m [1;30mLevel 1[0m _identify(build) by extension 'ignore'
[0.223s] [34mcolcon.colcon_core.package_identification[0m [1;30mLevel 1[0m _identify(build) ignored
[0.223s] [34mcolcon.colcon_core.package_identification[0m [1;30mLevel 1[0m _identify(install) by extensions ['ignore', 'ignore_ament_install']
[0.223s] [34mcolcon.colcon_core.package_identification[0m [1;30mLevel 1[0m _identify(install) by extension 'ignore'
[0.223s] [34mcolcon.colcon_core.package_identification[0m [1;30mLevel 1[0m _identify(install) ignored
[0.224s] [34mcolcon.colcon_core.package_identification[0m [1;30mLevel 1[0m _identify(log) by extensions ['ignore', 'ignore_ament_install']
[0.224s] [34mcolcon.colcon_core.package_identification[0m [1;30mLevel 1[0m _identify(log) by extension 'ignore'
[0.224s] [34mcolcon.colcon_core.package_identification[0m [1;30mLevel 1[0m _identify(log) ignored
[0.224s] [34mcolcon.colcon_core.package_discovery[0m [1;30mLevel 1[0m discover_packages(recursive) using defaults
[0.224s] [34mcolcon.colcon_core.package_discovery[0m [1;30mLevel 1[0m discover_packages(ignore) discover
[0.224s] [34mcolcon.colcon_core.package_discovery[0m [1;30mLevel 1[0m discover_packages(ignore) using defaults
[0.224s] [34mcolcon.colcon_core.package_discovery[0m [1;30mLevel 1[0m discover_packages(path) discover
[0.224s] [34mcolcon.colcon_core.package_discovery[0m [1;30mLevel 1[0m discover_packages(path) using defaults
[0.236s] [34mcolcon.colcon_core.package_discovery[0m [1;30mLevel 1[0m discover_packages(prefix_path) check parameters
[0.236s] [34mcolcon.colcon_core.package_discovery[0m [1;30mLevel 1[0m discover_packages(prefix_path) discover
[0.237s] [34mcolcon.colcon_installed_package_information.package_discovery[0m [1;30mDEBUG[0m [32mFound 12 installed packages in /home/potato/RC_2026/install[0m
[0.238s] [34mcolcon.colcon_installed_package_information.package_discovery[0m [1;30mDEBUG[0m [32mFound 407 installed packages in /opt/ros/humble[0m
[0.239s] [34mcolcon.colcon_core.package_discovery[0m [1;30mLevel 1[0m discover_packages(prefix_path) using defaults
[0.267s] [34mcolcon.colcon_core.verb[0m [1;30mLevel 5[0m set package 'mid360_driver' build argument 'cmake_args' from command line to 'None'
[0.267s] [34mcolcon.colcon_core.verb[0m [1;30mLevel 5[0m set package 'mid360_driver' build argument 'cmake_target' from command line to 'None'
[0.267s] [34mcolcon.colcon_core.verb[0m [1;30mLevel 5[0m set package 'mid360_driver' build argument 'cmake_target_skip_unavailable' from command line to 'False'
[0.267s] [34mcolcon.colcon_core.verb[0m [1;30mLevel 5[0m set package 'mid360_driver' build argument 'cmake_clean_cache' from command line to 'False'
[0.267s] [34mcolcon.colcon_core.verb[0m [1;30mLevel 5[0m set package 'mid360_driver' build argument 'cmake_clean_first' from command line to 'False'
[0.267s] [34mcolcon.colcon_core.verb[0m [1;30mLevel 5[0m set package 'mid360_driver' build argument 'cmake_force_configure' from command line to 'False'
[0.267s] [34mcolcon.colcon_core.verb[0m [1;30mLevel 5[0m set package 'mid360_driver' build argument 'ament_cmake_args' from command line to 'None'
[0.267s] [34mcolcon.colcon_core.verb[0m [1;30mLevel 5[0m set package 'mid360_driver' build argument 'catkin_cmake_args' from command line to 'None'
[0.267s] [34mcolcon.colcon_core.verb[0m [1;30mLevel 5[0m set package 'mid360_driver' build argument 'catkin_skip_building_tests' from command line to 'False'
[0.267s] [34mcolcon.colcon_core.verb[0m [1;30mDEBUG[0m [32mBuilding package 'mid360_driver' with the following arguments: {'ament_cmake_args': None, 'build_base': '/home/potato/RC_2026/build/mid360_driver', 'catkin_cmake_args': None, 'catkin_skip_building_tests': False, 'cmake_args': None, 'cmake_clean_cache': False, 'cmake_clean_first': False, 'cmake_force_configure': False, 'cmake_target': None, 'cmake_target_skip_unavailable': False, 'install_base': '/home/potato/RC_2026/install/mid360_driver', 'merge_install': False, 'path': '/home/potato/RC_2026/RC_2026_1/mid360_driver', 'symlink_install': False, 'test_result_base': None}[0m
[0.267s] [34mcolcon.colcon_core.verb[0m [1;30mLevel 5[0m set package 'point_lio' build argument 'cmake_args' from command line to 'None'
[0.267s] [34mcolcon.colcon_core.verb[0m [1;30mLevel 5[0m set package 'point_lio' build argument 'cmake_target' from command line to 'None'
[0.267s] [34mcolcon.colcon_core.verb[0m [1;30mLevel 5[0m set package 'point_lio' build argument 'cmake_target_skip_unavailable' from command line to 'False'
[0.267s] [34mcolcon.colcon_core.verb[0m [1;30mLevel 5[0m set package 'point_lio' build argument 'cmake_clean_cache' from command line to 'False'
[0.267s] [34mcolcon.colcon_core.verb[0m [1;30mLevel 5[0m set package 'point_lio' build argument 'cmake_clean_first' from command line to 'False'
[0.267s] [34mcolcon.colcon_core.verb[0m [1;30mLevel 5[0m set package 'point_lio' build argument 'cmake_force_configure' from command line to 'False'
[0.267s] [34mcolcon.colcon_core.verb[0m [1;30mLevel 5[0m set package 'point_lio' build argument 'ament_cmake_args' from command line to 'None'
[0.267s] [34mcolcon.colcon_core.verb[0m [1;30mLevel 5[0m set package 'point_lio' build argument 'catkin_cmake_args' from command line to 'None'
[0.267s] [34mcolcon.colcon_core.verb[0m [1;30mLevel 5[0m set package 'point_lio' build argument 'catkin_skip_building_tests' from command line to 'False'
[0.267s] [34mcolcon.colcon_core.verb[0m [1;30mDEBUG[0m [32mBuilding package 'point_lio' with the following arguments: {'ament_cmake_args': None, 'build_base': '/home/potato/RC_2026/build/point_lio', 'catkin_cmake_args': None, 'catkin_skip_building_tests': False, 'cmake_args': None, 'cmake_clean_cache': False, 'cmake_clean_first': False, 'cmake_force_configure': False, 'cmake_target': None, 'cmake_target_skip_unavailable': False, 'install_base': '/home/potato/RC_2026/install/point_lio', 'merge_install': False, 'path': '/home/potato/RC_2026/RC_2026_1/point_lio', 'symlink_install': False, 'test_result_base': None}[0m
[0.267s] [34mcolcon.colcon_core.verb[0m [1;30mLevel 5[0m set package 'rc26_localization' build argument 'cmake_args' from command line to 'None'
[0.267s] [34mcolcon.colcon_core.verb[0m [1;30mLevel 5[0m set package 'rc26_localization' build argument 'cmake_target' from command line to 'None'
[0.267s] [34mcolcon.colcon_core.verb[0m [1;30mLevel 5[0m set package 'rc26_localization' build argument 'cmake_target_skip_unavailable' from command line to 'False'
[0.267s] [34mcolcon.colcon_core.verb[0m [1;30mLevel 5[0m set package 'rc26_localization' build argument 'cmake_clean_cache' from command line to 'False'
[0.267s] [34mcolcon.colcon_core.verb[0m [1;30mLevel 5[0m set package 'rc26_localization' build argument 'cmake_clean_first' from command line to 'False'
[0.267s] [34mcolcon.colcon_core.verb[0m [1;30mLevel 5[0m set package 'rc26_localization' build argument 'cmake_force_configure' from command line to 'False'
[0.267s] [34mcolcon.colcon_core.verb[0m [1;30mLevel 5[0m set package 'rc26_localization' build argument 'ament_cmake_args' from command line to 'None'
[0.267s] [34mcolcon.colcon_core.verb[0m [1;30mLevel 5[0m set package 'rc26_localization' build argument 'catkin_cmake_args' from command line to 'None'
[0.267s] [34mcolcon.colcon_core.verb[0m [1;30mLevel 5[0m set package 'rc26_localization' build argument 'catkin_skip_building_tests' from command line to 'False'
[0.267s] [34mcolcon.colcon_core.verb[0m [1;30mDEBUG[0m [32mBuilding package 'rc26_localization' with the following arguments: {'ament_cmake_args': None, 'build_base': '/home/potato/RC_2026/build/rc26_localization', 'catkin_cmake_args': None, 'catkin_skip_building_tests': False, 'cmake_args': None, 'cmake_clean_cache': False, 'cmake_clean_first': False, 'cmake_force_configure': False, 'cmake_target': None, 'cmake_target_skip_unavailable': False, 'install_base': '/home/potato/RC_2026/install/rc26_localization', 'merge_install': False, 'path': '/home/potato/RC_2026/RC_2026_1/rc26_localization', 'symlink_install': False, 'test_result_base': None}[0m
[0.268s] [34mcolcon.colcon_core.verb[0m [1;30mLevel 5[0m set package 'rc26_odom_interface' build argument 'cmake_args' from command line to 'None'
[0.268s] [34mcolcon.colcon_core.verb[0m [1;30mLevel 5[0m set package 'rc26_odom_interface' build argument 'cmake_target' from command line to 'None'
[0.268s] [34mcolcon.colcon_core.verb[0m [1;30mLevel 5[0m set package 'rc26_odom_interface' build argument 'cmake_target_skip_unavailable' from command line to 'False'
[0.268s] [34mcolcon.colcon_core.verb[0m [1;30mLevel 5[0m set package 'rc26_odom_interface' build argument 'cmake_clean_cache' from command line to 'False'
[0.268s] [34mcolcon.colcon_core.verb[0m [1;30mLevel 5[0m set package 'rc26_odom_interface' build argument 'cmake_clean_first' from command line to 'False'
[0.268s] [34mcolcon.colcon_core.verb[0m [1;30mLevel 5[0m set package 'rc26_odom_interface' build argument 'cmake_force_configure' from command line to 'False'
[0.268s] [34mcolcon.colcon_core.verb[0m [1;30mLevel 5[0m set package 'rc26_odom_interface' build argument 'ament_cmake_args' from command line to 'None'
[0.268s] [34mcolcon.colcon_core.verb[0m [1;30mLevel 5[0m set package 'rc26_odom_interface' build argument 'catkin_cmake_args' from command line to 'None'
[0.268s] [34mcolcon.colcon_core.verb[0m [1;30mLevel 5[0m set package 'rc26_odom_interface' build argument 'catkin_skip_building_tests' from command line to 'False'
[0.268s] [34mcolcon.colcon_core.verb[0m [1;30mDEBUG[0m [32mBuilding package 'rc26_odom_interface' with the following arguments: {'ament_cmake_args': None, 'build_base': '/home/potato/RC_2026/build/rc26_odom_interface', 'catkin_cmake_args': None, 'catkin_skip_building_tests': False, 'cmake_args': None, 'cmake_clean_cache': False, 'cmake_clean_first': False, 'cmake_force_configure': False, 'cmake_target': None, 'cmake_target_skip_unavailable': False, 'install_base': '/home/potato/RC_2026/install/rc26_odom_interface', 'merge_install': False, 'path': '/home/potato/RC_2026/RC_2026_1/rc26_odom_interface', 'symlink_install': False, 'test_result_base': None}[0m
[0.268s] [34mcolcon.colcon_core.verb[0m [1;30mLevel 5[0m set package 'rc26_omni_controller' build argument 'cmake_args' from command line to 'None'
[0.268s] [34mcolcon.colcon_core.verb[0m [1;30mLevel 5[0m set package 'rc26_omni_controller' build argument 'cmake_target' from command line to 'None'
[0.268s] [34mcolcon.colcon_core.verb[0m [1;30mLevel 5[0m set package 'rc26_omni_controller' build argument 'cmake_target_skip_unavailable' from command line to 'False'
[0.268s] [34mcolcon.colcon_core.verb[0m [1;30mLevel 5[0m set package 'rc26_omni_controller' build argument 'cmake_clean_cache' from command line to 'False'
[0.268s] [34mcolcon.colcon_core.verb[0m [1;30mLevel 5[0m set package 'rc26_omni_controller' build argument 'cmake_clean_first' from command line to 'False'
[0.268s] [34mcolcon.colcon_core.verb[0m [1;30mLevel 5[0m set package 'rc26_omni_controller' build argument 'cmake_force_configure' from command line to 'False'
[0.268s] [34mcolcon.colcon_core.verb[0m [1;30mLevel 5[0m set package 'rc26_omni_controller' build argument 'ament_cmake_args' from command line to 'None'
[0.268s] [34mcolcon.colcon_core.verb[0m [1;30mLevel 5[0m set package 'rc26_omni_controller' build argument 'catkin_cmake_args' from command line to 'None'
[0.268s] [34mcolcon.colcon_core.verb[0m [1;30mLevel 5[0m set package 'rc26_omni_controller' build argument 'catkin_skip_building_tests' from command line to 'False'
[0.268s] [34mcolcon.colcon_core.verb[0m [1;30mDEBUG[0m [32mBuilding package 'rc26_omni_controller' with the following arguments: {'ament_cmake_args': None, 'build_base': '/home/potato/RC_2026/build/rc26_omni_controller', 'catkin_cmake_args': None, 'catkin_skip_building_tests': False, 'cmake_args': None, 'cmake_clean_cache': False, 'cmake_clean_first': False, 'cmake_force_configure': False, 'cmake_target': None, 'cmake_target_skip_unavailable': False, 'install_base': '/home/potato/RC_2026/install/rc26_omni_controller', 'merge_install': False, 'path': '/home/potato/RC_2026/RC_2026_1/rc26_omni_controller', 'symlink_install': False, 'test_result_base': None}[0m
[0.268s] [34mcolcon.colcon_core.verb[0m [1;30mLevel 5[0m set package 'rc26_perception' build argument 'cmake_args' from command line to 'None'
[0.268s] [34mcolcon.colcon_core.verb[0m [1;30mLevel 5[0m set package 'rc26_perception' build argument 'cmake_target' from command line to 'None'
[0.268s] [34mcolcon.colcon_core.verb[0m [1;30mLevel 5[0m set package 'rc26_perception' build argument 'cmake_target_skip_unavailable' from command line to 'False'
[0.268s] [34mcolcon.colcon_core.verb[0m [1;30mLevel 5[0m set package 'rc26_perception' build argument 'cmake_clean_cache' from command line to 'False'
[0.268s] [34mcolcon.colcon_core.verb[0m [1;30mLevel 5[0m set package 'rc26_perception' build argument 'cmake_clean_first' from command line to 'False'
[0.268s] [34mcolcon.colcon_core.verb[0m [1;30mLevel 5[0m set package 'rc26_perception' build argument 'cmake_force_configure' from command line to 'False'
[0.268s] [34mcolcon.colcon_core.verb[0m [1;30mLevel 5[0m set package 'rc26_perception' build argument 'ament_cmake_args' from command line to 'None'
[0.268s] [34mcolcon.colcon_core.verb[0m [1;30mLevel 5[0m set package 'rc26_perception' build argument 'catkin_cmake_args' from command line to 'None'
[0.268s] [34mcolcon.colcon_core.verb[0m [1;30mLevel 5[0m set package 'rc26_perception' build argument 'catkin_skip_building_tests' from command line to 'False'
[0.268s] [34mcolcon.colcon_core.verb[0m [1;30mDEBUG[0m [32mBuilding package 'rc26_perception' with the following arguments: {'ament_cmake_args': None, 'build_base': '/home/potato/RC_2026/build/rc26_perception', 'catkin_cmake_args': None, 'catkin_skip_building_tests': False, 'cmake_args': None, 'cmake_clean_cache': False, 'cmake_clean_first': False, 'cmake_force_configure': False, 'cmake_target': None, 'cmake_target_skip_unavailable': False, 'install_base': '/home/potato/RC_2026/install/rc26_perception', 'merge_install': False, 'path': '/home/potato/RC_2026/RC_2026_1/rc26_perception', 'symlink_install': False, 'test_result_base': None}[0m
[0.269s] [34mcolcon.colcon_core.verb[0m [1;30mLevel 5[0m set package 'rc26_sensor_scan' build argument 'cmake_args' from command line to 'None'
[0.269s] [34mcolcon.colcon_core.verb[0m [1;30mLevel 5[0m set package 'rc26_sensor_scan' build argument 'cmake_target' from command line to 'None'
[0.269s] [34mcolcon.colcon_core.verb[0m [1;30mLevel 5[0m set package 'rc26_sensor_scan' build argument 'cmake_target_skip_unavailable' from command line to 'False'
[0.269s] [34mcolcon.colcon_core.verb[0m [1;30mLevel 5[0m set package 'rc26_sensor_scan' build argument 'cmake_clean_cache' from command line to 'False'
[0.269s] [34mcolcon.colcon_core.verb[0m [1;30mLevel 5[0m set package 'rc26_sensor_scan' build argument 'cmake_clean_first' from command line to 'False'
[0.269s] [34mcolcon.colcon_core.verb[0m [1;30mLevel 5[0m set package 'rc26_sensor_scan' build argument 'cmake_force_configure' from command line to 'False'
[0.269s] [34mcolcon.colcon_core.verb[0m [1;30mLevel 5[0m set package 'rc26_sensor_scan' build argument 'ament_cmake_args' from command line to 'None'
[0.269s] [34mcolcon.colcon_core.verb[0m [1;30mLevel 5[0m set package 'rc26_sensor_scan' build argument 'catkin_cmake_args' from command line to 'None'
[0.269s] [34mcolcon.colcon_core.verb[0m [1;30mLevel 5[0m set package 'rc26_sensor_scan' build argument 'catkin_skip_building_tests' from command line to 'False'
[0.269s] [34mcolcon.colcon_core.verb[0m [1;30mDEBUG[0m [32mBuilding package 'rc26_sensor_scan' with the following arguments: {'ament_cmake_args': None, 'build_base': '/home/potato/RC_2026/build/rc26_sensor_scan', 'catkin_cmake_args': None, 'catkin_skip_building_tests': False, 'cmake_args': None, 'cmake_clean_cache': False, 'cmake_clean_first': False, 'cmake_force_configure': False, 'cmake_target': None, 'cmake_target_skip_unavailable': False, 'install_base': '/home/potato/RC_2026/install/rc26_sensor_scan', 'merge_install': False, 'path': '/home/potato/RC_2026/RC_2026_1/rc26_sensor_scan', 'symlink_install': False, 'test_result_base': None}[0m
[0.269s] [34mcolcon.colcon_core.verb[0m [1;30mLevel 5[0m set package 'rc26_serial' build argument 'cmake_args' from command line to 'None'
[0.269s] [34mcolcon.colcon_core.verb[0m [1;30mLevel 5[0m set package 'rc26_serial' build argument 'cmake_target' from command line to 'None'
[0.269s] [34mcolcon.colcon_core.verb[0m [1;30mLevel 5[0m set package 'rc26_serial' build argument 'cmake_target_skip_unavailable' from command line to 'False'
[0.269s] [34mcolcon.colcon_core.verb[0m [1;30mLevel 5[0m set package 'rc26_serial' build argument 'cmake_clean_cache' from command line to 'False'
[0.269s] [34mcolcon.colcon_core.verb[0m [1;30mLevel 5[0m set package 'rc26_serial' build argument 'cmake_clean_first' from command line to 'False'
[0.269s] [34mcolcon.colcon_core.verb[0m [1;30mLevel 5[0m set package 'rc26_serial' build argument 'cmake_force_configure' from command line to 'False'
[0.269s] [34mcolcon.colcon_core.verb[0m [1;30mLevel 5[0m set package 'rc26_serial' build argument 'ament_cmake_args' from command line to 'None'
[0.269s] [34mcolcon.colcon_core.verb[0m [1;30mLevel 5[0m set package 'rc26_serial' build argument 'catkin_cmake_args' from command line to 'None'
[0.269s] [34mcolcon.colcon_core.verb[0m [1;30mLevel 5[0m set package 'rc26_serial' build argument 'catkin_skip_building_tests' from command line to 'False'
[0.269s] [34mcolcon.colcon_core.verb[0m [1;30mDEBUG[0m [32mBuilding package 'rc26_serial' with the following arguments: {'ament_cmake_args': None, 'build_base': '/home/potato/RC_2026/build/rc26_serial', 'catkin_cmake_args': None, 'catkin_skip_building_tests': False, 'cmake_args': None, 'cmake_clean_cache': False, 'cmake_clean_first': False, 'cmake_force_configure': False, 'cmake_target': None, 'cmake_target_skip_unavailable': False, 'install_base': '/home/potato/RC_2026/install/rc26_serial', 'merge_install': False, 'path': '/home/potato/RC_2026/RC_2026_1/rc26_serial', 'symlink_install': False, 'test_result_base': None}[0m
[0.269s] [34mcolcon.colcon_core.verb[0m [1;30mLevel 5[0m set package 'small_gicp' build argument 'cmake_args' from command line to 'None'
[0.269s] [34mcolcon.colcon_core.verb[0m [1;30mLevel 5[0m set package 'small_gicp' build argument 'cmake_target' from command line to 'None'
[0.269s] [34mcolcon.colcon_core.verb[0m [1;30mLevel 5[0m set package 'small_gicp' build argument 'cmake_target_skip_unavailable' from command line to 'False'
[0.269s] [34mcolcon.colcon_core.verb[0m [1;30mLevel 5[0m set package 'small_gicp' build argument 'cmake_clean_cache' from command line to 'False'
[0.269s] [34mcolcon.colcon_core.verb[0m [1;30mLevel 5[0m set package 'small_gicp' build argument 'cmake_clean_first' from command line to 'False'
[0.269s] [34mcolcon.colcon_core.verb[0m [1;30mLevel 5[0m set package 'small_gicp' build argument 'cmake_force_configure' from command line to 'False'
[0.269s] [34mcolcon.colcon_core.verb[0m [1;30mLevel 5[0m set package 'small_gicp' build argument 'ament_cmake_args' from command line to 'None'
[0.269s] [34mcolcon.colcon_core.verb[0m [1;30mLevel 5[0m set package 'small_gicp' build argument 'catkin_cmake_args' from command line to 'None'
[0.269s] [34mcolcon.colcon_core.verb[0m [1;30mLevel 5[0m set package 'small_gicp' build argument 'catkin_skip_building_tests' from command line to 'False'
[0.269s] [34mcolcon.colcon_core.verb[0m [1;30mDEBUG[0m [32mBuilding package 'small_gicp' with the following arguments: {'ament_cmake_args': None, 'build_base': '/home/potato/RC_2026/build/small_gicp', 'catkin_cmake_args': None, 'catkin_skip_building_tests': False, 'cmake_args': None, 'cmake_clean_cache': False, 'cmake_clean_first': False, 'cmake_force_configure': False, 'cmake_target': None, 'cmake_target_skip_unavailable': False, 'install_base': '/home/potato/RC_2026/install/small_gicp', 'merge_install': False, 'path': '/home/potato/RC_2026/RC_2026_1/small_gicp', 'symlink_install': False, 'test_result_base': None}[0m
[0.270s] [34mcolcon.colcon_core.verb[0m [1;30mLevel 5[0m set package 'rc26_decision' build argument 'cmake_args' from command line to 'None'
[0.270s] [34mcolcon.colcon_core.verb[0m [1;30mLevel 5[0m set package 'rc26_decision' build argument 'cmake_target' from command line to 'None'
[0.270s] [34mcolcon.colcon_core.verb[0m [1;30mLevel 5[0m set package 'rc26_decision' build argument 'cmake_target_skip_unavailable' from command line to 'False'
[0.270s] [34mcolcon.colcon_core.verb[0m [1;30mLevel 5[0m set package 'rc26_decision' build argument 'cmake_clean_cache' from command line to 'False'
[0.270s] [34mcolcon.colcon_core.verb[0m [1;30mLevel 5[0m set package 'rc26_decision' build argument 'cmake_clean_first' from command line to 'False'
[0.270s] [34mcolcon.colcon_core.verb[0m [1;30mLevel 5[0m set package 'rc26_decision' build argument 'cmake_force_configure' from command line to 'False'
[0.270s] [34mcolcon.colcon_core.verb[0m [1;30mLevel 5[0m set package 'rc26_decision' build argument 'ament_cmake_args' from command line to 'None'
[0.270s] [34mcolcon.colcon_core.verb[0m [1;30mLevel 5[0m set package 'rc26_decision' build argument 'catkin_cmake_args' from command line to 'None'
[0.270s] [34mcolcon.colcon_core.verb[0m [1;30mLevel 5[0m set package 'rc26_decision' build argument 'catkin_skip_building_tests' from command line to 'False'
[0.270s] [34mcolcon.colcon_core.verb[0m [1;30mDEBUG[0m [32mBuilding package 'rc26_decision' with the following arguments: {'ament_cmake_args': None, 'build_base': '/home/potato/RC_2026/build/rc26_decision', 'catkin_cmake_args': None, 'catkin_skip_building_tests': False, 'cmake_args': None, 'cmake_clean_cache': False, 'cmake_clean_first': False, 'cmake_force_configure': False, 'cmake_target': None, 'cmake_target_skip_unavailable': False, 'install_base': '/home/potato/RC_2026/install/rc26_decision', 'merge_install': False, 'path': '/home/potato/RC_2026/RC_2026_1/rc26_decision', 'symlink_install': False, 'test_result_base': None}[0m
[0.270s] [34mcolcon.colcon_core.verb[0m [1;30mLevel 5[0m set package 'rc26_merge_odom' build argument 'cmake_args' from command line to 'None'
[0.270s] [34mcolcon.colcon_core.verb[0m [1;30mLevel 5[0m set package 'rc26_merge_odom' build argument 'cmake_target' from command line to 'None'
[0.270s] [34mcolcon.colcon_core.verb[0m [1;30mLevel 5[0m set package 'rc26_merge_odom' build argument 'cmake_target_skip_unavailable' from command line to 'False'
[0.270s] [34mcolcon.colcon_core.verb[0m [1;30mLevel 5[0m set package 'rc26_merge_odom' build argument 'cmake_clean_cache' from command line to 'False'
[0.270s] [34mcolcon.colcon_core.verb[0m [1;30mLevel 5[0m set package 'rc26_merge_odom' build argument 'cmake_clean_first' from command line to 'False'
[0.270s] [34mcolcon.colcon_core.verb[0m [1;30mLevel 5[0m set package 'rc26_merge_odom' build argument 'cmake_force_configure' from command line to 'False'
[0.270s] [34mcolcon.colcon_core.verb[0m [1;30mLevel 5[0m set package 'rc26_merge_odom' build argument 'ament_cmake_args' from command line to 'None'
[0.270s] [34mcolcon.colcon_core.verb[0m [1;30mLevel 5[0m set package 'rc26_merge_odom' build argument 'catkin_cmake_args' from command line to 'None'
[0.270s] [34mcolcon.colcon_core.verb[0m [1;30mLevel 5[0m set package 'rc26_merge_odom' build argument 'catkin_skip_building_tests' from command line to 'False'
[0.270s] [34mcolcon.colcon_core.verb[0m [1;30mDEBUG[0m [32mBuilding package 'rc26_merge_odom' with the following arguments: {'ament_cmake_args': None, 'build_base': '/home/potato/RC_2026/build/rc26_merge_odom', 'catkin_cmake_args': None, 'catkin_skip_building_tests': False, 'cmake_args': None, 'cmake_clean_cache': False, 'cmake_clean_first': False, 'cmake_force_configure': False, 'cmake_target': None, 'cmake_target_skip_unavailable': False, 'install_base': '/home/potato/RC_2026/install/rc26_merge_odom', 'merge_install': False, 'path': '/home/potato/RC_2026/RC_2026_1/rc26_merge_odom', 'symlink_install': False, 'test_result_base': None}[0m
[0.270s] [34mcolcon.colcon_core.verb[0m [1;30mLevel 5[0m set package 'rc26_bringup' build argument 'cmake_args' from command line to 'None'
[0.270s] [34mcolcon.colcon_core.verb[0m [1;30mLevel 5[0m set package 'rc26_bringup' build argument 'cmake_target' from command line to 'None'
[0.270s] [34mcolcon.colcon_core.verb[0m [1;30mLevel 5[0m set package 'rc26_bringup' build argument 'cmake_target_skip_unavailable' from command line to 'False'
[0.270s] [34mcolcon.colcon_core.verb[0m [1;30mLevel 5[0m set package 'rc26_bringup' build argument 'cmake_clean_cache' from command line to 'False'
[0.270s] [34mcolcon.colcon_core.verb[0m [1;30mLevel 5[0m set package 'rc26_bringup' build argument 'cmake_clean_first' from command line to 'False'
[0.270s] [34mcolcon.colcon_core.verb[0m [1;30mLevel 5[0m set package 'rc26_bringup' build argument 'cmake_force_configure' from command line to 'False'
[0.270s] [34mcolcon.colcon_core.verb[0m [1;30mLevel 5[0m set package 'rc26_bringup' build argument 'ament_cmake_args' from command line to 'None'
[0.270s] [34mcolcon.colcon_core.verb[0m [1;30mLevel 5[0m set package 'rc26_bringup' build argument 'catkin_cmake_args' from command line to 'None'
[0.270s] [34mcolcon.colcon_core.verb[0m [1;30mLevel 5[0m set package 'rc26_bringup' build argument 'catkin_skip_building_tests' from command line to 'False'
[0.270s] [34mcolcon.colcon_core.verb[0m [1;30mDEBUG[0m [32mBuilding package 'rc26_bringup' with the following arguments: {'ament_cmake_args': None, 'build_base': '/home/potato/RC_2026/build/rc26_bringup', 'catkin_cmake_args': None, 'catkin_skip_building_tests': False, 'cmake_args': None, 'cmake_clean_cache': False, 'cmake_clean_first': False, 'cmake_force_configure': False, 'cmake_target': None, 'cmake_target_skip_unavailable': False, 'install_base': '/home/potato/RC_2026/install/rc26_bringup', 'merge_install': False, 'path': '/home/potato/RC_2026/RC_2026_1/rc26_bringup', 'symlink_install': False, 'test_result_base': None}[0m
[0.270s] [34mcolcon.colcon_core.executor[0m [1;30mINFO[0m Executing jobs using 'parallel' executor
[0.271s] [34mcolcon.colcon_parallel_executor.executor.parallel[0m [1;30mDEBUG[0m [32mrun_until_complete[0m
[0.271s] [34mcolcon.colcon_ros.task.ament_cmake.build[0m [1;30mINFO[0m Building ROS package in '/home/potato/RC_2026/RC_2026_1/rc26_serial' with build type 'ament_cmake'
[0.271s] [34mcolcon.colcon_cmake.task.cmake.build[0m [1;30mINFO[0m Building CMake package in '/home/potato/RC_2026/RC_2026_1/rc26_serial'
[0.273s] [34mcolcon.colcon_core.plugin_system[0m [1;30mINFO[0m Skipping extension 'colcon_core.shell.bat': Not used on non-Windows systems
[0.273s] [34mcolcon.colcon_core.shell[0m [1;30mINFO[0m Skip shell extension 'powershell' for command environment: Not usable outside of PowerShell
[0.273s] [34mcolcon.colcon_core.shell[0m [1;30mDEBUG[0m [32mSkip shell extension 'dsv' for command environment[0m
[0.282s] [34mcolcon.colcon_core.event_handler.log_command[0m [1;30mDEBUG[0m [32mInvoking command in '/home/potato/RC_2026/build/rc26_serial': /usr/bin/cmake --build /home/potato/RC_2026/build/rc26_serial -- -j28 -l28[0m
[0.339s] [34mcolcon.colcon_core.event_handler.log_command[0m [1;30mDEBUG[0m [32mInvoked command in '/home/potato/RC_2026/build/rc26_serial' returned '0': /usr/bin/cmake --build /home/potato/RC_2026/build/rc26_serial -- -j28 -l28[0m
[0.347s] [34mcolcon.colcon_core.event_handler.log_command[0m [1;30mDEBUG[0m [32mInvoking command in '/home/potato/RC_2026/build/rc26_serial': /usr/bin/cmake --install /home/potato/RC_2026/build/rc26_serial[0m
[0.356s] [34mcolcon.colcon_core.environment[0m [1;30mLevel 1[0m create_environment_scripts_only(rc26_serial)
[0.356s] [34mcolcon.colcon_core.event_handler.log_command[0m [1;30mDEBUG[0m [32mInvoked command in '/home/potato/RC_2026/build/rc26_serial' returned '0': /usr/bin/cmake --install /home/potato/RC_2026/build/rc26_serial[0m
[0.358s] [34mcolcon.colcon_core.environment[0m [1;30mLevel 1[0m checking '/home/potato/RC_2026/install/rc26_serial' for CMake module files
[0.358s] [34mcolcon.colcon_core.environment[0m [1;30mLevel 1[0m checking '/home/potato/RC_2026/install/rc26_serial' for CMake config files
[0.358s] [34mcolcon.colcon_core.shell[0m [1;30mLevel 1[0m create_environment_hook('rc26_serial', 'cmake_prefix_path')
[0.359s] [34mcolcon.colcon_core.shell[0m [1;30mINFO[0m Creating environment hook '/home/potato/RC_2026/install/rc26_serial/share/rc26_serial/hook/cmake_prefix_path.ps1'
[0.359s] [34mcolcon.colcon_core.shell[0m [1;30mINFO[0m Creating environment descriptor '/home/potato/RC_2026/install/rc26_serial/share/rc26_serial/hook/cmake_prefix_path.dsv'
[0.359s] [34mcolcon.colcon_core.shell[0m [1;30mINFO[0m Creating environment hook '/home/potato/RC_2026/install/rc26_serial/share/rc26_serial/hook/cmake_prefix_path.sh'
[0.360s] [34mcolcon.colcon_core.environment[0m [1;30mLevel 1[0m checking '/home/potato/RC_2026/install/rc26_serial/lib'
[0.360s] [34mcolcon.colcon_core.shell[0m [1;30mLevel 1[0m create_environment_hook('rc26_serial', 'ld_library_path_lib')
[0.360s] [34mcolcon.colcon_core.shell[0m [1;30mINFO[0m Creating environment hook '/home/potato/RC_2026/install/rc26_serial/share/rc26_serial/hook/ld_library_path_lib.ps1'
[0.360s] [34mcolcon.colcon_core.shell[0m [1;30mINFO[0m Creating environment descriptor '/home/potato/RC_2026/install/rc26_serial/share/rc26_serial/hook/ld_library_path_lib.dsv'
[0.360s] [34mcolcon.colcon_core.shell[0m [1;30mINFO[0m Creating environment hook '/home/potato/RC_2026/install/rc26_serial/share/rc26_serial/hook/ld_library_path_lib.sh'
[0.361s] [34mcolcon.colcon_core.environment[0m [1;30mLevel 1[0m checking '/home/potato/RC_2026/install/rc26_serial/bin'
[0.361s] [34mcolcon.colcon_core.environment[0m [1;30mLevel 1[0m checking '/home/potato/RC_2026/install/rc26_serial/lib/pkgconfig/rc26_serial.pc'
[0.361s] [34mcolcon.colcon_core.environment[0m [1;30mLevel 1[0m checking '/home/potato/RC_2026/install/rc26_serial/lib/python3.10/site-packages'
[0.361s] [34mcolcon.colcon_core.environment[0m [1;30mLevel 1[0m checking '/home/potato/RC_2026/install/rc26_serial/bin'
[0.361s] [34mcolcon.colcon_core.shell[0m [1;30mINFO[0m Creating package script '/home/potato/RC_2026/install/rc26_serial/share/rc26_serial/package.ps1'
[0.362s] [34mcolcon.colcon_core.shell[0m [1;30mINFO[0m Creating package descriptor '/home/potato/RC_2026/install/rc26_serial/share/rc26_serial/package.dsv'
[0.362s] [34mcolcon.colcon_core.shell[0m [1;30mINFO[0m Creating package script '/home/potato/RC_2026/install/rc26_serial/share/rc26_serial/package.sh'
[0.362s] [34mcolcon.colcon_core.shell[0m [1;30mINFO[0m Creating package script '/home/potato/RC_2026/install/rc26_serial/share/rc26_serial/package.bash'
[0.363s] [34mcolcon.colcon_core.shell[0m [1;30mINFO[0m Creating package script '/home/potato/RC_2026/install/rc26_serial/share/rc26_serial/package.zsh'
[0.363s] [34mcolcon.colcon_core.environment[0m [1;30mLevel 1[0m create_file_with_runtime_dependencies(/home/potato/RC_2026/install/rc26_serial/share/colcon-core/packages/rc26_serial)
[0.364s] [34mcolcon.colcon_core.environment[0m [1;30mLevel 1[0m create_environment_scripts_only(rc26_serial)
[0.364s] [34mcolcon.colcon_core.environment[0m [1;30mLevel 1[0m checking '/home/potato/RC_2026/install/rc26_serial' for CMake module files
[0.364s] [34mcolcon.colcon_core.environment[0m [1;30mLevel 1[0m checking '/home/potato/RC_2026/install/rc26_serial' for CMake config files
[0.364s] [34mcolcon.colcon_core.shell[0m [1;30mLevel 1[0m create_environment_hook('rc26_serial', 'cmake_prefix_path')
[0.364s] [34mcolcon.colcon_core.shell[0m [1;30mINFO[0m Creating environment hook '/home/potato/RC_2026/install/rc26_serial/share/rc26_serial/hook/cmake_prefix_path.ps1'
[0.364s] [34mcolcon.colcon_core.shell[0m [1;30mINFO[0m Creating environment descriptor '/home/potato/RC_2026/install/rc26_serial/share/rc26_serial/hook/cmake_prefix_path.dsv'
[0.365s] [34mcolcon.colcon_core.shell[0m [1;30mINFO[0m Creating environment hook '/home/potato/RC_2026/install/rc26_serial/share/rc26_serial/hook/cmake_prefix_path.sh'
[0.365s] [34mcolcon.colcon_core.environment[0m [1;30mLevel 1[0m checking '/home/potato/RC_2026/install/rc26_serial/lib'
[0.365s] [34mcolcon.colcon_core.shell[0m [1;30mLevel 1[0m create_environment_hook('rc26_serial', 'ld_library_path_lib')
[0.365s] [34mcolcon.colcon_core.shell[0m [1;30mINFO[0m Creating environment hook '/home/potato/RC_2026/install/rc26_serial/share/rc26_serial/hook/ld_library_path_lib.ps1'
[0.365s] [34mcolcon.colcon_core.shell[0m [1;30mINFO[0m Creating environment descriptor '/home/potato/RC_2026/install/rc26_serial/share/rc26_serial/hook/ld_library_path_lib.dsv'
[0.365s] [34mcolcon.colcon_core.shell[0m [1;30mINFO[0m Creating environment hook '/home/potato/RC_2026/install/rc26_serial/share/rc26_serial/hook/ld_library_path_lib.sh'
[0.366s] [34mcolcon.colcon_core.environment[0m [1;30mLevel 1[0m checking '/home/potato/RC_2026/install/rc26_serial/bin'
[0.366s] [34mcolcon.colcon_core.environment[0m [1;30mLevel 1[0m checking '/home/potato/RC_2026/install/rc26_serial/lib/pkgconfig/rc26_serial.pc'
[0.366s] [34mcolcon.colcon_core.environment[0m [1;30mLevel 1[0m checking '/home/potato/RC_2026/install/rc26_serial/lib/python3.10/site-packages'
[0.366s] [34mcolcon.colcon_core.environment[0m [1;30mLevel 1[0m checking '/home/potato/RC_2026/install/rc26_serial/bin'
[0.366s] [34mcolcon.colcon_core.shell[0m [1;30mINFO[0m Creating package script '/home/potato/RC_2026/install/rc26_serial/share/rc26_serial/package.ps1'
[0.367s] [34mcolcon.colcon_core.shell[0m [1;30mINFO[0m Creating package descriptor '/home/potato/RC_2026/install/rc26_serial/share/rc26_serial/package.dsv'
[0.367s] [34mcolcon.colcon_core.shell[0m [1;30mINFO[0m Creating package script '/home/potato/RC_2026/install/rc26_serial/share/rc26_serial/package.sh'
[0.367s] [34mcolcon.colcon_core.shell[0m [1;30mINFO[0m Creating package script '/home/potato/RC_2026/install/rc26_serial/share/rc26_serial/package.bash'
[0.367s] [34mcolcon.colcon_core.shell[0m [1;30mINFO[0m Creating package script '/home/potato/RC_2026/install/rc26_serial/share/rc26_serial/package.zsh'
[0.367s] [34mcolcon.colcon_core.environment[0m [1;30mLevel 1[0m create_file_with_runtime_dependencies(/home/potato/RC_2026/install/rc26_serial/share/colcon-core/packages/rc26_serial)
[0.368s] [34mcolcon.colcon_ros.task.ament_cmake.build[0m [1;30mINFO[0m Building ROS package in '/home/potato/RC_2026/RC_2026_1/mid360_driver' with build type 'ament_cmake'
[0.368s] [34mcolcon.colcon_cmake.task.cmake.build[0m [1;30mINFO[0m Building CMake package in '/home/potato/RC_2026/RC_2026_1/mid360_driver'
[0.368s] [34mcolcon.colcon_core.shell[0m [1;30mINFO[0m Skip shell extension 'powershell' for command environment: Not usable outside of PowerShell
[0.368s] [34mcolcon.colcon_core.shell[0m [1;30mDEBUG[0m [32mSkip shell extension 'dsv' for command environment[0m
[0.375s] [34mcolcon.colcon_core.event_handler.log_command[0m [1;30mDEBUG[0m [32mInvoking command in '/home/potato/RC_2026/build/mid360_driver': /usr/bin/cmake --build /home/potato/RC_2026/build/mid360_driver -- -j28 -l28[0m
[0.434s] [34mcolcon.colcon_core.event_handler.log_command[0m [1;30mDEBUG[0m [32mInvoked command in '/home/potato/RC_2026/build/mid360_driver' returned '0': /usr/bin/cmake --build /home/potato/RC_2026/build/mid360_driver -- -j28 -l28[0m
[0.436s] [34mcolcon.colcon_core.event_handler.log_command[0m [1;30mDEBUG[0m [32mInvoking command in '/home/potato/RC_2026/build/mid360_driver': /usr/bin/cmake --install /home/potato/RC_2026/build/mid360_driver[0m
[0.446s] [34mcolcon.colcon_core.environment[0m [1;30mLevel 1[0m create_environment_scripts_only(mid360_driver)
[0.446s] [34mcolcon.colcon_core.environment[0m [1;30mLevel 1[0m checking '/home/potato/RC_2026/install/mid360_driver' for CMake module files
[0.446s] [34mcolcon.colcon_core.event_handler.log_command[0m [1;30mDEBUG[0m [32mInvoked command in '/home/potato/RC_2026/build/mid360_driver' returned '0': /usr/bin/cmake --install /home/potato/RC_2026/build/mid360_driver[0m
[0.447s] [34mcolcon.colcon_core.environment[0m [1;30mLevel 1[0m checking '/home/potato/RC_2026/install/mid360_driver' for CMake config files
[0.447s] [34mcolcon.colcon_core.shell[0m [1;30mLevel 1[0m create_environment_hook('mid360_driver', 'cmake_prefix_path')
[0.447s] [34mcolcon.colcon_core.shell[0m [1;30mINFO[0m Creating environment hook '/home/potato/RC_2026/install/mid360_driver/share/mid360_driver/hook/cmake_prefix_path.ps1'
[0.448s] [34mcolcon.colcon_core.shell[0m [1;30mINFO[0m Creating environment descriptor '/home/potato/RC_2026/install/mid360_driver/share/mid360_driver/hook/cmake_prefix_path.dsv'
[0.448s] [34mcolcon.colcon_core.shell[0m [1;30mINFO[0m Creating environment hook '/home/potato/RC_2026/install/mid360_driver/share/mid360_driver/hook/cmake_prefix_path.sh'
[0.449s] [34mcolcon.colcon_core.environment[0m [1;30mLevel 1[0m checking '/home/potato/RC_2026/install/mid360_driver/lib'
[0.449s] [34mcolcon.colcon_core.shell[0m [1;30mLevel 1[0m create_environment_hook('mid360_driver', 'ld_library_path_lib')
[0.449s] [34mcolcon.colcon_core.shell[0m [1;30mINFO[0m Creating environment hook '/home/potato/RC_2026/install/mid360_driver/share/mid360_driver/hook/ld_library_path_lib.ps1'
[0.449s] [34mcolcon.colcon_core.shell[0m [1;30mINFO[0m Creating environment descriptor '/home/potato/RC_2026/install/mid360_driver/share/mid360_driver/hook/ld_library_path_lib.dsv'
[0.449s] [34mcolcon.colcon_core.shell[0m [1;30mINFO[0m Creating environment hook '/home/potato/RC_2026/install/mid360_driver/share/mid360_driver/hook/ld_library_path_lib.sh'
[0.450s] [34mcolcon.colcon_core.environment[0m [1;30mLevel 1[0m checking '/home/potato/RC_2026/install/mid360_driver/bin'
[0.450s] [34mcolcon.colcon_core.environment[0m [1;30mLevel 1[0m checking '/home/potato/RC_2026/install/mid360_driver/lib/pkgconfig/mid360_driver.pc'
[0.450s] [34mcolcon.colcon_core.environment[0m [1;30mLevel 1[0m checking '/home/potato/RC_2026/install/mid360_driver/lib/python3.10/site-packages'
[0.450s] [34mcolcon.colcon_core.environment[0m [1;30mLevel 1[0m checking '/home/potato/RC_2026/install/mid360_driver/bin'
[0.450s] [34mcolcon.colcon_core.shell[0m [1;30mINFO[0m Creating package script '/home/potato/RC_2026/install/mid360_driver/share/mid360_driver/package.ps1'
[0.451s] [34mcolcon.colcon_core.shell[0m [1;30mINFO[0m Creating package descriptor '/home/potato/RC_2026/install/mid360_driver/share/mid360_driver/package.dsv'
[0.451s] [34mcolcon.colcon_core.shell[0m [1;30mINFO[0m Creating package script '/home/potato/RC_2026/install/mid360_driver/share/mid360_driver/package.sh'
[0.451s] [34mcolcon.colcon_core.shell[0m [1;30mINFO[0m Creating package script '/home/potato/RC_2026/install/mid360_driver/share/mid360_driver/package.bash'
[0.451s] [34mcolcon.colcon_core.shell[0m [1;30mINFO[0m Creating package script '/home/potato/RC_2026/install/mid360_driver/share/mid360_driver/package.zsh'
[0.452s] [34mcolcon.colcon_core.environment[0m [1;30mLevel 1[0m create_file_with_runtime_dependencies(/home/potato/RC_2026/install/mid360_driver/share/colcon-core/packages/mid360_driver)
[0.452s] [34mcolcon.colcon_core.environment[0m [1;30mLevel 1[0m create_environment_scripts_only(mid360_driver)
[0.452s] [34mcolcon.colcon_core.environment[0m [1;30mLevel 1[0m checking '/home/potato/RC_2026/install/mid360_driver' for CMake module files
[0.453s] [34mcolcon.colcon_core.environment[0m [1;30mLevel 1[0m checking '/home/potato/RC_2026/install/mid360_driver' for CMake config files
[0.453s] [34mcolcon.colcon_core.shell[0m [1;30mLevel 1[0m create_environment_hook('mid360_driver', 'cmake_prefix_path')
[0.453s] [34mcolcon.colcon_core.shell[0m [1;30mINFO[0m Creating environment hook '/home/potato/RC_2026/install/mid360_driver/share/mid360_driver/hook/cmake_prefix_path.ps1'
[0.453s] [34mcolcon.colcon_core.shell[0m [1;30mINFO[0m Creating environment descriptor '/home/potato/RC_2026/install/mid360_driver/share/mid360_driver/hook/cmake_prefix_path.dsv'
[0.454s] [34mcolcon.colcon_core.shell[0m [1;30mINFO[0m Creating environment hook '/home/potato/RC_2026/install/mid360_driver/share/mid360_driver/hook/cmake_prefix_path.sh'
[0.454s] [34mcolcon.colcon_core.environment[0m [1;30mLevel 1[0m checking '/home/potato/RC_2026/install/mid360_driver/lib'
[0.454s] [34mcolcon.colcon_core.shell[0m [1;30mLevel 1[0m create_environment_hook('mid360_driver', 'ld_library_path_lib')
[0.454s] [34mcolcon.colcon_core.shell[0m [1;30mINFO[0m Creating environment hook '/home/potato/RC_2026/install/mid360_driver/share/mid360_driver/hook/ld_library_path_lib.ps1'
[0.455s] [34mcolcon.colcon_core.shell[0m [1;30mINFO[0m Creating environment descriptor '/home/potato/RC_2026/install/mid360_driver/share/mid360_driver/hook/ld_library_path_lib.dsv'
[0.455s] [34mcolcon.colcon_core.shell[0m [1;30mINFO[0m Creating environment hook '/home/potato/RC_2026/install/mid360_driver/share/mid360_driver/hook/ld_library_path_lib.sh'
[0.455s] [34mcolcon.colcon_core.environment[0m [1;30mLevel 1[0m checking '/home/potato/RC_2026/install/mid360_driver/bin'
[0.455s] [34mcolcon.colcon_core.environment[0m [1;30mLevel 1[0m checking '/home/potato/RC_2026/install/mid360_driver/lib/pkgconfig/mid360_driver.pc'
[0.455s] [34mcolcon.colcon_core.environment[0m [1;30mLevel 1[0m checking '/home/potato/RC_2026/install/mid360_driver/lib/python3.10/site-packages'
[0.456s] [34mcolcon.colcon_core.environment[0m [1;30mLevel 1[0m checking '/home/potato/RC_2026/install/mid360_driver/bin'
[0.456s] [34mcolcon.colcon_core.shell[0m [1;30mINFO[0m Creating package script '/home/potato/RC_2026/install/mid360_driver/share/mid360_driver/package.ps1'
[0.456s] [34mcolcon.colcon_core.shell[0m [1;30mINFO[0m Creating package descriptor '/home/potato/RC_2026/install/mid360_driver/share/mid360_driver/package.dsv'
[0.457s] [34mcolcon.colcon_core.shell[0m [1;30mINFO[0m Creating package script '/home/potato/RC_2026/install/mid360_driver/share/mid360_driver/package.sh'
[0.457s] [34mcolcon.colcon_core.shell[0m [1;30mINFO[0m Creating package script '/home/potato/RC_2026/install/mid360_driver/share/mid360_driver/package.bash'
[0.457s] [34mcolcon.colcon_core.shell[0m [1;30mINFO[0m Creating package script '/home/potato/RC_2026/install/mid360_driver/share/mid360_driver/package.zsh'
[0.458s] [34mcolcon.colcon_core.environment[0m [1;30mLevel 1[0m create_file_with_runtime_dependencies(/home/potato/RC_2026/install/mid360_driver/share/colcon-core/packages/mid360_driver)
[0.458s] [34mcolcon.colcon_ros.task.ament_cmake.build[0m [1;30mINFO[0m Building ROS package in '/home/potato/RC_2026/RC_2026_1/point_lio' with build type 'ament_cmake'
[0.458s] [34mcolcon.colcon_cmake.task.cmake.build[0m [1;30mINFO[0m Building CMake package in '/home/potato/RC_2026/RC_2026_1/point_lio'
[0.458s] [34mcolcon.colcon_core.shell[0m [1;30mINFO[0m Skip shell extension 'powershell' for command environment: Not usable outside of PowerShell
[0.458s] [34mcolcon.colcon_core.shell[0m [1;30mDEBUG[0m [32mSkip shell extension 'dsv' for command environment[0m
[0.467s] [34mcolcon.colcon_core.event_handler.log_command[0m [1;30mDEBUG[0m [32mInvoking command in '/home/potato/RC_2026/build/point_lio': /usr/bin/cmake --build /home/potato/RC_2026/build/point_lio -- -j28 -l28[0m
[0.589s] [34mcolcon.colcon_core.event_handler.log_command[0m [1;30mDEBUG[0m [32mInvoked command in '/home/potato/RC_2026/build/point_lio' returned '0': /usr/bin/cmake --build /home/potato/RC_2026/build/point_lio -- -j28 -l28[0m
[0.592s] [34mcolcon.colcon_core.event_handler.log_command[0m [1;30mDEBUG[0m [32mInvoking command in '/home/potato/RC_2026/build/point_lio': /usr/bin/cmake --install /home/potato/RC_2026/build/point_lio[0m
[0.605s] [34mcolcon.colcon_core.environment[0m [1;30mLevel 1[0m create_environment_scripts_only(point_lio)
[0.605s] [34mcolcon.colcon_core.environment[0m [1;30mLevel 1[0m checking '/home/potato/RC_2026/install/point_lio' for CMake module files
[0.606s] [34mcolcon.colcon_core.event_handler.log_command[0m [1;30mDEBUG[0m [32mInvoked command in '/home/potato/RC_2026/build/point_lio' returned '0': /usr/bin/cmake --install /home/potato/RC_2026/build/point_lio[0m
[0.606s] [34mcolcon.colcon_core.environment[0m [1;30mLevel 1[0m checking '/home/potato/RC_2026/install/point_lio' for CMake config files
[0.606s] [34mcolcon.colcon_core.shell[0m [1;30mLevel 1[0m create_environment_hook('point_lio', 'cmake_prefix_path')
[0.606s] [34mcolcon.colcon_core.shell[0m [1;30mINFO[0m Creating environment hook '/home/potato/RC_2026/install/point_lio/share/point_lio/hook/cmake_prefix_path.ps1'
[0.607s] [34mcolcon.colcon_core.shell[0m [1;30mINFO[0m Creating environment descriptor '/home/potato/RC_2026/install/point_lio/share/point_lio/hook/cmake_prefix_path.dsv'
[0.607s] [34mcolcon.colcon_core.shell[0m [1;30mINFO[0m Creating environment hook '/home/potato/RC_2026/install/point_lio/share/point_lio/hook/cmake_prefix_path.sh'
[0.608s] [34mcolcon.colcon_core.environment[0m [1;30mLevel 1[0m checking '/home/potato/RC_2026/install/point_lio/lib'
[0.608s] [34mcolcon.colcon_core.environment[0m [1;30mLevel 1[0m checking '/home/potato/RC_2026/install/point_lio/bin'
[0.608s] [34mcolcon.colcon_core.environment[0m [1;30mLevel 1[0m checking '/home/potato/RC_2026/install/point_lio/lib/pkgconfig/point_lio.pc'
[0.608s] [34mcolcon.colcon_core.environment[0m [1;30mLevel 1[0m checking '/home/potato/RC_2026/install/point_lio/lib/python3.10/site-packages'
[0.608s] [34mcolcon.colcon_core.environment[0m [1;30mLevel 1[0m checking '/home/potato/RC_2026/install/point_lio/bin'
[0.609s] [34mcolcon.colcon_core.shell[0m [1;30mINFO[0m Creating package script '/home/potato/RC_2026/install/point_lio/share/point_lio/package.ps1'
[0.609s] [34mcolcon.colcon_core.shell[0m [1;30mINFO[0m Creating package descriptor '/home/potato/RC_2026/install/point_lio/share/point_lio/package.dsv'
[0.609s] [34mcolcon.colcon_core.shell[0m [1;30mINFO[0m Creating package script '/home/potato/RC_2026/install/point_lio/share/point_lio/package.sh'
[0.610s] [34mcolcon.colcon_core.shell[0m [1;30mINFO[0m Creating package script '/home/potato/RC_2026/install/point_lio/share/point_lio/package.bash'
[0.610s] [34mcolcon.colcon_core.shell[0m [1;30mINFO[0m Creating package script '/home/potato/RC_2026/install/point_lio/share/point_lio/package.zsh'
[0.610s] [34mcolcon.colcon_core.environment[0m [1;30mLevel 1[0m create_file_with_runtime_dependencies(/home/potato/RC_2026/install/point_lio/share/colcon-core/packages/point_lio)
[0.610s] [34mcolcon.colcon_core.environment[0m [1;30mLevel 1[0m create_environment_scripts_only(point_lio)
[0.611s] [34mcolcon.colcon_core.environment[0m [1;30mLevel 1[0m checking '/home/potato/RC_2026/install/point_lio' for CMake module files
[0.611s] [34mcolcon.colcon_core.environment[0m [1;30mLevel 1[0m checking '/home/potato/RC_2026/install/point_lio' for CMake config files
[0.611s] [34mcolcon.colcon_core.shell[0m [1;30mLevel 1[0m create_environment_hook('point_lio', 'cmake_prefix_path')
[0.611s] [34mcolcon.colcon_core.shell[0m [1;30mINFO[0m Creating environment hook '/home/potato/RC_2026/install/point_lio/share/point_lio/hook/cmake_prefix_path.ps1'
[0.612s] [34mcolcon.colcon_core.shell[0m [1;30mINFO[0m Creating environment descriptor '/home/potato/RC_2026/install/point_lio/share/point_lio/hook/cmake_prefix_path.dsv'
[0.612s] [34mcolcon.colcon_core.shell[0m [1;30mINFO[0m Creating environment hook '/home/potato/RC_2026/install/point_lio/share/point_lio/hook/cmake_prefix_path.sh'
[0.612s] [34mcolcon.colcon_core.environment[0m [1;30mLevel 1[0m checking '/home/potato/RC_2026/install/point_lio/lib'
[0.613s] [34mcolcon.colcon_core.environment[0m [1;30mLevel 1[0m checking '/home/potato/RC_2026/install/point_lio/bin'
[0.613s] [34mcolcon.colcon_core.environment[0m [1;30mLevel 1[0m checking '/home/potato/RC_2026/install/point_lio/lib/pkgconfig/point_lio.pc'
[0.613s] [34mcolcon.colcon_core.environment[0m [1;30mLevel 1[0m checking '/home/potato/RC_2026/install/point_lio/lib/python3.10/site-packages'
[0.613s] [34mcolcon.colcon_core.environment[0m [1;30mLevel 1[0m checking '/home/potato/RC_2026/install/point_lio/bin'
[0.614s] [34mcolcon.colcon_core.shell[0m [1;30mINFO[0m Creating package script '/home/potato/RC_2026/install/point_lio/share/point_lio/package.ps1'
[0.614s] [34mcolcon.colcon_core.shell[0m [1;30mINFO[0m Creating package descriptor '/home/potato/RC_2026/install/point_lio/share/point_lio/package.dsv'
[0.615s] [34mcolcon.colcon_core.shell[0m [1;30mINFO[0m Creating package script '/home/potato/RC_2026/install/point_lio/share/point_lio/package.sh'
[0.615s] [34mcolcon.colcon_core.shell[0m [1;30mINFO[0m Creating package script '/home/potato/RC_2026/install/point_lio/share/point_lio/package.bash'
[0.616s] [34mcolcon.colcon_core.shell[0m [1;30mINFO[0m Creating package script '/home/potato/RC_2026/install/point_lio/share/point_lio/package.zsh'
[0.616s] [34mcolcon.colcon_core.environment[0m [1;30mLevel 1[0m create_file_with_runtime_dependencies(/home/potato/RC_2026/install/point_lio/share/colcon-core/packages/point_lio)
[0.616s] [34mcolcon.colcon_ros.task.ament_cmake.build[0m [1;30mINFO[0m Building ROS package in '/home/potato/RC_2026/RC_2026_1/rc26_localization' with build type 'ament_cmake'
[0.617s] [34mcolcon.colcon_cmake.task.cmake.build[0m [1;30mINFO[0m Building CMake package in '/home/potato/RC_2026/RC_2026_1/rc26_localization'
[0.617s] [34mcolcon.colcon_core.shell[0m [1;30mINFO[0m Skip shell extension 'powershell' for command environment: Not usable outside of PowerShell
[0.617s] [34mcolcon.colcon_core.shell[0m [1;30mDEBUG[0m [32mSkip shell extension 'dsv' for command environment[0m
[0.631s] [34mcolcon.colcon_core.event_handler.log_command[0m [1;30mDEBUG[0m [32mInvoking command in '/home/potato/RC_2026/build/rc26_localization': /usr/bin/cmake --build /home/potato/RC_2026/build/rc26_localization -- -j28 -l28[0m
[0.737s] [34mcolcon.colcon_core.event_handler.log_command[0m [1;30mDEBUG[0m [32mInvoked command in '/home/potato/RC_2026/build/rc26_localization' returned '0': /usr/bin/cmake --build /home/potato/RC_2026/build/rc26_localization -- -j28 -l28[0m
[0.741s] [34mcolcon.colcon_core.event_handler.log_command[0m [1;30mDEBUG[0m [32mInvoking command in '/home/potato/RC_2026/build/rc26_localization': /usr/bin/cmake --install /home/potato/RC_2026/build/rc26_localization[0m
[0.757s] [34mcolcon.colcon_core.environment[0m [1;30mLevel 1[0m create_environment_scripts_only(rc26_localization)
[0.758s] [34mcolcon.colcon_core.event_handler.log_command[0m [1;30mDEBUG[0m [32mInvoked command in '/home/potato/RC_2026/build/rc26_localization' returned '0': /usr/bin/cmake --install /home/potato/RC_2026/build/rc26_localization[0m
[0.758s] [34mcolcon.colcon_core.environment[0m [1;30mLevel 1[0m checking '/home/potato/RC_2026/install/rc26_localization' for CMake module files
[0.758s] [34mcolcon.colcon_core.environment[0m [1;30mLevel 1[0m checking '/home/potato/RC_2026/install/rc26_localization' for CMake config files
[0.758s] [34mcolcon.colcon_core.shell[0m [1;30mLevel 1[0m create_environment_hook('rc26_localization', 'cmake_prefix_path')
[0.759s] [34mcolcon.colcon_core.shell[0m [1;30mINFO[0m Creating environment hook '/home/potato/RC_2026/install/rc26_localization/share/rc26_localization/hook/cmake_prefix_path.ps1'
[0.759s] [34mcolcon.colcon_core.shell[0m [1;30mINFO[0m Creating environment descriptor '/home/potato/RC_2026/install/rc26_localization/share/rc26_localization/hook/cmake_prefix_path.dsv'
[0.759s] [34mcolcon.colcon_core.shell[0m [1;30mINFO[0m Creating environment hook '/home/potato/RC_2026/install/rc26_localization/share/rc26_localization/hook/cmake_prefix_path.sh'
[0.760s] [34mcolcon.colcon_core.environment[0m [1;30mLevel 1[0m checking '/home/potato/RC_2026/install/rc26_localization/lib'
[0.760s] [34mcolcon.colcon_core.shell[0m [1;30mLevel 1[0m create_environment_hook('rc26_localization', 'ld_library_path_lib')
[0.760s] [34mcolcon.colcon_core.shell[0m [1;30mINFO[0m Creating environment hook '/home/potato/RC_2026/install/rc26_localization/share/rc26_localization/hook/ld_library_path_lib.ps1'
[0.760s] [34mcolcon.colcon_core.shell[0m [1;30mINFO[0m Creating environment descriptor '/home/potato/RC_2026/install/rc26_localization/share/rc26_localization/hook/ld_library_path_lib.dsv'
[0.761s] [34mcolcon.colcon_core.shell[0m [1;30mINFO[0m Creating environment hook '/home/potato/RC_2026/install/rc26_localization/share/rc26_localization/hook/ld_library_path_lib.sh'
[0.761s] [34mcolcon.colcon_core.environment[0m [1;30mLevel 1[0m checking '/home/potato/RC_2026/install/rc26_localization/bin'
[0.761s] [34mcolcon.colcon_core.environment[0m [1;30mLevel 1[0m checking '/home/potato/RC_2026/install/rc26_localization/lib/pkgconfig/rc26_localization.pc'
[0.761s] [34mcolcon.colcon_core.environment[0m [1;30mLevel 1[0m checking '/home/potato/RC_2026/install/rc26_localization/lib/python3.10/site-packages'
[0.761s] [34mcolcon.colcon_core.environment[0m [1;30mLevel 1[0m checking '/home/potato/RC_2026/install/rc26_localization/bin'
[0.762s] [34mcolcon.colcon_core.shell[0m [1;30mINFO[0m Creating package script '/home/potato/RC_2026/install/rc26_localization/share/rc26_localization/package.ps1'
[0.762s] [34mcolcon.colcon_core.shell[0m [1;30mINFO[0m Creating package descriptor '/home/potato/RC_2026/install/rc26_localization/share/rc26_localization/package.dsv'
[0.762s] [34mcolcon.colcon_core.shell[0m [1;30mINFO[0m Creating package script '/home/potato/RC_2026/install/rc26_localization/share/rc26_localization/package.sh'
[0.762s] [34mcolcon.colcon_core.shell[0m [1;30mINFO[0m Creating package script '/home/potato/RC_2026/install/rc26_localization/share/rc26_localization/package.bash'
[0.763s] [34mcolcon.colcon_core.shell[0m [1;30mINFO[0m Creating package script '/home/potato/RC_2026/install/rc26_localization/share/rc26_localization/package.zsh'
[0.763s] [34mcolcon.colcon_core.environment[0m [1;30mLevel 1[0m create_file_with_runtime_dependencies(/home/potato/RC_2026/install/rc26_localization/share/colcon-core/packages/rc26_localization)
[0.763s] [34mcolcon.colcon_core.environment[0m [1;30mLevel 1[0m create_environment_scripts_only(rc26_localization)
[0.763s] [34mcolcon.colcon_core.environment[0m [1;30mLevel 1[0m checking '/home/potato/RC_2026/install/rc26_localization' for CMake module files
[0.763s] [34mcolcon.colcon_core.environment[0m [1;30mLevel 1[0m checking '/home/potato/RC_2026/install/rc26_localization' for CMake config files
[0.764s] [34mcolcon.colcon_core.shell[0m [1;30mLevel 1[0m create_environment_hook('rc26_localization', 'cmake_prefix_path')
[0.764s] [34mcolcon.colcon_core.shell[0m [1;30mINFO[0m Creating environment hook '/home/potato/RC_2026/install/rc26_localization/share/rc26_localization/hook/cmake_prefix_path.ps1'
[0.764s] [34mcolcon.colcon_core.shell[0m [1;30mINFO[0m Creating environment descriptor '/home/potato/RC_2026/install/rc26_localization/share/rc26_localization/hook/cmake_prefix_path.dsv'
[0.764s] [34mcolcon.colcon_core.shell[0m [1;30mINFO[0m Creating environment hook '/home/potato/RC_2026/install/rc26_localization/share/rc26_localization/hook/cmake_prefix_path.sh'
[0.764s] [34mcolcon.colcon_core.environment[0m [1;30mLevel 1[0m checking '/home/potato/RC_2026/install/rc26_localization/lib'
[0.764s] [34mcolcon.colcon_core.shell[0m [1;30mLevel 1[0m create_environment_hook('rc26_localization', 'ld_library_path_lib')
[0.765s] [34mcolcon.colcon_core.shell[0m [1;30mINFO[0m Creating environment hook '/home/potato/RC_2026/install/rc26_localization/share/rc26_localization/hook/ld_library_path_lib.ps1'
[0.765s] [34mcolcon.colcon_core.shell[0m [1;30mINFO[0m Creating environment descriptor '/home/potato/RC_2026/install/rc26_localization/share/rc26_localization/hook/ld_library_path_lib.dsv'
[0.765s] [34mcolcon.colcon_core.shell[0m [1;30mINFO[0m Creating environment hook '/home/potato/RC_2026/install/rc26_localization/share/rc26_localization/hook/ld_library_path_lib.sh'
[0.765s] [34mcolcon.colcon_core.environment[0m [1;30mLevel 1[0m checking '/home/potato/RC_2026/install/rc26_localization/bin'
[0.765s] [34mcolcon.colcon_core.environment[0m [1;30mLevel 1[0m checking '/home/potato/RC_2026/install/rc26_localization/lib/pkgconfig/rc26_localization.pc'
[0.765s] [34mcolcon.colcon_core.environment[0m [1;30mLevel 1[0m checking '/home/potato/RC_2026/install/rc26_localization/lib/python3.10/site-packages'
[0.765s] [34mcolcon.colcon_core.environment[0m [1;30mLevel 1[0m checking '/home/potato/RC_2026/install/rc26_localization/bin'
[0.766s] [34mcolcon.colcon_core.shell[0m [1;30mINFO[0m Creating package script '/home/potato/RC_2026/install/rc26_localization/share/rc26_localization/package.ps1'
[0.766s] [34mcolcon.colcon_core.shell[0m [1;30mINFO[0m Creating package descriptor '/home/potato/RC_2026/install/rc26_localization/share/rc26_localization/package.dsv'
[0.766s] [34mcolcon.colcon_core.shell[0m [1;30mINFO[0m Creating package script '/home/potato/RC_2026/install/rc26_localization/share/rc26_localization/package.sh'
[0.767s] [34mcolcon.colcon_core.shell[0m [1;30mINFO[0m Creating package script '/home/potato/RC_2026/install/rc26_localization/share/rc26_localization/package.bash'
[0.767s] [34mcolcon.colcon_core.shell[0m [1;30mINFO[0m Creating package script '/home/potato/RC_2026/install/rc26_localization/share/rc26_localization/package.zsh'
[0.767s] [34mcolcon.colcon_core.environment[0m [1;30mLevel 1[0m create_file_with_runtime_dependencies(/home/potato/RC_2026/install/rc26_localization/share/colcon-core/packages/rc26_localization)
[0.767s] [34mcolcon.colcon_ros.task.ament_cmake.build[0m [1;30mINFO[0m Building ROS package in '/home/potato/RC_2026/RC_2026_1/rc26_odom_interface' with build type 'ament_cmake'
[0.767s] [34mcolcon.colcon_cmake.task.cmake.build[0m [1;30mINFO[0m Building CMake package in '/home/potato/RC_2026/RC_2026_1/rc26_odom_interface'
[0.767s] [34mcolcon.colcon_core.shell[0m [1;30mINFO[0m Skip shell extension 'powershell' for command environment: Not usable outside of PowerShell
[0.767s] [34mcolcon.colcon_core.shell[0m [1;30mDEBUG[0m [32mSkip shell extension 'dsv' for command environment[0m
[0.774s] [34mcolcon.colcon_core.event_handler.log_command[0m [1;30mDEBUG[0m [32mInvoking command in '/home/potato/RC_2026/build/rc26_odom_interface': /usr/bin/cmake --build /home/potato/RC_2026/build/rc26_odom_interface -- -j28 -l28[0m
[0.840s] [34mcolcon.colcon_core.event_handler.log_command[0m [1;30mDEBUG[0m [32mInvoked command in '/home/potato/RC_2026/build/rc26_odom_interface' returned '0': /usr/bin/cmake --build /home/potato/RC_2026/build/rc26_odom_interface -- -j28 -l28[0m
[0.842s] [34mcolcon.colcon_core.event_handler.log_command[0m [1;30mDEBUG[0m [32mInvoking command in '/home/potato/RC_2026/build/rc26_odom_interface': /usr/bin/cmake --install /home/potato/RC_2026/build/rc26_odom_interface[0m
[0.849s] [34mcolcon.colcon_core.environment[0m [1;30mLevel 1[0m create_environment_scripts_only(rc26_odom_interface)
[0.850s] [34mcolcon.colcon_core.environment[0m [1;30mLevel 1[0m checking '/home/potato/RC_2026/install/rc26_odom_interface' for CMake module files
[0.850s] [34mcolcon.colcon_core.event_handler.log_command[0m [1;30mDEBUG[0m [32mInvoked command in '/home/potato/RC_2026/build/rc26_odom_interface' returned '0': /usr/bin/cmake --install /home/potato/RC_2026/build/rc26_odom_interface[0m
[0.851s] [34mcolcon.colcon_core.environment[0m [1;30mLevel 1[0m checking '/home/potato/RC_2026/install/rc26_odom_interface' for CMake config files
[0.851s] [34mcolcon.colcon_core.shell[0m [1;30mLevel 1[0m create_environment_hook('rc26_odom_interface', 'cmake_prefix_path')
[0.851s] [34mcolcon.colcon_core.shell[0m [1;30mINFO[0m Creating environment hook '/home/potato/RC_2026/install/rc26_odom_interface/share/rc26_odom_interface/hook/cmake_prefix_path.ps1'
[0.852s] [34mcolcon.colcon_core.shell[0m [1;30mINFO[0m Creating environment descriptor '/home/potato/RC_2026/install/rc26_odom_interface/share/rc26_odom_interface/hook/cmake_prefix_path.dsv'
[0.852s] [34mcolcon.colcon_core.shell[0m [1;30mINFO[0m Creating environment hook '/home/potato/RC_2026/install/rc26_odom_interface/share/rc26_odom_interface/hook/cmake_prefix_path.sh'
[0.852s] [34mcolcon.colcon_core.environment[0m [1;30mLevel 1[0m checking '/home/potato/RC_2026/install/rc26_odom_interface/lib'
[0.853s] [34mcolcon.colcon_core.shell[0m [1;30mLevel 1[0m create_environment_hook('rc26_odom_interface', 'ld_library_path_lib')
[0.853s] [34mcolcon.colcon_core.shell[0m [1;30mINFO[0m Creating environment hook '/home/potato/RC_2026/install/rc26_odom_interface/share/rc26_odom_interface/hook/ld_library_path_lib.ps1'
[0.853s] [34mcolcon.colcon_core.shell[0m [1;30mINFO[0m Creating environment descriptor '/home/potato/RC_2026/install/rc26_odom_interface/share/rc26_odom_interface/hook/ld_library_path_lib.dsv'
[0.853s] [34mcolcon.colcon_core.shell[0m [1;30mINFO[0m Creating environment hook '/home/potato/RC_2026/install/rc26_odom_interface/share/rc26_odom_interface/hook/ld_library_path_lib.sh'
[0.854s] [34mcolcon.colcon_core.environment[0m [1;30mLevel 1[0m checking '/home/potato/RC_2026/install/rc26_odom_interface/bin'
[0.854s] [34mcolcon.colcon_core.environment[0m [1;30mLevel 1[0m checking '/home/potato/RC_2026/install/rc26_odom_interface/lib/pkgconfig/rc26_odom_interface.pc'
[0.854s] [34mcolcon.colcon_core.environment[0m [1;30mLevel 1[0m checking '/home/potato/RC_2026/install/rc26_odom_interface/lib/python3.10/site-packages'
[0.854s] [34mcolcon.colcon_core.environment[0m [1;30mLevel 1[0m checking '/home/potato/RC_2026/install/rc26_odom_interface/bin'
[0.854s] [34mcolcon.colcon_core.shell[0m [1;30mINFO[0m Creating package script '/home/potato/RC_2026/install/rc26_odom_interface/share/rc26_odom_interface/package.ps1'
[0.855s] [34mcolcon.colcon_core.shell[0m [1;30mINFO[0m Creating package descriptor '/home/potato/RC_2026/install/rc26_odom_interface/share/rc26_odom_interface/package.dsv'
[0.855s] [34mcolcon.colcon_core.shell[0m [1;30mINFO[0m Creating package script '/home/potato/RC_2026/install/rc26_odom_interface/share/rc26_odom_interface/package.sh'
[0.855s] [34mcolcon.colcon_core.shell[0m [1;30mINFO[0m Creating package script '/home/potato/RC_2026/install/rc26_odom_interface/share/rc26_odom_interface/package.bash'
[0.855s] [34mcolcon.colcon_core.shell[0m [1;30mINFO[0m Creating package script '/home/potato/RC_2026/install/rc26_odom_interface/share/rc26_odom_interface/package.zsh'
[0.855s] [34mcolcon.colcon_core.environment[0m [1;30mLevel 1[0m create_file_with_runtime_dependencies(/home/potato/RC_2026/install/rc26_odom_interface/share/colcon-core/packages/rc26_odom_interface)
[0.856s] [34mcolcon.colcon_core.environment[0m [1;30mLevel 1[0m create_environment_scripts_only(rc26_odom_interface)
[0.856s] [34mcolcon.colcon_core.environment[0m [1;30mLevel 1[0m checking '/home/potato/RC_2026/install/rc26_odom_interface' for CMake module files
[0.856s] [34mcolcon.colcon_core.environment[0m [1;30mLevel 1[0m checking '/home/potato/RC_2026/install/rc26_odom_interface' for CMake config files
[0.856s] [34mcolcon.colcon_core.shell[0m [1;30mLevel 1[0m create_environment_hook('rc26_odom_interface', 'cmake_prefix_path')
[0.856s] [34mcolcon.colcon_core.shell[0m [1;30mINFO[0m Creating environment hook '/home/potato/RC_2026/install/rc26_odom_interface/share/rc26_odom_interface/hook/cmake_prefix_path.ps1'
[0.856s] [34mcolcon.colcon_core.shell[0m [1;30mINFO[0m Creating environment descriptor '/home/potato/RC_2026/install/rc26_odom_interface/share/rc26_odom_interface/hook/cmake_prefix_path.dsv'
[0.857s] [34mcolcon.colcon_core.shell[0m [1;30mINFO[0m Creating environment hook '/home/potato/RC_2026/install/rc26_odom_interface/share/rc26_odom_interface/hook/cmake_prefix_path.sh'
[0.857s] [34mcolcon.colcon_core.environment[0m [1;30mLevel 1[0m checking '/home/potato/RC_2026/install/rc26_odom_interface/lib'
[0.857s] [34mcolcon.colcon_core.shell[0m [1;30mLevel 1[0m create_environment_hook('rc26_odom_interface', 'ld_library_path_lib')
[0.857s] [34mcolcon.colcon_core.shell[0m [1;30mINFO[0m Creating environment hook '/home/potato/RC_2026/install/rc26_odom_interface/share/rc26_odom_interface/hook/ld_library_path_lib.ps1'
[0.857s] [34mcolcon.colcon_core.shell[0m [1;30mINFO[0m Creating environment descriptor '/home/potato/RC_2026/install/rc26_odom_interface/share/rc26_odom_interface/hook/ld_library_path_lib.dsv'
[0.857s] [34mcolcon.colcon_core.shell[0m [1;30mINFO[0m Creating environment hook '/home/potato/RC_2026/install/rc26_odom_interface/share/rc26_odom_interface/hook/ld_library_path_lib.sh'
[0.858s] [34mcolcon.colcon_core.environment[0m [1;30mLevel 1[0m checking '/home/potato/RC_2026/install/rc26_odom_interface/bin'
[0.858s] [34mcolcon.colcon_core.environment[0m [1;30mLevel 1[0m checking '/home/potato/RC_2026/install/rc26_odom_interface/lib/pkgconfig/rc26_odom_interface.pc'
[0.858s] [34mcolcon.colcon_core.environment[0m [1;30mLevel 1[0m checking '/home/potato/RC_2026/install/rc26_odom_interface/lib/python3.10/site-packages'
[0.858s] [34mcolcon.colcon_core.environment[0m [1;30mLevel 1[0m checking '/home/potato/RC_2026/install/rc26_odom_interface/bin'
[0.858s] [34mcolcon.colcon_core.shell[0m [1;30mINFO[0m Creating package script '/home/potato/RC_2026/install/rc26_odom_interface/share/rc26_odom_interface/package.ps1'
[0.858s] [34mcolcon.colcon_core.shell[0m [1;30mINFO[0m Creating package descriptor '/home/potato/RC_2026/install/rc26_odom_interface/share/rc26_odom_interface/package.dsv'
[0.859s] [34mcolcon.colcon_core.shell[0m [1;30mINFO[0m Creating package script '/home/potato/RC_2026/install/rc26_odom_interface/share/rc26_odom_interface/package.sh'
[0.859s] [34mcolcon.colcon_core.shell[0m [1;30mINFO[0m Creating package script '/home/potato/RC_2026/install/rc26_odom_interface/share/rc26_odom_interface/package.bash'
[0.859s] [34mcolcon.colcon_core.shell[0m [1;30mINFO[0m Creating package script '/home/potato/RC_2026/install/rc26_odom_interface/share/rc26_odom_interface/package.zsh'
[0.859s] [34mcolcon.colcon_core.environment[0m [1;30mLevel 1[0m create_file_with_runtime_dependencies(/home/potato/RC_2026/install/rc26_odom_interface/share/colcon-core/packages/rc26_odom_interface)
[0.859s] [34mcolcon.colcon_ros.task.ament_cmake.build[0m [1;30mINFO[0m Building ROS package in '/home/potato/RC_2026/RC_2026_1/rc26_omni_controller' with build type 'ament_cmake'
[0.860s] [34mcolcon.colcon_cmake.task.cmake.build[0m [1;30mINFO[0m Building CMake package in '/home/potato/RC_2026/RC_2026_1/rc26_omni_controller'
[0.860s] [34mcolcon.colcon_core.shell[0m [1;30mINFO[0m Skip shell extension 'powershell' for command environment: Not usable outside of PowerShell
[0.860s] [34mcolcon.colcon_core.shell[0m [1;30mDEBUG[0m [32mSkip shell extension 'dsv' for command environment[0m
[0.867s] [34mcolcon.colcon_core.event_handler.log_command[0m [1;30mDEBUG[0m [32mInvoking command in '/home/potato/RC_2026/build/rc26_omni_controller': /usr/bin/cmake --build /home/potato/RC_2026/build/rc26_omni_controller -- -j28 -l28[0m
[0.935s] [34mcolcon.colcon_core.event_handler.log_command[0m [1;30mDEBUG[0m [32mInvoked command in '/home/potato/RC_2026/build/rc26_omni_controller' returned '0': /usr/bin/cmake --build /home/potato/RC_2026/build/rc26_omni_controller -- -j28 -l28[0m
[0.936s] [34mcolcon.colcon_core.event_handler.log_command[0m [1;30mDEBUG[0m [32mInvoking command in '/home/potato/RC_2026/build/rc26_omni_controller': /usr/bin/cmake --install /home/potato/RC_2026/build/rc26_omni_controller[0m
[0.946s] [34mcolcon.colcon_core.environment[0m [1;30mLevel 1[0m create_environment_scripts_only(rc26_omni_controller)
[0.946s] [34mcolcon.colcon_core.environment[0m [1;30mLevel 1[0m checking '/home/potato/RC_2026/install/rc26_omni_controller' for CMake module files
[0.947s] [34mcolcon.colcon_core.event_handler.log_command[0m [1;30mDEBUG[0m [32mInvoked command in '/home/potato/RC_2026/build/rc26_omni_controller' returned '0': /usr/bin/cmake --install /home/potato/RC_2026/build/rc26_omni_controller[0m
[0.947s] [34mcolcon.colcon_core.environment[0m [1;30mLevel 1[0m checking '/home/potato/RC_2026/install/rc26_omni_controller' for CMake config files
[0.947s] [34mcolcon.colcon_core.shell[0m [1;30mLevel 1[0m create_environment_hook('rc26_omni_controller', 'cmake_prefix_path')
[0.947s] [34mcolcon.colcon_core.shell[0m [1;30mINFO[0m Creating environment hook '/home/potato/RC_2026/install/rc26_omni_controller/share/rc26_omni_controller/hook/cmake_prefix_path.ps1'
[0.947s] [34mcolcon.colcon_core.shell[0m [1;30mINFO[0m Creating environment descriptor '/home/potato/RC_2026/install/rc26_omni_controller/share/rc26_omni_controller/hook/cmake_prefix_path.dsv'
[0.948s] [34mcolcon.colcon_core.shell[0m [1;30mINFO[0m Creating environment hook '/home/potato/RC_2026/install/rc26_omni_controller/share/rc26_omni_controller/hook/cmake_prefix_path.sh'
[0.948s] [34mcolcon.colcon_core.environment[0m [1;30mLevel 1[0m checking '/home/potato/RC_2026/install/rc26_omni_controller/lib'
[0.948s] [34mcolcon.colcon_core.shell[0m [1;30mLevel 1[0m create_environment_hook('rc26_omni_controller', 'ld_library_path_lib')
[0.948s] [34mcolcon.colcon_core.shell[0m [1;30mINFO[0m Creating environment hook '/home/potato/RC_2026/install/rc26_omni_controller/share/rc26_omni_controller/hook/ld_library_path_lib.ps1'
[0.948s] [34mcolcon.colcon_core.shell[0m [1;30mINFO[0m Creating environment descriptor '/home/potato/RC_2026/install/rc26_omni_controller/share/rc26_omni_controller/hook/ld_library_path_lib.dsv'
[0.949s] [34mcolcon.colcon_core.shell[0m [1;30mINFO[0m Creating environment hook '/home/potato/RC_2026/install/rc26_omni_controller/share/rc26_omni_controller/hook/ld_library_path_lib.sh'
[0.949s] [34mcolcon.colcon_core.environment[0m [1;30mLevel 1[0m checking '/home/potato/RC_2026/install/rc26_omni_controller/bin'
[0.949s] [34mcolcon.colcon_core.environment[0m [1;30mLevel 1[0m checking '/home/potato/RC_2026/install/rc26_omni_controller/lib/pkgconfig/rc26_omni_controller.pc'
[0.949s] [34mcolcon.colcon_core.environment[0m [1;30mLevel 1[0m checking '/home/potato/RC_2026/install/rc26_omni_controller/lib/python3.10/site-packages'
[0.949s] [34mcolcon.colcon_core.environment[0m [1;30mLevel 1[0m checking '/home/potato/RC_2026/install/rc26_omni_controller/bin'
[0.949s] [34mcolcon.colcon_core.shell[0m [1;30mINFO[0m Creating package script '/home/potato/RC_2026/install/rc26_omni_controller/share/rc26_omni_controller/package.ps1'
[0.950s] [34mcolcon.colcon_core.shell[0m [1;30mINFO[0m Creating package descriptor '/home/potato/RC_2026/install/rc26_omni_controller/share/rc26_omni_controller/package.dsv'
[0.950s] [34mcolcon.colcon_core.shell[0m [1;30mINFO[0m Creating package script '/home/potato/RC_2026/install/rc26_omni_controller/share/rc26_omni_controller/package.sh'
[0.950s] [34mcolcon.colcon_core.shell[0m [1;30mINFO[0m Creating package script '/home/potato/RC_2026/install/rc26_omni_controller/share/rc26_omni_controller/package.bash'
[0.950s] [34mcolcon.colcon_core.shell[0m [1;30mINFO[0m Creating package script '/home/potato/RC_2026/install/rc26_omni_controller/share/rc26_omni_controller/package.zsh'
[0.950s] [34mcolcon.colcon_core.environment[0m [1;30mLevel 1[0m create_file_with_runtime_dependencies(/home/potato/RC_2026/install/rc26_omni_controller/share/colcon-core/packages/rc26_omni_controller)
[0.951s] [34mcolcon.colcon_core.environment[0m [1;30mLevel 1[0m create_environment_scripts_only(rc26_omni_controller)
[0.951s] [34mcolcon.colcon_core.environment[0m [1;30mLevel 1[0m checking '/home/potato/RC_2026/install/rc26_omni_controller' for CMake module files
[0.951s] [34mcolcon.colcon_core.environment[0m [1;30mLevel 1[0m checking '/home/potato/RC_2026/install/rc26_omni_controller' for CMake config files
[0.951s] [34mcolcon.colcon_core.shell[0m [1;30mLevel 1[0m create_environment_hook('rc26_omni_controller', 'cmake_prefix_path')
[0.951s] [34mcolcon.colcon_core.shell[0m [1;30mINFO[0m Creating environment hook '/home/potato/RC_2026/install/rc26_omni_controller/share/rc26_omni_controller/hook/cmake_prefix_path.ps1'
[0.951s] [34mcolcon.colcon_core.shell[0m [1;30mINFO[0m Creating environment descriptor '/home/potato/RC_2026/install/rc26_omni_controller/share/rc26_omni_controller/hook/cmake_prefix_path.dsv'
[0.952s] [34mcolcon.colcon_core.shell[0m [1;30mINFO[0m Creating environment hook '/home/potato/RC_2026/install/rc26_omni_controller/share/rc26_omni_controller/hook/cmake_prefix_path.sh'
[0.952s] [34mcolcon.colcon_core.environment[0m [1;30mLevel 1[0m checking '/home/potato/RC_2026/install/rc26_omni_controller/lib'
[0.952s] [34mcolcon.colcon_core.shell[0m [1;30mLevel 1[0m create_environment_hook('rc26_omni_controller', 'ld_library_path_lib')
[0.952s] [34mcolcon.colcon_core.shell[0m [1;30mINFO[0m Creating environment hook '/home/potato/RC_2026/install/rc26_omni_controller/share/rc26_omni_controller/hook/ld_library_path_lib.ps1'
[0.952s] [34mcolcon.colcon_core.shell[0m [1;30mINFO[0m Creating environment descriptor '/home/potato/RC_2026/install/rc26_omni_controller/share/rc26_omni_controller/hook/ld_library_path_lib.dsv'
[0.953s] [34mcolcon.colcon_core.shell[0m [1;30mINFO[0m Creating environment hook '/home/potato/RC_2026/install/rc26_omni_controller/share/rc26_omni_controller/hook/ld_library_path_lib.sh'
[0.953s] [34mcolcon.colcon_core.environment[0m [1;30mLevel 1[0m checking '/home/potato/RC_2026/install/rc26_omni_controller/bin'
[0.953s] [34mcolcon.colcon_core.environment[0m [1;30mLevel 1[0m checking '/home/potato/RC_2026/install/rc26_omni_controller/lib/pkgconfig/rc26_omni_controller.pc'
[0.953s] [34mcolcon.colcon_core.environment[0m [1;30mLevel 1[0m checking '/home/potato/RC_2026/install/rc26_omni_controller/lib/python3.10/site-packages'
[0.953s] [34mcolcon.colcon_core.environment[0m [1;30mLevel 1[0m checking '/home/potato/RC_2026/install/rc26_omni_controller/bin'
[0.953s] [34mcolcon.colcon_core.shell[0m [1;30mINFO[0m Creating package script '/home/potato/RC_2026/install/rc26_omni_controller/share/rc26_omni_controller/package.ps1'
[0.954s] [34mcolcon.colcon_core.shell[0m [1;30mINFO[0m Creating package descriptor '/home/potato/RC_2026/install/rc26_omni_controller/share/rc26_omni_controller/package.dsv'
[0.954s] [34mcolcon.colcon_core.shell[0m [1;30mINFO[0m Creating package script '/home/potato/RC_2026/install/rc26_omni_controller/share/rc26_omni_controller/package.sh'
[0.954s] [34mcolcon.colcon_core.shell[0m [1;30mINFO[0m Creating package script '/home/potato/RC_2026/install/rc26_omni_controller/share/rc26_omni_controller/package.bash'
[0.954s] [34mcolcon.colcon_core.shell[0m [1;30mINFO[0m Creating package script '/home/potato/RC_2026/install/rc26_omni_controller/share/rc26_omni_controller/package.zsh'
[0.955s] [34mcolcon.colcon_core.environment[0m [1;30mLevel 1[0m create_file_with_runtime_dependencies(/home/potato/RC_2026/install/rc26_omni_controller/share/colcon-core/packages/rc26_omni_controller)
[0.955s] [34mcolcon.colcon_ros.task.ament_cmake.build[0m [1;30mINFO[0m Building ROS package in '/home/potato/RC_2026/RC_2026_1/rc26_perception' with build type 'ament_cmake'
[0.955s] [34mcolcon.colcon_cmake.task.cmake.build[0m [1;30mINFO[0m Building CMake package in '/home/potato/RC_2026/RC_2026_1/rc26_perception'
[0.955s] [34mcolcon.colcon_core.shell[0m [1;30mINFO[0m Skip shell extension 'powershell' for command environment: Not usable outside of PowerShell
[0.955s] [34mcolcon.colcon_core.shell[0m [1;30mDEBUG[0m [32mSkip shell extension 'dsv' for command environment[0m
[0.963s] [34mcolcon.colcon_core.event_handler.log_command[0m [1;30mDEBUG[0m [32mInvoking command in '/home/potato/RC_2026/build/rc26_perception': /usr/bin/cmake --build /home/potato/RC_2026/build/rc26_perception -- -j28 -l28[0m
[1.241s] [34mcolcon.colcon_core.event_handler.log_command[0m [1;30mDEBUG[0m [32mInvoked command in '/home/potato/RC_2026/build/rc26_perception' returned '0': /usr/bin/cmake --build /home/potato/RC_2026/build/rc26_perception -- -j28 -l28[0m
[1.242s] [34mcolcon.colcon_core.event_handler.log_command[0m [1;30mDEBUG[0m [32mInvoking command in '/home/potato/RC_2026/build/rc26_perception': /usr/bin/cmake --install /home/potato/RC_2026/build/rc26_perception[0m
[1.280s] [34mcolcon.colcon_core.environment[0m [1;30mLevel 1[0m create_environment_scripts_only(rc26_perception)
[1.281s] [34mcolcon.colcon_core.environment[0m [1;30mLevel 1[0m checking '/home/potato/RC_2026/install/rc26_perception' for CMake module files
[1.281s] [34mcolcon.colcon_core.event_handler.log_command[0m [1;30mDEBUG[0m [32mInvoked command in '/home/potato/RC_2026/build/rc26_perception' returned '0': /usr/bin/cmake --install /home/potato/RC_2026/build/rc26_perception[0m
[1.281s] [34mcolcon.colcon_core.environment[0m [1;30mLevel 1[0m checking '/home/potato/RC_2026/install/rc26_perception' for CMake config files
[1.282s] [34mcolcon.colcon_core.shell[0m [1;30mLevel 1[0m create_environment_hook('rc26_perception', 'cmake_prefix_path')
[1.282s] [34mcolcon.colcon_core.shell[0m [1;30mINFO[0m Creating environment hook '/home/potato/RC_2026/install/rc26_perception/share/rc26_perception/hook/cmake_prefix_path.ps1'
[1.282s] [34mcolcon.colcon_core.shell[0m [1;30mINFO[0m Creating environment descriptor '/home/potato/RC_2026/install/rc26_perception/share/rc26_perception/hook/cmake_prefix_path.dsv'
[1.282s] [34mcolcon.colcon_core.shell[0m [1;30mINFO[0m Creating environment hook '/home/potato/RC_2026/install/rc26_perception/share/rc26_perception/hook/cmake_prefix_path.sh'
[1.283s] [34mcolcon.colcon_core.environment[0m [1;30mLevel 1[0m checking '/home/potato/RC_2026/install/rc26_perception/lib'
[1.283s] [34mcolcon.colcon_core.shell[0m [1;30mLevel 1[0m create_environment_hook('rc26_perception', 'ld_library_path_lib')
[1.283s] [34mcolcon.colcon_core.shell[0m [1;30mINFO[0m Creating environment hook '/home/potato/RC_2026/install/rc26_perception/share/rc26_perception/hook/ld_library_path_lib.ps1'
[1.283s] [34mcolcon.colcon_core.shell[0m [1;30mINFO[0m Creating environment descriptor '/home/potato/RC_2026/install/rc26_perception/share/rc26_perception/hook/ld_library_path_lib.dsv'
[1.283s] [34mcolcon.colcon_core.shell[0m [1;30mINFO[0m Creating environment hook '/home/potato/RC_2026/install/rc26_perception/share/rc26_perception/hook/ld_library_path_lib.sh'
[1.283s] [34mcolcon.colcon_core.environment[0m [1;30mLevel 1[0m checking '/home/potato/RC_2026/install/rc26_perception/bin'
[1.283s] [34mcolcon.colcon_core.environment[0m [1;30mLevel 1[0m checking '/home/potato/RC_2026/install/rc26_perception/lib/pkgconfig/rc26_perception.pc'
[1.284s] [34mcolcon.colcon_core.environment[0m [1;30mLevel 1[0m checking '/home/potato/RC_2026/install/rc26_perception/lib/python3.10/site-packages'
[1.284s] [34mcolcon.colcon_core.environment[0m [1;30mLevel 1[0m checking '/home/potato/RC_2026/install/rc26_perception/bin'
[1.284s] [34mcolcon.colcon_core.shell[0m [1;30mINFO[0m Creating package script '/home/potato/RC_2026/install/rc26_perception/share/rc26_perception/package.ps1'
[1.284s] [34mcolcon.colcon_core.shell[0m [1;30mINFO[0m Creating package descriptor '/home/potato/RC_2026/install/rc26_perception/share/rc26_perception/package.dsv'
[1.285s] [34mcolcon.colcon_core.shell[0m [1;30mINFO[0m Creating package script '/home/potato/RC_2026/install/rc26_perception/share/rc26_perception/package.sh'
[1.285s] [34mcolcon.colcon_core.shell[0m [1;30mINFO[0m Creating package script '/home/potato/RC_2026/install/rc26_perception/share/rc26_perception/package.bash'
[1.285s] [34mcolcon.colcon_core.shell[0m [1;30mINFO[0m Creating package script '/home/potato/RC_2026/install/rc26_perception/share/rc26_perception/package.zsh'
[1.285s] [34mcolcon.colcon_core.environment[0m [1;30mLevel 1[0m create_file_with_runtime_dependencies(/home/potato/RC_2026/install/rc26_perception/share/colcon-core/packages/rc26_perception)
[1.285s] [34mcolcon.colcon_core.environment[0m [1;30mLevel 1[0m create_environment_scripts_only(rc26_perception)
[1.285s] [34mcolcon.colcon_core.environment[0m [1;30mLevel 1[0m checking '/home/potato/RC_2026/install/rc26_perception' for CMake module files
[1.286s] [34mcolcon.colcon_core.environment[0m [1;30mLevel 1[0m checking '/home/potato/RC_2026/install/rc26_perception' for CMake config files
[1.286s] [34mcolcon.colcon_core.shell[0m [1;30mLevel 1[0m create_environment_hook('rc26_perception', 'cmake_prefix_path')
[1.286s] [34mcolcon.colcon_core.shell[0m [1;30mINFO[0m Creating environment hook '/home/potato/RC_2026/install/rc26_perception/share/rc26_perception/hook/cmake_prefix_path.ps1'
[1.286s] [34mcolcon.colcon_core.shell[0m [1;30mINFO[0m Creating environment descriptor '/home/potato/RC_2026/install/rc26_perception/share/rc26_perception/hook/cmake_prefix_path.dsv'
[1.286s] [34mcolcon.colcon_core.shell[0m [1;30mINFO[0m Creating environment hook '/home/potato/RC_2026/install/rc26_perception/share/rc26_perception/hook/cmake_prefix_path.sh'
[1.287s] [34mcolcon.colcon_core.environment[0m [1;30mLevel 1[0m checking '/home/potato/RC_2026/install/rc26_perception/lib'
[1.287s] [34mcolcon.colcon_core.shell[0m [1;30mLevel 1[0m create_environment_hook('rc26_perception', 'ld_library_path_lib')
[1.287s] [34mcolcon.colcon_core.shell[0m [1;30mINFO[0m Creating environment hook '/home/potato/RC_2026/install/rc26_perception/share/rc26_perception/hook/ld_library_path_lib.ps1'
[1.287s] [34mcolcon.colcon_core.shell[0m [1;30mINFO[0m Creating environment descriptor '/home/potato/RC_2026/install/rc26_perception/share/rc26_perception/hook/ld_library_path_lib.dsv'
[1.287s] [34mcolcon.colcon_core.shell[0m [1;30mINFO[0m Creating environment hook '/home/potato/RC_2026/install/rc26_perception/share/rc26_perception/hook/ld_library_path_lib.sh'
[1.287s] [34mcolcon.colcon_core.environment[0m [1;30mLevel 1[0m checking '/home/potato/RC_2026/install/rc26_perception/bin'
[1.288s] [34mcolcon.colcon_core.environment[0m [1;30mLevel 1[0m checking '/home/potato/RC_2026/install/rc26_perception/lib/pkgconfig/rc26_perception.pc'
[1.288s] [34mcolcon.colcon_core.environment[0m [1;30mLevel 1[0m checking '/home/potato/RC_2026/install/rc26_perception/lib/python3.10/site-packages'
[1.288s] [34mcolcon.colcon_core.environment[0m [1;30mLevel 1[0m checking '/home/potato/RC_2026/install/rc26_perception/bin'
[1.288s] [34mcolcon.colcon_core.shell[0m [1;30mINFO[0m Creating package script '/home/potato/RC_2026/install/rc26_perception/share/rc26_perception/package.ps1'
[1.288s] [34mcolcon.colcon_core.shell[0m [1;30mINFO[0m Creating package descriptor '/home/potato/RC_2026/install/rc26_perception/share/rc26_perception/package.dsv'
[1.289s] [34mcolcon.colcon_core.shell[0m [1;30mINFO[0m Creating package script '/home/potato/RC_2026/install/rc26_perception/share/rc26_perception/package.sh'
[1.289s] [34mcolcon.colcon_core.shell[0m [1;30mINFO[0m Creating package script '/home/potato/RC_2026/install/rc26_perception/share/rc26_perception/package.bash'
[1.289s] [34mcolcon.colcon_core.shell[0m [1;30mINFO[0m Creating package script '/home/potato/RC_2026/install/rc26_perception/share/rc26_perception/package.zsh'
[1.289s] [34mcolcon.colcon_core.environment[0m [1;30mLevel 1[0m create_file_with_runtime_dependencies(/home/potato/RC_2026/install/rc26_perception/share/colcon-core/packages/rc26_perception)
[1.289s] [34mcolcon.colcon_ros.task.ament_cmake.build[0m [1;30mINFO[0m Building ROS package in '/home/potato/RC_2026/RC_2026_1/rc26_sensor_scan' with build type 'ament_cmake'
[1.289s] [34mcolcon.colcon_cmake.task.cmake.build[0m [1;30mINFO[0m Building CMake package in '/home/potato/RC_2026/RC_2026_1/rc26_sensor_scan'
[1.290s] [34mcolcon.colcon_core.shell[0m [1;30mINFO[0m Skip shell extension 'powershell' for command environment: Not usable outside of PowerShell
[1.290s] [34mcolcon.colcon_core.shell[0m [1;30mDEBUG[0m [32mSkip shell extension 'dsv' for command environment[0m
[1.297s] [34mcolcon.colcon_core.event_handler.log_command[0m [1;30mDEBUG[0m [32mInvoking command in '/home/potato/RC_2026/build/rc26_sensor_scan': /usr/bin/cmake --build /home/potato/RC_2026/build/rc26_sensor_scan -- -j28 -l28[0m
[1.364s] [34mcolcon.colcon_core.event_handler.log_command[0m [1;30mDEBUG[0m [32mInvoked command in '/home/potato/RC_2026/build/rc26_sensor_scan' returned '0': /usr/bin/cmake --build /home/potato/RC_2026/build/rc26_sensor_scan -- -j28 -l28[0m
[1.365s] [34mcolcon.colcon_core.event_handler.log_command[0m [1;30mDEBUG[0m [32mInvoking command in '/home/potato/RC_2026/build/rc26_sensor_scan': /usr/bin/cmake --install /home/potato/RC_2026/build/rc26_sensor_scan[0m
[1.375s] [34mcolcon.colcon_core.environment[0m [1;30mLevel 1[0m create_environment_scripts_only(rc26_sensor_scan)
[1.375s] [34mcolcon.colcon_core.environment[0m [1;30mLevel 1[0m checking '/home/potato/RC_2026/install/rc26_sensor_scan' for CMake module files
[1.375s] [34mcolcon.colcon_core.event_handler.log_command[0m [1;30mDEBUG[0m [32mInvoked command in '/home/potato/RC_2026/build/rc26_sensor_scan' returned '0': /usr/bin/cmake --install /home/potato/RC_2026/build/rc26_sensor_scan[0m
[1.376s] [34mcolcon.colcon_core.environment[0m [1;30mLevel 1[0m checking '/home/potato/RC_2026/install/rc26_sensor_scan' for CMake config files
[1.376s] [34mcolcon.colcon_core.shell[0m [1;30mLevel 1[0m create_environment_hook('rc26_sensor_scan', 'cmake_prefix_path')
[1.376s] [34mcolcon.colcon_core.shell[0m [1;30mINFO[0m Creating environment hook '/home/potato/RC_2026/install/rc26_sensor_scan/share/rc26_sensor_scan/hook/cmake_prefix_path.ps1'
[1.377s] [34mcolcon.colcon_core.shell[0m [1;30mINFO[0m Creating environment descriptor '/home/potato/RC_2026/install/rc26_sensor_scan/share/rc26_sensor_scan/hook/cmake_prefix_path.dsv'
[1.377s] [34mcolcon.colcon_core.shell[0m [1;30mINFO[0m Creating environment hook '/home/potato/RC_2026/install/rc26_sensor_scan/share/rc26_sensor_scan/hook/cmake_prefix_path.sh'
[1.378s] [34mcolcon.colcon_core.environment[0m [1;30mLevel 1[0m checking '/home/potato/RC_2026/install/rc26_sensor_scan/lib'
[1.378s] [34mcolcon.colcon_core.shell[0m [1;30mLevel 1[0m create_environment_hook('rc26_sensor_scan', 'ld_library_path_lib')
[1.378s] [34mcolcon.colcon_core.shell[0m [1;30mINFO[0m Creating environment hook '/home/potato/RC_2026/install/rc26_sensor_scan/share/rc26_sensor_scan/hook/ld_library_path_lib.ps1'
[1.378s] [34mcolcon.colcon_core.shell[0m [1;30mINFO[0m Creating environment descriptor '/home/potato/RC_2026/install/rc26_sensor_scan/share/rc26_sensor_scan/hook/ld_library_path_lib.dsv'
[1.378s] [34mcolcon.colcon_core.shell[0m [1;30mINFO[0m Creating environment hook '/home/potato/RC_2026/install/rc26_sensor_scan/share/rc26_sensor_scan/hook/ld_library_path_lib.sh'
[1.379s] [34mcolcon.colcon_core.environment[0m [1;30mLevel 1[0m checking '/home/potato/RC_2026/install/rc26_sensor_scan/bin'
[1.379s] [34mcolcon.colcon_core.environment[0m [1;30mLevel 1[0m checking '/home/potato/RC_2026/install/rc26_sensor_scan/lib/pkgconfig/rc26_sensor_scan.pc'
[1.379s] [34mcolcon.colcon_core.environment[0m [1;30mLevel 1[0m checking '/home/potato/RC_2026/install/rc26_sensor_scan/lib/python3.10/site-packages'
[1.379s] [34mcolcon.colcon_core.environment[0m [1;30mLevel 1[0m checking '/home/potato/RC_2026/install/rc26_sensor_scan/bin'
[1.379s] [34mcolcon.colcon_core.shell[0m [1;30mINFO[0m Creating package script '/home/potato/RC_2026/install/rc26_sensor_scan/share/rc26_sensor_scan/package.ps1'
[1.380s] [34mcolcon.colcon_core.shell[0m [1;30mINFO[0m Creating package descriptor '/home/potato/RC_2026/install/rc26_sensor_scan/share/rc26_sensor_scan/package.dsv'
[1.380s] [34mcolcon.colcon_core.shell[0m [1;30mINFO[0m Creating package script '/home/potato/RC_2026/install/rc26_sensor_scan/share/rc26_sensor_scan/package.sh'
[1.380s] [34mcolcon.colcon_core.shell[0m [1;30mINFO[0m Creating package script '/home/potato/RC_2026/install/rc26_sensor_scan/share/rc26_sensor_scan/package.bash'
[1.380s] [34mcolcon.colcon_core.shell[0m [1;30mINFO[0m Creating package script '/home/potato/RC_2026/install/rc26_sensor_scan/share/rc26_sensor_scan/package.zsh'
[1.380s] [34mcolcon.colcon_core.environment[0m [1;30mLevel 1[0m create_file_with_runtime_dependencies(/home/potato/RC_2026/install/rc26_sensor_scan/share/colcon-core/packages/rc26_sensor_scan)
[1.381s] [34mcolcon.colcon_core.environment[0m [1;30mLevel 1[0m create_environment_scripts_only(rc26_sensor_scan)
[1.381s] [34mcolcon.colcon_core.environment[0m [1;30mLevel 1[0m checking '/home/potato/RC_2026/install/rc26_sensor_scan' for CMake module files
[1.381s] [34mcolcon.colcon_core.environment[0m [1;30mLevel 1[0m checking '/home/potato/RC_2026/install/rc26_sensor_scan' for CMake config files
[1.381s] [34mcolcon.colcon_core.shell[0m [1;30mLevel 1[0m create_environment_hook('rc26_sensor_scan', 'cmake_prefix_path')
[1.381s] [34mcolcon.colcon_core.shell[0m [1;30mINFO[0m Creating environment hook '/home/potato/RC_2026/install/rc26_sensor_scan/share/rc26_sensor_scan/hook/cmake_prefix_path.ps1'
[1.382s] [34mcolcon.colcon_core.shell[0m [1;30mINFO[0m Creating environment descriptor '/home/potato/RC_2026/install/rc26_sensor_scan/share/rc26_sensor_scan/hook/cmake_prefix_path.dsv'
[1.382s] [34mcolcon.colcon_core.shell[0m [1;30mINFO[0m Creating environment hook '/home/potato/RC_2026/install/rc26_sensor_scan/share/rc26_sensor_scan/hook/cmake_prefix_path.sh'
[1.382s] [34mcolcon.colcon_core.environment[0m [1;30mLevel 1[0m checking '/home/potato/RC_2026/install/rc26_sensor_scan/lib'
[1.382s] [34mcolcon.colcon_core.shell[0m [1;30mLevel 1[0m create_environment_hook('rc26_sensor_scan', 'ld_library_path_lib')
[1.382s] [34mcolcon.colcon_core.shell[0m [1;30mINFO[0m Creating environment hook '/home/potato/RC_2026/install/rc26_sensor_scan/share/rc26_sensor_scan/hook/ld_library_path_lib.ps1'
[1.382s] [34mcolcon.colcon_core.shell[0m [1;30mINFO[0m Creating environment descriptor '/home/potato/RC_2026/install/rc26_sensor_scan/share/rc26_sensor_scan/hook/ld_library_path_lib.dsv'
[1.383s] [34mcolcon.colcon_core.shell[0m [1;30mINFO[0m Creating environment hook '/home/potato/RC_2026/install/rc26_sensor_scan/share/rc26_sensor_scan/hook/ld_library_path_lib.sh'
[1.383s] [34mcolcon.colcon_core.environment[0m [1;30mLevel 1[0m checking '/home/potato/RC_2026/install/rc26_sensor_scan/bin'
[1.383s] [34mcolcon.colcon_core.environment[0m [1;30mLevel 1[0m checking '/home/potato/RC_2026/install/rc26_sensor_scan/lib/pkgconfig/rc26_sensor_scan.pc'
[1.383s] [34mcolcon.colcon_core.environment[0m [1;30mLevel 1[0m checking '/home/potato/RC_2026/install/rc26_sensor_scan/lib/python3.10/site-packages'
[1.383s] [34mcolcon.colcon_core.environment[0m [1;30mLevel 1[0m checking '/home/potato/RC_2026/install/rc26_sensor_scan/bin'
[1.383s] [34mcolcon.colcon_core.shell[0m [1;30mINFO[0m Creating package script '/home/potato/RC_2026/install/rc26_sensor_scan/share/rc26_sensor_scan/package.ps1'
[1.384s] [34mcolcon.colcon_core.shell[0m [1;30mINFO[0m Creating package descriptor '/home/potato/RC_2026/install/rc26_sensor_scan/share/rc26_sensor_scan/package.dsv'
[1.384s] [34mcolcon.colcon_core.shell[0m [1;30mINFO[0m Creating package script '/home/potato/RC_2026/install/rc26_sensor_scan/share/rc26_sensor_scan/package.sh'
[1.384s] [34mcolcon.colcon_core.shell[0m [1;30mINFO[0m Creating package script '/home/potato/RC_2026/install/rc26_sensor_scan/share/rc26_sensor_scan/package.bash'
[1.384s] [34mcolcon.colcon_core.shell[0m [1;30mINFO[0m Creating package script '/home/potato/RC_2026/install/rc26_sensor_scan/share/rc26_sensor_scan/package.zsh'
[1.384s] [34mcolcon.colcon_core.environment[0m [1;30mLevel 1[0m create_file_with_runtime_dependencies(/home/potato/RC_2026/install/rc26_sensor_scan/share/colcon-core/packages/rc26_sensor_scan)
[1.385s] [34mcolcon.colcon_ros.task.ament_cmake.build[0m [1;30mINFO[0m Building ROS package in '/home/potato/RC_2026/RC_2026_1/rc26_decision' with build type 'ament_cmake'
[1.385s] [34mcolcon.colcon_cmake.task.cmake.build[0m [1;30mINFO[0m Building CMake package in '/home/potato/RC_2026/RC_2026_1/rc26_decision'
[1.385s] [34mcolcon.colcon_core.shell[0m [1;30mINFO[0m Skip shell extension 'powershell' for command environment: Not usable outside of PowerShell
[1.385s] [34mcolcon.colcon_core.shell[0m [1;30mDEBUG[0m [32mSkip shell extension 'dsv' for command environment[0m
[1.394s] [34mcolcon.colcon_core.event_handler.log_command[0m [1;30mDEBUG[0m [32mInvoking command in '/home/potato/RC_2026/build/rc26_decision': CMAKE_PREFIX_PATH=/home/potato/RC_2026/install/rc26_serial:/home/potato/RC_2026/install/small_gicp:/home/potato/RC_2026/install/rc26_merge_odom:/home/potato/RC_2026/install/rc26_bringup:/home/potato/RC_2026/install/rc26_decision:/home/potato/RC_2026/install/rc26_sensor_scan:/home/potato/RC_2026/install/rc26_perception:/home/potato/RC_2026/install/rc26_omni_controller:/home/potato/RC_2026/install/rc26_odom_interface:/home/potato/RC_2026/install/rc26_localization:/home/potato/RC_2026/install/point_lio:/home/potato/RC_2026/install/mid360_driver:/opt/ros/humble:/opt/ros/humble LD_LIBRARY_PATH=/home/potato/RC_2026/install/rc26_serial/lib:/home/potato/RC_2026/install/small_gicp/lib:/home/potato/RC_2026/install/rc26_merge_odom/lib:/home/potato/RC_2026/install/rc26_decision/lib:/home/potato/RC_2026/install/rc26_sensor_scan/lib:/home/potato/RC_2026/install/rc26_perception/lib:/home/potato/RC_2026/install/rc26_omni_controller/lib:/home/potato/RC_2026/install/rc26_odom_interface/lib:/home/potato/RC_2026/install/rc26_localization/lib:/home/potato/RC_2026/install/mid360_driver/lib:/usr/local/lib:/usr/local/cuda/lib64:/usr/local/lib:/lib64:/usr/lib/x86_64-linux-gnu/gazebo-11/plugins:/opt/ros/humble/opt/rviz_ogre_vendor/lib:/opt/ros/humble/lib/x86_64-linux-gnu:/opt/ros/humble/opt/openvdb_vendor/lib:/opt/ros/humble/lib /usr/bin/cmake --build /home/potato/RC_2026/build/rc26_decision -- -j28 -l28[0m
[1.487s] [34mcolcon.colcon_core.event_handler.log_command[0m [1;30mDEBUG[0m [32mInvoked command in '/home/potato/RC_2026/build/rc26_decision' returned '0': CMAKE_PREFIX_PATH=/home/potato/RC_2026/install/rc26_serial:/home/potato/RC_2026/install/small_gicp:/home/potato/RC_2026/install/rc26_merge_odom:/home/potato/RC_2026/install/rc26_bringup:/home/potato/RC_2026/install/rc26_decision:/home/potato/RC_2026/install/rc26_sensor_scan:/home/potato/RC_2026/install/rc26_perception:/home/potato/RC_2026/install/rc26_omni_controller:/home/potato/RC_2026/install/rc26_odom_interface:/home/potato/RC_2026/install/rc26_localization:/home/potato/RC_2026/install/point_lio:/home/potato/RC_2026/install/mid360_driver:/opt/ros/humble:/opt/ros/humble LD_LIBRARY_PATH=/home/potato/RC_2026/install/rc26_serial/lib:/home/potato/RC_2026/install/small_gicp/lib:/home/potato/RC_2026/install/rc26_merge_odom/lib:/home/potato/RC_2026/install/rc26_decision/lib:/home/potato/RC_2026/install/rc26_sensor_scan/lib:/home/potato/RC_2026/install/rc26_perception/lib:/home/potato/RC_2026/install/rc26_omni_controller/lib:/home/potato/RC_2026/install/rc26_odom_interface/lib:/home/potato/RC_2026/install/rc26_localization/lib:/home/potato/RC_2026/install/mid360_driver/lib:/usr/local/lib:/usr/local/cuda/lib64:/usr/local/lib:/lib64:/usr/lib/x86_64-linux-gnu/gazebo-11/plugins:/opt/ros/humble/opt/rviz_ogre_vendor/lib:/opt/ros/humble/lib/x86_64-linux-gnu:/opt/ros/humble/opt/openvdb_vendor/lib:/opt/ros/humble/lib /usr/bin/cmake --build /home/potato/RC_2026/build/rc26_decision -- -j28 -l28[0m
[1.489s] [34mcolcon.colcon_core.event_handler.log_command[0m [1;30mDEBUG[0m [32mInvoking command in '/home/potato/RC_2026/build/rc26_decision': CMAKE_PREFIX_PATH=/home/potato/RC_2026/install/rc26_serial:/home/potato/RC_2026/install/small_gicp:/home/potato/RC_2026/install/rc26_merge_odom:/home/potato/RC_2026/install/rc26_bringup:/home/potato/RC_2026/install/rc26_decision:/home/potato/RC_2026/install/rc26_sensor_scan:/home/potato/RC_2026/install/rc26_perception:/home/potato/RC_2026/install/rc26_omni_controller:/home/potato/RC_2026/install/rc26_odom_interface:/home/potato/RC_2026/install/rc26_localization:/home/potato/RC_2026/install/point_lio:/home/potato/RC_2026/install/mid360_driver:/opt/ros/humble:/opt/ros/humble LD_LIBRARY_PATH=/home/potato/RC_2026/install/rc26_serial/lib:/home/potato/RC_2026/install/small_gicp/lib:/home/potato/RC_2026/install/rc26_merge_odom/lib:/home/potato/RC_2026/install/rc26_decision/lib:/home/potato/RC_2026/install/rc26_sensor_scan/lib:/home/potato/RC_2026/install/rc26_perception/lib:/home/potato/RC_2026/install/rc26_omni_controller/lib:/home/potato/RC_2026/install/rc26_odom_interface/lib:/home/potato/RC_2026/install/rc26_localization/lib:/home/potato/RC_2026/install/mid360_driver/lib:/usr/local/lib:/usr/local/cuda/lib64:/usr/local/lib:/lib64:/usr/lib/x86_64-linux-gnu/gazebo-11/plugins:/opt/ros/humble/opt/rviz_ogre_vendor/lib:/opt/ros/humble/lib/x86_64-linux-gnu:/opt/ros/humble/opt/openvdb_vendor/lib:/opt/ros/humble/lib /usr/bin/cmake --install /home/potato/RC_2026/build/rc26_decision[0m
[1.499s] [34mcolcon.colcon_core.environment[0m [1;30mLevel 1[0m create_environment_scripts_only(rc26_decision)
[1.499s] [34mcolcon.colcon_core.environment[0m [1;30mLevel 1[0m checking '/home/potato/RC_2026/install/rc26_decision' for CMake module files
[1.500s] [34mcolcon.colcon_core.event_handler.log_command[0m [1;30mDEBUG[0m [32mInvoked command in '/home/potato/RC_2026/build/rc26_decision' returned '0': CMAKE_PREFIX_PATH=/home/potato/RC_2026/install/rc26_serial:/home/potato/RC_2026/install/small_gicp:/home/potato/RC_2026/install/rc26_merge_odom:/home/potato/RC_2026/install/rc26_bringup:/home/potato/RC_2026/install/rc26_decision:/home/potato/RC_2026/install/rc26_sensor_scan:/home/potato/RC_2026/install/rc26_perception:/home/potato/RC_2026/install/rc26_omni_controller:/home/potato/RC_2026/install/rc26_odom_interface:/home/potato/RC_2026/install/rc26_localization:/home/potato/RC_2026/install/point_lio:/home/potato/RC_2026/install/mid360_driver:/opt/ros/humble:/opt/ros/humble LD_LIBRARY_PATH=/home/potato/RC_2026/install/rc26_serial/lib:/home/potato/RC_2026/install/small_gicp/lib:/home/potato/RC_2026/install/rc26_merge_odom/lib:/home/potato/RC_2026/install/rc26_decision/lib:/home/potato/RC_2026/install/rc26_sensor_scan/lib:/home/potato/RC_2026/install/rc26_perception/lib:/home/potato/RC_2026/install/rc26_omni_controller/lib:/home/potato/RC_2026/install/rc26_odom_interface/lib:/home/potato/RC_2026/install/rc26_localization/lib:/home/potato/RC_2026/install/mid360_driver/lib:/usr/local/lib:/usr/local/cuda/lib64:/usr/local/lib:/lib64:/usr/lib/x86_64-linux-gnu/gazebo-11/plugins:/opt/ros/humble/opt/rviz_ogre_vendor/lib:/opt/ros/humble/lib/x86_64-linux-gnu:/opt/ros/humble/opt/openvdb_vendor/lib:/opt/ros/humble/lib /usr/bin/cmake --install /home/potato/RC_2026/build/rc26_decision[0m
[1.500s] [34mcolcon.colcon_core.environment[0m [1;30mLevel 1[0m checking '/home/potato/RC_2026/install/rc26_decision' for CMake config files
[1.500s] [34mcolcon.colcon_core.shell[0m [1;30mLevel 1[0m create_environment_hook('rc26_decision', 'cmake_prefix_path')
[1.500s] [34mcolcon.colcon_core.shell[0m [1;30mINFO[0m Creating environment hook '/home/potato/RC_2026/install/rc26_decision/share/rc26_decision/hook/cmake_prefix_path.ps1'
[1.501s] [34mcolcon.colcon_core.shell[0m [1;30mINFO[0m Creating environment descriptor '/home/potato/RC_2026/install/rc26_decision/share/rc26_decision/hook/cmake_prefix_path.dsv'
[1.501s] [34mcolcon.colcon_core.shell[0m [1;30mINFO[0m Creating environment hook '/home/potato/RC_2026/install/rc26_decision/share/rc26_decision/hook/cmake_prefix_path.sh'
[1.501s] [34mcolcon.colcon_core.environment[0m [1;30mLevel 1[0m checking '/home/potato/RC_2026/install/rc26_decision/lib'
[1.501s] [34mcolcon.colcon_core.shell[0m [1;30mLevel 1[0m create_environment_hook('rc26_decision', 'ld_library_path_lib')
[1.501s] [34mcolcon.colcon_core.shell[0m [1;30mINFO[0m Creating environment hook '/home/potato/RC_2026/install/rc26_decision/share/rc26_decision/hook/ld_library_path_lib.ps1'
[1.502s] [34mcolcon.colcon_core.shell[0m [1;30mINFO[0m Creating environment descriptor '/home/potato/RC_2026/install/rc26_decision/share/rc26_decision/hook/ld_library_path_lib.dsv'
[1.502s] [34mcolcon.colcon_core.shell[0m [1;30mINFO[0m Creating environment hook '/home/potato/RC_2026/install/rc26_decision/share/rc26_decision/hook/ld_library_path_lib.sh'
[1.502s] [34mcolcon.colcon_core.environment[0m [1;30mLevel 1[0m checking '/home/potato/RC_2026/install/rc26_decision/bin'
[1.502s] [34mcolcon.colcon_core.environment[0m [1;30mLevel 1[0m checking '/home/potato/RC_2026/install/rc26_decision/lib/pkgconfig/rc26_decision.pc'
[1.502s] [34mcolcon.colcon_core.environment[0m [1;30mLevel 1[0m checking '/home/potato/RC_2026/install/rc26_decision/lib/python3.10/site-packages'
[1.502s] [34mcolcon.colcon_core.environment[0m [1;30mLevel 1[0m checking '/home/potato/RC_2026/install/rc26_decision/bin'
[1.503s] [34mcolcon.colcon_core.shell[0m [1;30mINFO[0m Creating package script '/home/potato/RC_2026/install/rc26_decision/share/rc26_decision/package.ps1'
[1.503s] [34mcolcon.colcon_core.shell[0m [1;30mINFO[0m Creating package descriptor '/home/potato/RC_2026/install/rc26_decision/share/rc26_decision/package.dsv'
[1.503s] [34mcolcon.colcon_core.shell[0m [1;30mINFO[0m Creating package script '/home/potato/RC_2026/install/rc26_decision/share/rc26_decision/package.sh'
[1.504s] [34mcolcon.colcon_core.shell[0m [1;30mINFO[0m Creating package script '/home/potato/RC_2026/install/rc26_decision/share/rc26_decision/package.bash'
[1.504s] [34mcolcon.colcon_core.shell[0m [1;30mINFO[0m Creating package script '/home/potato/RC_2026/install/rc26_decision/share/rc26_decision/package.zsh'
[1.504s] [34mcolcon.colcon_core.environment[0m [1;30mLevel 1[0m create_file_with_runtime_dependencies(/home/potato/RC_2026/install/rc26_decision/share/colcon-core/packages/rc26_decision)
[1.504s] [34mcolcon.colcon_core.environment[0m [1;30mLevel 1[0m create_environment_scripts_only(rc26_decision)
[1.504s] [34mcolcon.colcon_core.environment[0m [1;30mLevel 1[0m checking '/home/potato/RC_2026/install/rc26_decision' for CMake module files
[1.505s] [34mcolcon.colcon_core.environment[0m [1;30mLevel 1[0m checking '/home/potato/RC_2026/install/rc26_decision' for CMake config files
[1.505s] [34mcolcon.colcon_core.shell[0m [1;30mLevel 1[0m create_environment_hook('rc26_decision', 'cmake_prefix_path')
[1.505s] [34mcolcon.colcon_core.shell[0m [1;30mINFO[0m Creating environment hook '/home/potato/RC_2026/install/rc26_decision/share/rc26_decision/hook/cmake_prefix_path.ps1'
[1.505s] [34mcolcon.colcon_core.shell[0m [1;30mINFO[0m Creating environment descriptor '/home/potato/RC_2026/install/rc26_decision/share/rc26_decision/hook/cmake_prefix_path.dsv'
[1.506s] [34mcolcon.colcon_core.shell[0m [1;30mINFO[0m Creating environment hook '/home/potato/RC_2026/install/rc26_decision/share/rc26_decision/hook/cmake_prefix_path.sh'
[1.506s] [34mcolcon.colcon_core.environment[0m [1;30mLevel 1[0m checking '/home/potato/RC_2026/install/rc26_decision/lib'
[1.506s] [34mcolcon.colcon_core.shell[0m [1;30mLevel 1[0m create_environment_hook('rc26_decision', 'ld_library_path_lib')
[1.506s] [34mcolcon.colcon_core.shell[0m [1;30mINFO[0m Creating environment hook '/home/potato/RC_2026/install/rc26_decision/share/rc26_decision/hook/ld_library_path_lib.ps1'
[1.506s] [34mcolcon.colcon_core.shell[0m [1;30mINFO[0m Creating environment descriptor '/home/potato/RC_2026/install/rc26_decision/share/rc26_decision/hook/ld_library_path_lib.dsv'
[1.507s] [34mcolcon.colcon_core.shell[0m [1;30mINFO[0m Creating environment hook '/home/potato/RC_2026/install/rc26_decision/share/rc26_decision/hook/ld_library_path_lib.sh'
[1.507s] [34mcolcon.colcon_core.environment[0m [1;30mLevel 1[0m checking '/home/potato/RC_2026/install/rc26_decision/bin'
[1.507s] [34mcolcon.colcon_core.environment[0m [1;30mLevel 1[0m checking '/home/potato/RC_2026/install/rc26_decision/lib/pkgconfig/rc26_decision.pc'
[1.507s] [34mcolcon.colcon_core.environment[0m [1;30mLevel 1[0m checking '/home/potato/RC_2026/install/rc26_decision/lib/python3.10/site-packages'
[1.507s] [34mcolcon.colcon_core.environment[0m [1;30mLevel 1[0m checking '/home/potato/RC_2026/install/rc26_decision/bin'
[1.507s] [34mcolcon.colcon_core.shell[0m [1;30mINFO[0m Creating package script '/home/potato/RC_2026/install/rc26_decision/share/rc26_decision/package.ps1'
[1.508s] [34mcolcon.colcon_core.shell[0m [1;30mINFO[0m Creating package descriptor '/home/potato/RC_2026/install/rc26_decision/share/rc26_decision/package.dsv'
[1.508s] [34mcolcon.colcon_core.shell[0m [1;30mINFO[0m Creating package script '/home/potato/RC_2026/install/rc26_decision/share/rc26_decision/package.sh'
[1.508s] [34mcolcon.colcon_core.shell[0m [1;30mINFO[0m Creating package script '/home/potato/RC_2026/install/rc26_decision/share/rc26_decision/package.bash'
[1.508s] [34mcolcon.colcon_core.shell[0m [1;30mINFO[0m Creating package script '/home/potato/RC_2026/install/rc26_decision/share/rc26_decision/package.zsh'
[1.509s] [34mcolcon.colcon_core.environment[0m [1;30mLevel 1[0m create_file_with_runtime_dependencies(/home/potato/RC_2026/install/rc26_decision/share/colcon-core/packages/rc26_decision)
[1.509s] [34mcolcon.colcon_ros.task.cmake.build[0m [1;30mINFO[0m Building ROS package in '/home/potato/RC_2026/RC_2026_1/small_gicp' with build type 'cmake'
[1.509s] [34mcolcon.colcon_cmake.task.cmake.build[0m [1;30mINFO[0m Building CMake package in '/home/potato/RC_2026/RC_2026_1/small_gicp'
[1.509s] [34mcolcon.colcon_core.shell[0m [1;30mINFO[0m Skip shell extension 'powershell' for command environment: Not usable outside of PowerShell
[1.509s] [34mcolcon.colcon_core.shell[0m [1;30mDEBUG[0m [32mSkip shell extension 'dsv' for command environment[0m
[1.517s] [34mcolcon.colcon_core.event_handler.log_command[0m [1;30mDEBUG[0m [32mInvoking command in '/home/potato/RC_2026/build/small_gicp': /usr/bin/cmake --build /home/potato/RC_2026/build/small_gicp -- -j28 -l28[0m
[1.575s] [34mcolcon.colcon_core.event_handler.log_command[0m [1;30mDEBUG[0m [32mInvoked command in '/home/potato/RC_2026/build/small_gicp' returned '0': /usr/bin/cmake --build /home/potato/RC_2026/build/small_gicp -- -j28 -l28[0m
[1.577s] [34mcolcon.colcon_core.event_handler.log_command[0m [1;30mDEBUG[0m [32mInvoking command in '/home/potato/RC_2026/build/small_gicp': /usr/bin/cmake --install /home/potato/RC_2026/build/small_gicp[0m
[1.588s] [34mcolcon.colcon_core.event_handler.log_command[0m [1;30mDEBUG[0m [32mInvoked command in '/home/potato/RC_2026/build/small_gicp' returned '0': /usr/bin/cmake --install /home/potato/RC_2026/build/small_gicp[0m
[1.588s] [34mcolcon.colcon_core.shell[0m [1;30mLevel 1[0m create_environment_hook('small_gicp', 'pkg_config_path')
[1.588s] [34mcolcon.colcon_core.shell[0m [1;30mINFO[0m Creating environment hook '/home/potato/RC_2026/install/small_gicp/share/small_gicp/hook/pkg_config_path.ps1'
[1.589s] [34mcolcon.colcon_core.shell[0m [1;30mINFO[0m Creating environment descriptor '/home/potato/RC_2026/install/small_gicp/share/small_gicp/hook/pkg_config_path.dsv'
[1.589s] [34mcolcon.colcon_core.shell[0m [1;30mINFO[0m Creating environment hook '/home/potato/RC_2026/install/small_gicp/share/small_gicp/hook/pkg_config_path.sh'
[1.591s] [34mcolcon.colcon_core.shell[0m [1;30mLevel 1[0m create_environment_hook('small_gicp', 'pkg_config_path_multiarch')
[1.591s] [34mcolcon.colcon_core.shell[0m [1;30mINFO[0m Creating environment hook '/home/potato/RC_2026/install/small_gicp/share/small_gicp/hook/pkg_config_path_multiarch.ps1'
[1.592s] [34mcolcon.colcon_core.shell[0m [1;30mINFO[0m Creating environment descriptor '/home/potato/RC_2026/install/small_gicp/share/small_gicp/hook/pkg_config_path_multiarch.dsv'
[1.592s] [34mcolcon.colcon_core.shell[0m [1;30mINFO[0m Creating environment hook '/home/potato/RC_2026/install/small_gicp/share/small_gicp/hook/pkg_config_path_multiarch.sh'
[1.592s] [34mcolcon.colcon_core.environment[0m [1;30mLevel 1[0m create_environment_scripts_only(small_gicp)
[1.593s] [34mcolcon.colcon_core.environment[0m [1;30mLevel 1[0m checking '/home/potato/RC_2026/install/small_gicp' for CMake module files
[1.593s] [34mcolcon.colcon_core.environment[0m [1;30mLevel 1[0m checking '/home/potato/RC_2026/install/small_gicp' for CMake config files
[1.593s] [34mcolcon.colcon_core.shell[0m [1;30mLevel 1[0m create_environment_hook('small_gicp', 'cmake_prefix_path')
[1.594s] [34mcolcon.colcon_core.shell[0m [1;30mINFO[0m Creating environment hook '/home/potato/RC_2026/install/small_gicp/share/small_gicp/hook/cmake_prefix_path.ps1'
[1.594s] [34mcolcon.colcon_core.shell[0m [1;30mINFO[0m Creating environment descriptor '/home/potato/RC_2026/install/small_gicp/share/small_gicp/hook/cmake_prefix_path.dsv'
[1.594s] [34mcolcon.colcon_core.shell[0m [1;30mINFO[0m Creating environment hook '/home/potato/RC_2026/install/small_gicp/share/small_gicp/hook/cmake_prefix_path.sh'
[1.595s] [34mcolcon.colcon_core.environment[0m [1;30mLevel 1[0m checking '/home/potato/RC_2026/install/small_gicp/lib'
[1.595s] [34mcolcon.colcon_core.shell[0m [1;30mLevel 1[0m create_environment_hook('small_gicp', 'ld_library_path_lib')
[1.595s] [34mcolcon.colcon_core.shell[0m [1;30mINFO[0m Creating environment hook '/home/potato/RC_2026/install/small_gicp/share/small_gicp/hook/ld_library_path_lib.ps1'
[1.595s] [34mcolcon.colcon_core.shell[0m [1;30mINFO[0m Creating environment descriptor '/home/potato/RC_2026/install/small_gicp/share/small_gicp/hook/ld_library_path_lib.dsv'
[1.595s] [34mcolcon.colcon_core.shell[0m [1;30mINFO[0m Creating environment hook '/home/potato/RC_2026/install/small_gicp/share/small_gicp/hook/ld_library_path_lib.sh'
[1.596s] [34mcolcon.colcon_core.environment[0m [1;30mLevel 1[0m checking '/home/potato/RC_2026/install/small_gicp/bin'
[1.596s] [34mcolcon.colcon_core.environment[0m [1;30mLevel 1[0m checking '/home/potato/RC_2026/install/small_gicp/lib/pkgconfig/small_gicp.pc'
[1.596s] [34mcolcon.colcon_core.environment[0m [1;30mLevel 1[0m checking '/home/potato/RC_2026/install/small_gicp/lib/python3.10/site-packages'
[1.596s] [34mcolcon.colcon_core.environment[0m [1;30mLevel 1[0m checking '/home/potato/RC_2026/install/small_gicp/bin'
[1.597s] [34mcolcon.colcon_core.shell[0m [1;30mINFO[0m Creating package script '/home/potato/RC_2026/install/small_gicp/share/small_gicp/package.ps1'
[1.597s] [34mcolcon.colcon_core.shell[0m [1;30mINFO[0m Creating package descriptor '/home/potato/RC_2026/install/small_gicp/share/small_gicp/package.dsv'
[1.598s] [34mcolcon.colcon_core.shell[0m [1;30mINFO[0m Creating package script '/home/potato/RC_2026/install/small_gicp/share/small_gicp/package.sh'
[1.598s] [34mcolcon.colcon_core.shell[0m [1;30mINFO[0m Creating package script '/home/potato/RC_2026/install/small_gicp/share/small_gicp/package.bash'
[1.599s] [34mcolcon.colcon_core.shell[0m [1;30mINFO[0m Creating package script '/home/potato/RC_2026/install/small_gicp/share/small_gicp/package.zsh'
[1.599s] [34mcolcon.colcon_core.environment[0m [1;30mLevel 1[0m create_file_with_runtime_dependencies(/home/potato/RC_2026/install/small_gicp/share/colcon-core/packages/small_gicp)
[1.599s] [34mcolcon.colcon_ros.task.ament_cmake.build[0m [1;30mINFO[0m Building ROS package in '/home/potato/RC_2026/RC_2026_1/rc26_merge_odom' with build type 'ament_cmake'
[1.599s] [34mcolcon.colcon_cmake.task.cmake.build[0m [1;30mINFO[0m Building CMake package in '/home/potato/RC_2026/RC_2026_1/rc26_merge_odom'
[1.600s] [34mcolcon.colcon_core.shell[0m [1;30mINFO[0m Skip shell extension 'powershell' for command environment: Not usable outside of PowerShell
[1.600s] [34mcolcon.colcon_core.shell[0m [1;30mDEBUG[0m [32mSkip shell extension 'dsv' for command environment[0m
[1.611s] [34mcolcon.colcon_core.event_handler.log_command[0m [1;30mDEBUG[0m [32mInvoking command in '/home/potato/RC_2026/build/rc26_merge_odom': CMAKE_PREFIX_PATH=/home/potato/RC_2026/install/rc26_serial:/home/potato/RC_2026/install/small_gicp:/home/potato/RC_2026/install/rc26_merge_odom:/home/potato/RC_2026/install/rc26_bringup:/home/potato/RC_2026/install/rc26_decision:/home/potato/RC_2026/install/rc26_sensor_scan:/home/potato/RC_2026/install/rc26_perception:/home/potato/RC_2026/install/rc26_omni_controller:/home/potato/RC_2026/install/rc26_odom_interface:/home/potato/RC_2026/install/rc26_localization:/home/potato/RC_2026/install/point_lio:/home/potato/RC_2026/install/mid360_driver:/opt/ros/humble:/opt/ros/humble LD_LIBRARY_PATH=/home/potato/RC_2026/install/rc26_serial/lib:/home/potato/RC_2026/install/small_gicp/lib:/home/potato/RC_2026/install/rc26_merge_odom/lib:/home/potato/RC_2026/install/rc26_decision/lib:/home/potato/RC_2026/install/rc26_sensor_scan/lib:/home/potato/RC_2026/install/rc26_perception/lib:/home/potato/RC_2026/install/rc26_omni_controller/lib:/home/potato/RC_2026/install/rc26_odom_interface/lib:/home/potato/RC_2026/install/rc26_localization/lib:/home/potato/RC_2026/install/mid360_driver/lib:/usr/local/lib:/usr/local/cuda/lib64:/usr/local/lib:/lib64:/usr/lib/x86_64-linux-gnu/gazebo-11/plugins:/opt/ros/humble/opt/rviz_ogre_vendor/lib:/opt/ros/humble/lib/x86_64-linux-gnu:/opt/ros/humble/opt/openvdb_vendor/lib:/opt/ros/humble/lib /usr/bin/cmake --build /home/potato/RC_2026/build/rc26_merge_odom -- -j28 -l28[0m
[6.296s] [34mcolcon.colcon_core.event_handler.log_command[0m [1;30mDEBUG[0m [32mInvoked command in '/home/potato/RC_2026/build/rc26_merge_odom' returned '0': CMAKE_PREFIX_PATH=/home/potato/RC_2026/install/rc26_serial:/home/potato/RC_2026/install/small_gicp:/home/potato/RC_2026/install/rc26_merge_odom:/home/potato/RC_2026/install/rc26_bringup:/home/potato/RC_2026/install/rc26_decision:/home/potato/RC_2026/install/rc26_sensor_scan:/home/potato/RC_2026/install/rc26_perception:/home/potato/RC_2026/install/rc26_omni_controller:/home/potato/RC_2026/install/rc26_odom_interface:/home/potato/RC_2026/install/rc26_localization:/home/potato/RC_2026/install/point_lio:/home/potato/RC_2026/install/mid360_driver:/opt/ros/humble:/opt/ros/humble LD_LIBRARY_PATH=/home/potato/RC_2026/install/rc26_serial/lib:/home/potato/RC_2026/install/small_gicp/lib:/home/potato/RC_2026/install/rc26_merge_odom/lib:/home/potato/RC_2026/install/rc26_decision/lib:/home/potato/RC_2026/install/rc26_sensor_scan/lib:/home/potato/RC_2026/install/rc26_perception/lib:/home/potato/RC_2026/install/rc26_omni_controller/lib:/home/potato/RC_2026/install/rc26_odom_interface/lib:/home/potato/RC_2026/install/rc26_localization/lib:/home/potato/RC_2026/install/mid360_driver/lib:/usr/local/lib:/usr/local/cuda/lib64:/usr/local/lib:/lib64:/usr/lib/x86_64-linux-gnu/gazebo-11/plugins:/opt/ros/humble/opt/rviz_ogre_vendor/lib:/opt/ros/humble/lib/x86_64-linux-gnu:/opt/ros/humble/opt/openvdb_vendor/lib:/opt/ros/humble/lib /usr/bin/cmake --build /home/potato/RC_2026/build/rc26_merge_odom -- -j28 -l28[0m
[6.298s] [34mcolcon.colcon_core.event_handler.log_command[0m [1;30mDEBUG[0m [32mInvoking command in '/home/potato/RC_2026/build/rc26_merge_odom': CMAKE_PREFIX_PATH=/home/potato/RC_2026/install/rc26_serial:/home/potato/RC_2026/install/small_gicp:/home/potato/RC_2026/install/rc26_merge_odom:/home/potato/RC_2026/install/rc26_bringup:/home/potato/RC_2026/install/rc26_decision:/home/potato/RC_2026/install/rc26_sensor_scan:/home/potato/RC_2026/install/rc26_perception:/home/potato/RC_2026/install/rc26_omni_controller:/home/potato/RC_2026/install/rc26_odom_interface:/home/potato/RC_2026/install/rc26_localization:/home/potato/RC_2026/install/point_lio:/home/potato/RC_2026/install/mid360_driver:/opt/ros/humble:/opt/ros/humble LD_LIBRARY_PATH=/home/potato/RC_2026/install/rc26_serial/lib:/home/potato/RC_2026/install/small_gicp/lib:/home/potato/RC_2026/install/rc26_merge_odom/lib:/home/potato/RC_2026/install/rc26_decision/lib:/home/potato/RC_2026/install/rc26_sensor_scan/lib:/home/potato/RC_2026/install/rc26_perception/lib:/home/potato/RC_2026/install/rc26_omni_controller/lib:/home/potato/RC_2026/install/rc26_odom_interface/lib:/home/potato/RC_2026/install/rc26_localization/lib:/home/potato/RC_2026/install/mid360_driver/lib:/usr/local/lib:/usr/local/cuda/lib64:/usr/local/lib:/lib64:/usr/lib/x86_64-linux-gnu/gazebo-11/plugins:/opt/ros/humble/opt/rviz_ogre_vendor/lib:/opt/ros/humble/lib/x86_64-linux-gnu:/opt/ros/humble/opt/openvdb_vendor/lib:/opt/ros/humble/lib /usr/bin/cmake --install /home/potato/RC_2026/build/rc26_merge_odom[0m
[6.317s] [34mcolcon.colcon_core.environment[0m [1;30mLevel 1[0m create_environment_scripts_only(rc26_merge_odom)
[6.317s] [34mcolcon.colcon_core.environment[0m [1;30mLevel 1[0m checking '/home/potato/RC_2026/install/rc26_merge_odom' for CMake module files
[6.318s] [34mcolcon.colcon_core.event_handler.log_command[0m [1;30mDEBUG[0m [32mInvoked command in '/home/potato/RC_2026/build/rc26_merge_odom' returned '0': CMAKE_PREFIX_PATH=/home/potato/RC_2026/install/rc26_serial:/home/potato/RC_2026/install/small_gicp:/home/potato/RC_2026/install/rc26_merge_odom:/home/potato/RC_2026/install/rc26_bringup:/home/potato/RC_2026/install/rc26_decision:/home/potato/RC_2026/install/rc26_sensor_scan:/home/potato/RC_2026/install/rc26_perception:/home/potato/RC_2026/install/rc26_omni_controller:/home/potato/RC_2026/install/rc26_odom_interface:/home/potato/RC_2026/install/rc26_localization:/home/potato/RC_2026/install/point_lio:/home/potato/RC_2026/install/mid360_driver:/opt/ros/humble:/opt/ros/humble LD_LIBRARY_PATH=/home/potato/RC_2026/install/rc26_serial/lib:/home/potato/RC_2026/install/small_gicp/lib:/home/potato/RC_2026/install/rc26_merge_odom/lib:/home/potato/RC_2026/install/rc26_decision/lib:/home/potato/RC_2026/install/rc26_sensor_scan/lib:/home/potato/RC_2026/install/rc26_perception/lib:/home/potato/RC_2026/install/rc26_omni_controller/lib:/home/potato/RC_2026/install/rc26_odom_interface/lib:/home/potato/RC_2026/install/rc26_localization/lib:/home/potato/RC_2026/install/mid360_driver/lib:/usr/local/lib:/usr/local/cuda/lib64:/usr/local/lib:/lib64:/usr/lib/x86_64-linux-gnu/gazebo-11/plugins:/opt/ros/humble/opt/rviz_ogre_vendor/lib:/opt/ros/humble/lib/x86_64-linux-gnu:/opt/ros/humble/opt/openvdb_vendor/lib:/opt/ros/humble/lib /usr/bin/cmake --install /home/potato/RC_2026/build/rc26_merge_odom[0m
[6.319s] [34mcolcon.colcon_core.environment[0m [1;30mLevel 1[0m checking '/home/potato/RC_2026/install/rc26_merge_odom' for CMake config files
[6.319s] [34mcolcon.colcon_core.shell[0m [1;30mLevel 1[0m create_environment_hook('rc26_merge_odom', 'cmake_prefix_path')
[6.319s] [34mcolcon.colcon_core.shell[0m [1;30mINFO[0m Creating environment hook '/home/potato/RC_2026/install/rc26_merge_odom/share/rc26_merge_odom/hook/cmake_prefix_path.ps1'
[6.320s] [34mcolcon.colcon_core.shell[0m [1;30mINFO[0m Creating environment descriptor '/home/potato/RC_2026/install/rc26_merge_odom/share/rc26_merge_odom/hook/cmake_prefix_path.dsv'
[6.320s] [34mcolcon.colcon_core.shell[0m [1;30mINFO[0m Creating environment hook '/home/potato/RC_2026/install/rc26_merge_odom/share/rc26_merge_odom/hook/cmake_prefix_path.sh'
[6.321s] [34mcolcon.colcon_core.environment[0m [1;30mLevel 1[0m checking '/home/potato/RC_2026/install/rc26_merge_odom/lib'
[6.321s] [34mcolcon.colcon_core.shell[0m [1;30mLevel 1[0m create_environment_hook('rc26_merge_odom', 'ld_library_path_lib')
[6.321s] [34mcolcon.colcon_core.shell[0m [1;30mINFO[0m Creating environment hook '/home/potato/RC_2026/install/rc26_merge_odom/share/rc26_merge_odom/hook/ld_library_path_lib.ps1'
[6.321s] [34mcolcon.colcon_core.shell[0m [1;30mINFO[0m Creating environment descriptor '/home/potato/RC_2026/install/rc26_merge_odom/share/rc26_merge_odom/hook/ld_library_path_lib.dsv'
[6.322s] [34mcolcon.colcon_core.shell[0m [1;30mINFO[0m Creating environment hook '/home/potato/RC_2026/install/rc26_merge_odom/share/rc26_merge_odom/hook/ld_library_path_lib.sh'
[6.322s] [34mcolcon.colcon_core.environment[0m [1;30mLevel 1[0m checking '/home/potato/RC_2026/install/rc26_merge_odom/bin'
[6.322s] [34mcolcon.colcon_core.environment[0m [1;30mLevel 1[0m checking '/home/potato/RC_2026/install/rc26_merge_odom/lib/pkgconfig/rc26_merge_odom.pc'
[6.322s] [34mcolcon.colcon_core.environment[0m [1;30mLevel 1[0m checking '/home/potato/RC_2026/install/rc26_merge_odom/lib/python3.10/site-packages'
[6.323s] [34mcolcon.colcon_core.environment[0m [1;30mLevel 1[0m checking '/home/potato/RC_2026/install/rc26_merge_odom/bin'
[6.323s] [34mcolcon.colcon_core.shell[0m [1;30mINFO[0m Creating package script '/home/potato/RC_2026/install/rc26_merge_odom/share/rc26_merge_odom/package.ps1'
[6.324s] [34mcolcon.colcon_core.shell[0m [1;30mINFO[0m Creating package descriptor '/home/potato/RC_2026/install/rc26_merge_odom/share/rc26_merge_odom/package.dsv'
[6.324s] [34mcolcon.colcon_core.shell[0m [1;30mINFO[0m Creating package script '/home/potato/RC_2026/install/rc26_merge_odom/share/rc26_merge_odom/package.sh'
[6.324s] [34mcolcon.colcon_core.shell[0m [1;30mINFO[0m Creating package script '/home/potato/RC_2026/install/rc26_merge_odom/share/rc26_merge_odom/package.bash'
[6.325s] [34mcolcon.colcon_core.shell[0m [1;30mINFO[0m Creating package script '/home/potato/RC_2026/install/rc26_merge_odom/share/rc26_merge_odom/package.zsh'
[6.325s] [34mcolcon.colcon_core.environment[0m [1;30mLevel 1[0m create_file_with_runtime_dependencies(/home/potato/RC_2026/install/rc26_merge_odom/share/colcon-core/packages/rc26_merge_odom)
[6.326s] [34mcolcon.colcon_core.environment[0m [1;30mLevel 1[0m create_environment_scripts_only(rc26_merge_odom)
[6.326s] [34mcolcon.colcon_core.environment[0m [1;30mLevel 1[0m checking '/home/potato/RC_2026/install/rc26_merge_odom' for CMake module files
[6.326s] [34mcolcon.colcon_core.environment[0m [1;30mLevel 1[0m checking '/home/potato/RC_2026/install/rc26_merge_odom' for CMake config files
[6.327s] [34mcolcon.colcon_core.shell[0m [1;30mLevel 1[0m create_environment_hook('rc26_merge_odom', 'cmake_prefix_path')
[6.327s] [34mcolcon.colcon_core.shell[0m [1;30mINFO[0m Creating environment hook '/home/potato/RC_2026/install/rc26_merge_odom/share/rc26_merge_odom/hook/cmake_prefix_path.ps1'
[6.327s] [34mcolcon.colcon_core.shell[0m [1;30mINFO[0m Creating environment descriptor '/home/potato/RC_2026/install/rc26_merge_odom/share/rc26_merge_odom/hook/cmake_prefix_path.dsv'
[6.328s] [34mcolcon.colcon_core.shell[0m [1;30mINFO[0m Creating environment hook '/home/potato/RC_2026/install/rc26_merge_odom/share/rc26_merge_odom/hook/cmake_prefix_path.sh'
[6.328s] [34mcolcon.colcon_core.environment[0m [1;30mLevel 1[0m checking '/home/potato/RC_2026/install/rc26_merge_odom/lib'
[6.328s] [34mcolcon.colcon_core.shell[0m [1;30mLevel 1[0m create_environment_hook('rc26_merge_odom', 'ld_library_path_lib')
[6.328s] [34mcolcon.colcon_core.shell[0m [1;30mINFO[0m Creating environment hook '/home/potato/RC_2026/install/rc26_merge_odom/share/rc26_merge_odom/hook/ld_library_path_lib.ps1'
[6.328s] [34mcolcon.colcon_core.shell[0m [1;30mINFO[0m Creating environment descriptor '/home/potato/RC_2026/install/rc26_merge_odom/share/rc26_merge_odom/hook/ld_library_path_lib.dsv'
[6.328s] [34mcolcon.colcon_core.shell[0m [1;30mINFO[0m Creating environment hook '/home/potato/RC_2026/install/rc26_merge_odom/share/rc26_merge_odom/hook/ld_library_path_lib.sh'
[6.329s] [34mcolcon.colcon_core.environment[0m [1;30mLevel 1[0m checking '/home/potato/RC_2026/install/rc26_merge_odom/bin'
[6.329s] [34mcolcon.colcon_core.environment[0m [1;30mLevel 1[0m checking '/home/potato/RC_2026/install/rc26_merge_odom/lib/pkgconfig/rc26_merge_odom.pc'
[6.329s] [34mcolcon.colcon_core.environment[0m [1;30mLevel 1[0m checking '/home/potato/RC_2026/install/rc26_merge_odom/lib/python3.10/site-packages'
[6.329s] [34mcolcon.colcon_core.environment[0m [1;30mLevel 1[0m checking '/home/potato/RC_2026/install/rc26_merge_odom/bin'
[6.329s] [34mcolcon.colcon_core.shell[0m [1;30mINFO[0m Creating package script '/home/potato/RC_2026/install/rc26_merge_odom/share/rc26_merge_odom/package.ps1'
[6.330s] [34mcolcon.colcon_core.shell[0m [1;30mINFO[0m Creating package descriptor '/home/potato/RC_2026/install/rc26_merge_odom/share/rc26_merge_odom/package.dsv'
[6.330s] [34mcolcon.colcon_core.shell[0m [1;30mINFO[0m Creating package script '/home/potato/RC_2026/install/rc26_merge_odom/share/rc26_merge_odom/package.sh'
[6.330s] [34mcolcon.colcon_core.shell[0m [1;30mINFO[0m Creating package script '/home/potato/RC_2026/install/rc26_merge_odom/share/rc26_merge_odom/package.bash'
[6.330s] [34mcolcon.colcon_core.shell[0m [1;30mINFO[0m Creating package script '/home/potato/RC_2026/install/rc26_merge_odom/share/rc26_merge_odom/package.zsh'
[6.331s] [34mcolcon.colcon_core.environment[0m [1;30mLevel 1[0m create_file_with_runtime_dependencies(/home/potato/RC_2026/install/rc26_merge_odom/share/colcon-core/packages/rc26_merge_odom)
[6.331s] [34mcolcon.colcon_ros.task.ament_cmake.build[0m [1;30mINFO[0m Building ROS package in '/home/potato/RC_2026/RC_2026_1/rc26_bringup' with build type 'ament_cmake'
[6.331s] [34mcolcon.colcon_cmake.task.cmake.build[0m [1;30mINFO[0m Building CMake package in '/home/potato/RC_2026/RC_2026_1/rc26_bringup'
[6.331s] [34mcolcon.colcon_core.shell[0m [1;30mINFO[0m Skip shell extension 'powershell' for command environment: Not usable outside of PowerShell
[6.331s] [34mcolcon.colcon_core.shell[0m [1;30mDEBUG[0m [32mSkip shell extension 'dsv' for command environment[0m
[6.361s] [34mcolcon.colcon_core.event_handler.log_command[0m [1;30mDEBUG[0m [32mInvoking command in '/home/potato/RC_2026/build/rc26_bringup': CMAKE_PREFIX_PATH=/home/potato/RC_2026/install/rc26_decision:/home/potato/RC_2026/install/rc26_serial:/home/potato/RC_2026/install/rc26_sensor_scan:/home/potato/RC_2026/install/rc26_perception:/home/potato/RC_2026/install/rc26_omni_controller:/home/potato/RC_2026/install/rc26_odom_interface:/home/potato/RC_2026/install/rc26_localization:/home/potato/RC_2026/install/point_lio:/home/potato/RC_2026/install/mid360_driver:/home/potato/RC_2026/install/small_gicp:/home/potato/RC_2026/install/rc26_merge_odom:/home/potato/RC_2026/install/rc26_bringup:/opt/ros/humble:/opt/ros/humble LD_LIBRARY_PATH=/home/potato/RC_2026/install/rc26_decision/lib:/home/potato/RC_2026/install/rc26_serial/lib:/home/potato/RC_2026/install/rc26_sensor_scan/lib:/home/potato/RC_2026/install/rc26_perception/lib:/home/potato/RC_2026/install/rc26_omni_controller/lib:/home/potato/RC_2026/install/rc26_odom_interface/lib:/home/potato/RC_2026/install/rc26_localization/lib:/home/potato/RC_2026/install/mid360_driver/lib:/home/potato/RC_2026/install/small_gicp/lib:/home/potato/RC_2026/install/rc26_merge_odom/lib:/usr/local/lib:/usr/local/cuda/lib64:/usr/local/lib:/lib64:/usr/lib/x86_64-linux-gnu/gazebo-11/plugins:/opt/ros/humble/opt/rviz_ogre_vendor/lib:/opt/ros/humble/lib/x86_64-linux-gnu:/opt/ros/humble/opt/openvdb_vendor/lib:/opt/ros/humble/lib /usr/bin/cmake --build /home/potato/RC_2026/build/rc26_bringup -- -j28 -l28[0m
[6.390s] [34mcolcon.colcon_core.event_handler.log_command[0m [1;30mDEBUG[0m [32mInvoked command in '/home/potato/RC_2026/build/rc26_bringup' returned '0': CMAKE_PREFIX_PATH=/home/potato/RC_2026/install/rc26_decision:/home/potato/RC_2026/install/rc26_serial:/home/potato/RC_2026/install/rc26_sensor_scan:/home/potato/RC_2026/install/rc26_perception:/home/potato/RC_2026/install/rc26_omni_controller:/home/potato/RC_2026/install/rc26_odom_interface:/home/potato/RC_2026/install/rc26_localization:/home/potato/RC_2026/install/point_lio:/home/potato/RC_2026/install/mid360_driver:/home/potato/RC_2026/install/small_gicp:/home/potato/RC_2026/install/rc26_merge_odom:/home/potato/RC_2026/install/rc26_bringup:/opt/ros/humble:/opt/ros/humble LD_LIBRARY_PATH=/home/potato/RC_2026/install/rc26_decision/lib:/home/potato/RC_2026/install/rc26_serial/lib:/home/potato/RC_2026/install/rc26_sensor_scan/lib:/home/potato/RC_2026/install/rc26_perception/lib:/home/potato/RC_2026/install/rc26_omni_controller/lib:/home/potato/RC_2026/install/rc26_odom_interface/lib:/home/potato/RC_2026/install/rc26_localization/lib:/home/potato/RC_2026/install/mid360_driver/lib:/home/potato/RC_2026/install/small_gicp/lib:/home/potato/RC_2026/install/rc26_merge_odom/lib:/usr/local/lib:/usr/local/cuda/lib64:/usr/local/lib:/lib64:/usr/lib/x86_64-linux-gnu/gazebo-11/plugins:/opt/ros/humble/opt/rviz_ogre_vendor/lib:/opt/ros/humble/lib/x86_64-linux-gnu:/opt/ros/humble/opt/openvdb_vendor/lib:/opt/ros/humble/lib /usr/bin/cmake --build /home/potato/RC_2026/build/rc26_bringup -- -j28 -l28[0m
[6.391s] [34mcolcon.colcon_core.event_handler.log_command[0m [1;30mDEBUG[0m [32mInvoking command in '/home/potato/RC_2026/build/rc26_bringup': CMAKE_PREFIX_PATH=/home/potato/RC_2026/install/rc26_decision:/home/potato/RC_2026/install/rc26_serial:/home/potato/RC_2026/install/rc26_sensor_scan:/home/potato/RC_2026/install/rc26_perception:/home/potato/RC_2026/install/rc26_omni_controller:/home/potato/RC_2026/install/rc26_odom_interface:/home/potato/RC_2026/install/rc26_localization:/home/potato/RC_2026/install/point_lio:/home/potato/RC_2026/install/mid360_driver:/home/potato/RC_2026/install/small_gicp:/home/potato/RC_2026/install/rc26_merge_odom:/home/potato/RC_2026/install/rc26_bringup:/opt/ros/humble:/opt/ros/humble LD_LIBRARY_PATH=/home/potato/RC_2026/install/rc26_decision/lib:/home/potato/RC_2026/install/rc26_serial/lib:/home/potato/RC_2026/install/rc26_sensor_scan/lib:/home/potato/RC_2026/install/rc26_perception/lib:/home/potato/RC_2026/install/rc26_omni_controller/lib:/home/potato/RC_2026/install/rc26_odom_interface/lib:/home/potato/RC_2026/install/rc26_localization/lib:/home/potato/RC_2026/install/mid360_driver/lib:/home/potato/RC_2026/install/small_gicp/lib:/home/potato/RC_2026/install/rc26_merge_odom/lib:/usr/local/lib:/usr/local/cuda/lib64:/usr/local/lib:/lib64:/usr/lib/x86_64-linux-gnu/gazebo-11/plugins:/opt/ros/humble/opt/rviz_ogre_vendor/lib:/opt/ros/humble/lib/x86_64-linux-gnu:/opt/ros/humble/opt/openvdb_vendor/lib:/opt/ros/humble/lib /usr/bin/cmake --install /home/potato/RC_2026/build/rc26_bringup[0m
[6.400s] [34mcolcon.colcon_core.environment[0m [1;30mLevel 1[0m create_environment_scripts_only(rc26_bringup)
[6.400s] [34mcolcon.colcon_core.environment[0m [1;30mLevel 1[0m checking '/home/potato/RC_2026/install/rc26_bringup' for CMake module files
[6.400s] [34mcolcon.colcon_core.event_handler.log_command[0m [1;30mDEBUG[0m [32mInvoked command in '/home/potato/RC_2026/build/rc26_bringup' returned '0': CMAKE_PREFIX_PATH=/home/potato/RC_2026/install/rc26_decision:/home/potato/RC_2026/install/rc26_serial:/home/potato/RC_2026/install/rc26_sensor_scan:/home/potato/RC_2026/install/rc26_perception:/home/potato/RC_2026/install/rc26_omni_controller:/home/potato/RC_2026/install/rc26_odom_interface:/home/potato/RC_2026/install/rc26_localization:/home/potato/RC_2026/install/point_lio:/home/potato/RC_2026/install/mid360_driver:/home/potato/RC_2026/install/small_gicp:/home/potato/RC_2026/install/rc26_merge_odom:/home/potato/RC_2026/install/rc26_bringup:/opt/ros/humble:/opt/ros/humble LD_LIBRARY_PATH=/home/potato/RC_2026/install/rc26_decision/lib:/home/potato/RC_2026/install/rc26_serial/lib:/home/potato/RC_2026/install/rc26_sensor_scan/lib:/home/potato/RC_2026/install/rc26_perception/lib:/home/potato/RC_2026/install/rc26_omni_controller/lib:/home/potato/RC_2026/install/rc26_odom_interface/lib:/home/potato/RC_2026/install/rc26_localization/lib:/home/potato/RC_2026/install/mid360_driver/lib:/home/potato/RC_2026/install/small_gicp/lib:/home/potato/RC_2026/install/rc26_merge_odom/lib:/usr/local/lib:/usr/local/cuda/lib64:/usr/local/lib:/lib64:/usr/lib/x86_64-linux-gnu/gazebo-11/plugins:/opt/ros/humble/opt/rviz_ogre_vendor/lib:/opt/ros/humble/lib/x86_64-linux-gnu:/opt/ros/humble/opt/openvdb_vendor/lib:/opt/ros/humble/lib /usr/bin/cmake --install /home/potato/RC_2026/build/rc26_bringup[0m
[6.400s] [34mcolcon.colcon_core.environment[0m [1;30mLevel 1[0m checking '/home/potato/RC_2026/install/rc26_bringup' for CMake config files
[6.401s] [34mcolcon.colcon_core.shell[0m [1;30mLevel 1[0m create_environment_hook('rc26_bringup', 'cmake_prefix_path')
[6.401s] [34mcolcon.colcon_core.shell[0m [1;30mINFO[0m Creating environment hook '/home/potato/RC_2026/install/rc26_bringup/share/rc26_bringup/hook/cmake_prefix_path.ps1'
[6.401s] [34mcolcon.colcon_core.shell[0m [1;30mINFO[0m Creating environment descriptor '/home/potato/RC_2026/install/rc26_bringup/share/rc26_bringup/hook/cmake_prefix_path.dsv'
[6.401s] [34mcolcon.colcon_core.shell[0m [1;30mINFO[0m Creating environment hook '/home/potato/RC_2026/install/rc26_bringup/share/rc26_bringup/hook/cmake_prefix_path.sh'
[6.401s] [34mcolcon.colcon_core.environment[0m [1;30mLevel 1[0m checking '/home/potato/RC_2026/install/rc26_bringup/bin'
[6.402s] [34mcolcon.colcon_core.environment[0m [1;30mLevel 1[0m checking '/home/potato/RC_2026/install/rc26_bringup/lib/pkgconfig/rc26_bringup.pc'
[6.402s] [34mcolcon.colcon_core.environment[0m [1;30mLevel 1[0m checking '/home/potato/RC_2026/install/rc26_bringup/lib/python3.10/site-packages'
[6.402s] [34mcolcon.colcon_core.environment[0m [1;30mLevel 1[0m checking '/home/potato/RC_2026/install/rc26_bringup/bin'
[6.402s] [34mcolcon.colcon_core.shell[0m [1;30mINFO[0m Creating package script '/home/potato/RC_2026/install/rc26_bringup/share/rc26_bringup/package.ps1'
[6.402s] [34mcolcon.colcon_core.shell[0m [1;30mINFO[0m Creating package descriptor '/home/potato/RC_2026/install/rc26_bringup/share/rc26_bringup/package.dsv'
[6.403s] [34mcolcon.colcon_core.shell[0m [1;30mINFO[0m Creating package script '/home/potato/RC_2026/install/rc26_bringup/share/rc26_bringup/package.sh'
[6.403s] [34mcolcon.colcon_core.shell[0m [1;30mINFO[0m Creating package script '/home/potato/RC_2026/install/rc26_bringup/share/rc26_bringup/package.bash'
[6.403s] [34mcolcon.colcon_core.shell[0m [1;30mINFO[0m Creating package script '/home/potato/RC_2026/install/rc26_bringup/share/rc26_bringup/package.zsh'
[6.403s] [34mcolcon.colcon_core.environment[0m [1;30mLevel 1[0m create_file_with_runtime_dependencies(/home/potato/RC_2026/install/rc26_bringup/share/colcon-core/packages/rc26_bringup)
[6.403s] [34mcolcon.colcon_core.environment[0m [1;30mLevel 1[0m create_environment_scripts_only(rc26_bringup)
[6.404s] [34mcolcon.colcon_core.environment[0m [1;30mLevel 1[0m checking '/home/potato/RC_2026/install/rc26_bringup' for CMake module files
[6.404s] [34mcolcon.colcon_core.environment[0m [1;30mLevel 1[0m checking '/home/potato/RC_2026/install/rc26_bringup' for CMake config files
[6.404s] [34mcolcon.colcon_core.shell[0m [1;30mLevel 1[0m create_environment_hook('rc26_bringup', 'cmake_prefix_path')
[6.404s] [34mcolcon.colcon_core.shell[0m [1;30mINFO[0m Creating environment hook '/home/potato/RC_2026/install/rc26_bringup/share/rc26_bringup/hook/cmake_prefix_path.ps1'
[6.404s] [34mcolcon.colcon_core.shell[0m [1;30mINFO[0m Creating environment descriptor '/home/potato/RC_2026/install/rc26_bringup/share/rc26_bringup/hook/cmake_prefix_path.dsv'
[6.404s] [34mcolcon.colcon_core.shell[0m [1;30mINFO[0m Creating environment hook '/home/potato/RC_2026/install/rc26_bringup/share/rc26_bringup/hook/cmake_prefix_path.sh'
[6.405s] [34mcolcon.colcon_core.environment[0m [1;30mLevel 1[0m checking '/home/potato/RC_2026/install/rc26_bringup/bin'
[6.405s] [34mcolcon.colcon_core.environment[0m [1;30mLevel 1[0m checking '/home/potato/RC_2026/install/rc26_bringup/lib/pkgconfig/rc26_bringup.pc'
[6.405s] [34mcolcon.colcon_core.environment[0m [1;30mLevel 1[0m checking '/home/potato/RC_2026/install/rc26_bringup/lib/python3.10/site-packages'
[6.405s] [34mcolcon.colcon_core.environment[0m [1;30mLevel 1[0m checking '/home/potato/RC_2026/install/rc26_bringup/bin'
[6.405s] [34mcolcon.colcon_core.shell[0m [1;30mINFO[0m Creating package script '/home/potato/RC_2026/install/rc26_bringup/share/rc26_bringup/package.ps1'
[6.406s] [34mcolcon.colcon_core.shell[0m [1;30mINFO[0m Creating package descriptor '/home/potato/RC_2026/install/rc26_bringup/share/rc26_bringup/package.dsv'
[6.406s] [34mcolcon.colcon_core.shell[0m [1;30mINFO[0m Creating package script '/home/potato/RC_2026/install/rc26_bringup/share/rc26_bringup/package.sh'
[6.406s] [34mcolcon.colcon_core.shell[0m [1;30mINFO[0m Creating package script '/home/potato/RC_2026/install/rc26_bringup/share/rc26_bringup/package.bash'
[6.406s] [34mcolcon.colcon_core.shell[0m [1;30mINFO[0m Creating package script '/home/potato/RC_2026/install/rc26_bringup/share/rc26_bringup/package.zsh'
[6.406s] [34mcolcon.colcon_core.environment[0m [1;30mLevel 1[0m create_file_with_runtime_dependencies(/home/potato/RC_2026/install/rc26_bringup/share/colcon-core/packages/rc26_bringup)
[6.407s] [34mcolcon.colcon_parallel_executor.executor.parallel[0m [1;30mDEBUG[0m [32mclosing loop[0m
[6.407s] [34mcolcon.colcon_parallel_executor.executor.parallel[0m [1;30mDEBUG[0m [32mloop closed[0m
[6.407s] [34mcolcon.colcon_parallel_executor.executor.parallel[0m [1;30mDEBUG[0m [32mrun_until_complete finished with '0'[0m
[6.407s] [34mcolcon.colcon_core.event_reactor[0m [1;30mDEBUG[0m [32mjoining thread[0m
[6.410s] [34mcolcon.colcon_core.plugin_system[0m [1;30mINFO[0m Skipping extension 'colcon_notification.desktop_notification.terminal_notifier': Not used on non-Darwin systems
[6.410s] [34mcolcon.colcon_core.plugin_system[0m [1;30mINFO[0m Skipping extension 'colcon_notification.desktop_notification.win32': Not used on non-Windows systems
[6.410s] [34mcolcon.colcon_notification.desktop_notification[0m [1;30mINFO[0m Sending desktop notification using 'notify2'
[6.418s] [34mcolcon.colcon_core.event_reactor[0m [1;30mDEBUG[0m [32mjoined thread[0m
[6.418s] [34mcolcon.colcon_core.shell[0m [1;30mINFO[0m Creating prefix script '/home/potato/RC_2026/install/local_setup.ps1'
[6.419s] [34mcolcon.colcon_core.shell[0m [1;30mINFO[0m Creating prefix util module '/home/potato/RC_2026/install/_local_setup_util_ps1.py'
[6.420s] [34mcolcon.colcon_core.shell[0m [1;30mINFO[0m Creating prefix chain script '/home/potato/RC_2026/install/setup.ps1'
[6.420s] [34mcolcon.colcon_core.shell[0m [1;30mINFO[0m Creating prefix script '/home/potato/RC_2026/install/local_setup.sh'
[6.421s] [34mcolcon.colcon_core.shell[0m [1;30mINFO[0m Creating prefix util module '/home/potato/RC_2026/install/_local_setup_util_sh.py'
[6.421s] [34mcolcon.colcon_core.shell[0m [1;30mINFO[0m Creating prefix chain script '/home/potato/RC_2026/install/setup.sh'
[6.422s] [34mcolcon.colcon_core.shell[0m [1;30mINFO[0m Creating prefix script '/home/potato/RC_2026/install/local_setup.bash'
[6.422s] [34mcolcon.colcon_core.shell[0m [1;30mINFO[0m Creating prefix chain script '/home/potato/RC_2026/install/setup.bash'
[6.423s] [34mcolcon.colcon_core.shell[0m [1;30mINFO[0m Creating prefix script '/home/potato/RC_2026/install/local_setup.zsh'
[6.423s] [34mcolcon.colcon_core.shell[0m [1;30mINFO[0m Creating prefix chain script '/home/potato/RC_2026/install/setup.zsh'
