[0.238s] [34mcolcon[0m [1;30mDEBUG[0m [32mCommand line arguments: ['/usr/bin/colcon', 'build', '--parallel-workers', '1'][0m
[0.238s] [34mcolcon[0m [1;30mDEBUG[0m [32mParsed command line arguments: Namespace(log_base=None, log_level=None, verb_name='build', build_base='build', install_base='install', merge_install=False, symlink_install=False, test_result_base=None, continue_on_error=False, executor='parallel', parallel_workers=1, event_handlers=None, ignore_user_meta=False, metas=['./colcon.meta'], base_paths=['.'], packages_ignore=None, packages_ignore_regex=None, paths=None, packages_up_to=None, packages_up_to_regex=None, packages_above=None, packages_above_and_dependencies=None, packages_above_depth=None, packages_select_by_dep=None, packages_skip_by_dep=None, packages_skip_up_to=None, packages_select_build_failed=False, packages_skip_build_finished=False, packages_select_test_failures=False, packages_skip_test_passed=False, packages_select=None, packages_skip=None, packages_select_regex=None, packages_skip_regex=None, packages_start=None, packages_end=None, allow_overriding=[], cmake_args=None, cmake_target=None, cmake_target_skip_unavailable=False, cmake_clean_cache=False, cmake_clean_first=False, cmake_force_configure=False, ament_cmake_args=None, catkin_cmake_args=None, catkin_skip_building_tests=False, verb_parser=<colcon_defaults.argument_parser.defaults.DefaultArgumentsDecorator object at 0x791f6bb66680>, verb_extension=<colcon_core.verb.build.BuildVerb object at 0x791f6bb66080>, main=<bound method BuildVerb.main of <colcon_core.verb.build.BuildVerb object at 0x791f6bb66080>>)[0m
[0.455s] [34mcolcon.colcon_core.package_discovery[0m [1;30mLevel 1[0m discover_packages(colcon_meta) check parameters
[0.455s] [34mcolcon.colcon_core.package_discovery[0m [1;30mLevel 1[0m discover_packages(recursive) check parameters
[0.455s] [34mcolcon.colcon_core.package_discovery[0m [1;30mLevel 1[0m discover_packages(ignore) check parameters
[0.455s] [34mcolcon.colcon_core.package_discovery[0m [1;30mLevel 1[0m discover_packages(path) check parameters
[0.455s] [34mcolcon.colcon_core.package_discovery[0m [1;30mLevel 1[0m discover_packages(colcon_meta) discover
[0.455s] [34mcolcon.colcon_core.package_discovery[0m [1;30mLevel 1[0m discover_packages(recursive) discover
[0.455s] [34mcolcon.colcon_core.package_discovery[0m [1;30mINFO[0m Crawling recursively for packages in '/home/potato/RC_2026'
[0.455s] [34mcolcon.colcon_core.package_identification[0m [1;30mLevel 1[0m _identify(.) by extensions ['ignore', 'ignore_ament_install']
[0.455s] [34mcolcon.colcon_core.package_identification[0m [1;30mLevel 1[0m _identify(.) by extension 'ignore'
[0.456s] [34mcolcon.colcon_core.package_identification[0m [1;30mLevel 1[0m _identify(.) by extension 'ignore_ament_install'
[0.456s] [34mcolcon.colcon_core.package_identification[0m [1;30mLevel 1[0m _identify(.) by extensions ['colcon_pkg']
[0.456s] [34mcolcon.colcon_core.package_identification[0m [1;30mLevel 1[0m _identify(.) by extension 'colcon_pkg'
[0.456s] [34mcolcon.colcon_core.package_identification[0m [1;30mLevel 1[0m _identify(.) by extensions ['colcon_meta']
[0.456s] [34mcolcon.colcon_core.package_identification[0m [1;30mLevel 1[0m _identify(.) by extension 'colcon_meta'
[0.456s] [34mcolcon.colcon_core.package_identification[0m [1;30mLevel 1[0m _identify(.) by extensions ['ros']
[0.456s] [34mcolcon.colcon_core.package_identification[0m [1;30mLevel 1[0m _identify(.) by extension 'ros'
[0.464s] [34mcolcon.colcon_core.package_identification[0m [1;30mLevel 1[0m _identify(.) by extensions ['cmake', 'python']
[0.464s] [34mcolcon.colcon_core.package_identification[0m [1;30mLevel 1[0m _identify(.) by extension 'cmake'
[0.464s] [34mcolcon.colcon_core.package_identification[0m [1;30mLevel 1[0m _identify(.) by extension 'python'
[0.464s] [34mcolcon.colcon_core.package_identification[0m [1;30mLevel 1[0m _identify(.) by extensions ['python_setup_py']
[0.464s] [34mcolcon.colcon_core.package_identification[0m [1;30mLevel 1[0m _identify(.) by extension 'python_setup_py'
[0.465s] [34mcolcon.colcon_core.package_identification[0m [1;30mLevel 1[0m _identify(RC_2026_1) by extensions ['ignore', 'ignore_ament_install']
[0.465s] [34mcolcon.colcon_core.package_identification[0m [1;30mLevel 1[0m _identify(RC_2026_1) by extension 'ignore'
[0.465s] [34mcolcon.colcon_core.package_identification[0m [1;30mLevel 1[0m _identify(RC_2026_1) by extension 'ignore_ament_install'
[0.465s] [34mcolcon.colcon_core.package_identification[0m [1;30mLevel 1[0m _identify(RC_2026_1) by extensions ['colcon_pkg']
[0.465s] [34mcolcon.colcon_core.package_identification[0m [1;30mLevel 1[0m _identify(RC_2026_1) by extension 'colcon_pkg'
[0.465s] [34mcolcon.colcon_core.package_identification[0m [1;30mLevel 1[0m _identify(RC_2026_1) by extensions ['colcon_meta']
[0.465s] [34mcolcon.colcon_core.package_identification[0m [1;30mLevel 1[0m _identify(RC_2026_1) by extension 'colcon_meta'
[0.465s] [34mcolcon.colcon_core.package_identification[0m [1;30mLevel 1[0m _identify(RC_2026_1) by extensions ['ros']
[0.465s] [34mcolcon.colcon_core.package_identification[0m [1;30mLevel 1[0m _identify(RC_2026_1) by extension 'ros'
[0.465s] [34mcolcon.colcon_core.package_identification[0m [1;30mLevel 1[0m _identify(RC_2026_1) by extensions ['cmake', 'python']
[0.465s] [34mcolcon.colcon_core.package_identification[0m [1;30mLevel 1[0m _identify(RC_2026_1) by extension 'cmake'
[0.465s] [34mcolcon.colcon_core.package_identification[0m [1;30mLevel 1[0m _identify(RC_2026_1) by extension 'python'
[0.465s] [34mcolcon.colcon_core.package_identification[0m [1;30mLevel 1[0m _identify(RC_2026_1) by extensions ['python_setup_py']
[0.465s] [34mcolcon.colcon_core.package_identification[0m [1;30mLevel 1[0m _identify(RC_2026_1) by extension 'python_setup_py'
[0.465s] [34mcolcon.colcon_core.package_identification[0m [1;30mLevel 1[0m _identify(RC_2026_1/mid360_driver) by extensions ['ignore', 'ignore_ament_install']
[0.465s] [34mcolcon.colcon_core.package_identification[0m [1;30mLevel 1[0m _identify(RC_2026_1/mid360_driver) by extension 'ignore'
[0.465s] [34mcolcon.colcon_core.package_identification[0m [1;30mLevel 1[0m _identify(RC_2026_1/mid360_driver) by extension 'ignore_ament_install'
[0.465s] [34mcolcon.colcon_core.package_identification[0m [1;30mLevel 1[0m _identify(RC_2026_1/mid360_driver) by extensions ['colcon_pkg']
[0.465s] [34mcolcon.colcon_core.package_identification[0m [1;30mLevel 1[0m _identify(RC_2026_1/mid360_driver) by extension 'colcon_pkg'
[0.465s] [34mcolcon.colcon_core.package_identification[0m [1;30mLevel 1[0m _identify(RC_2026_1/mid360_driver) by extensions ['colcon_meta']
[0.465s] [34mcolcon.colcon_core.package_identification[0m [1;30mLevel 1[0m _identify(RC_2026_1/mid360_driver) by extension 'colcon_meta'
[0.465s] [34mcolcon.colcon_core.package_identification[0m [1;30mLevel 1[0m _identify(RC_2026_1/mid360_driver) by extensions ['ros']
[0.465s] [34mcolcon.colcon_core.package_identification[0m [1;30mLevel 1[0m _identify(RC_2026_1/mid360_driver) by extension 'ros'
[0.467s] [34mcolcon.colcon_core.package_identification[0m [1;30mDEBUG[0m [32mPackage 'RC_2026_1/mid360_driver' with type 'ros.ament_cmake' and name 'mid360_driver'[0m
[0.467s] [34mcolcon.colcon_core.package_identification[0m [1;30mLevel 1[0m _identify(RC_2026_1/point_lio) by extensions ['ignore', 'ignore_ament_install']
[0.467s] [34mcolcon.colcon_core.package_identification[0m [1;30mLevel 1[0m _identify(RC_2026_1/point_lio) by extension 'ignore'
[0.467s] [34mcolcon.colcon_core.package_identification[0m [1;30mLevel 1[0m _identify(RC_2026_1/point_lio) by extension 'ignore_ament_install'
[0.467s] [34mcolcon.colcon_core.package_identification[0m [1;30mLevel 1[0m _identify(RC_2026_1/point_lio) by extensions ['colcon_pkg']
[0.467s] [34mcolcon.colcon_core.package_identification[0m [1;30mLevel 1[0m _identify(RC_2026_1/point_lio) by extension 'colcon_pkg'
[0.468s] [34mcolcon.colcon_core.package_identification[0m [1;30mLevel 1[0m _identify(RC_2026_1/point_lio) by extensions ['colcon_meta']
[0.468s] [34mcolcon.colcon_core.package_identification[0m [1;30mLevel 1[0m _identify(RC_2026_1/point_lio) by extension 'colcon_meta'
[0.468s] [34mcolcon.colcon_core.package_identification[0m [1;30mLevel 1[0m _identify(RC_2026_1/point_lio) by extensions ['ros']
[0.468s] [34mcolcon.colcon_core.package_identification[0m [1;30mLevel 1[0m _identify(RC_2026_1/point_lio) by extension 'ros'
[0.468s] [34mcolcon.colcon_core.package_identification[0m [1;30mDEBUG[0m [32mPackage 'RC_2026_1/point_lio' with type 'ros.ament_cmake' and name 'point_lio'[0m
[0.469s] [34mcolcon.colcon_core.package_identification[0m [1;30mLevel 1[0m _identify(RC_2026_1/rc26_bringup) by extensions ['ignore', 'ignore_ament_install']
[0.469s] [34mcolcon.colcon_core.package_identification[0m [1;30mLevel 1[0m _identify(RC_2026_1/rc26_bringup) by extension 'ignore'
[0.469s] [34mcolcon.colcon_core.package_identification[0m [1;30mLevel 1[0m _identify(RC_2026_1/rc26_bringup) by extension 'ignore_ament_install'
[0.469s] [34mcolcon.colcon_core.package_identification[0m [1;30mLevel 1[0m _identify(RC_2026_1/rc26_bringup) by extensions ['colcon_pkg']
[0.469s] [34mcolcon.colcon_core.package_identification[0m [1;30mLevel 1[0m _identify(RC_2026_1/rc26_bringup) by extension 'colcon_pkg'
[0.469s] [34mcolcon.colcon_core.package_identification[0m [1;30mLevel 1[0m _identify(RC_2026_1/rc26_bringup) by extensions ['colcon_meta']
[0.469s] [34mcolcon.colcon_core.package_identification[0m [1;30mLevel 1[0m _identify(RC_2026_1/rc26_bringup) by extension 'colcon_meta'
[0.469s] [34mcolcon.colcon_core.package_identification[0m [1;30mLevel 1[0m _identify(RC_2026_1/rc26_bringup) by extensions ['ros']
[0.469s] [34mcolcon.colcon_core.package_identification[0m [1;30mLevel 1[0m _identify(RC_2026_1/rc26_bringup) by extension 'ros'
[0.469s] [34mcolcon.colcon_core.package_identification[0m [1;30mDEBUG[0m [32mPackage 'RC_2026_1/rc26_bringup' with type 'ros.ament_cmake' and name 'rc26_bringup'[0m
[0.469s] [34mcolcon.colcon_core.package_identification[0m [1;30mLevel 1[0m _identify(RC_2026_1/rc26_decision) by extensions ['ignore', 'ignore_ament_install']
[0.469s] [34mcolcon.colcon_core.package_identification[0m [1;30mLevel 1[0m _identify(RC_2026_1/rc26_decision) by extension 'ignore'
[0.469s] [34mcolcon.colcon_core.package_identification[0m [1;30mLevel 1[0m _identify(RC_2026_1/rc26_decision) by extension 'ignore_ament_install'
[0.469s] [34mcolcon.colcon_core.package_identification[0m [1;30mLevel 1[0m _identify(RC_2026_1/rc26_decision) by extensions ['colcon_pkg']
[0.469s] [34mcolcon.colcon_core.package_identification[0m [1;30mLevel 1[0m _identify(RC_2026_1/rc26_decision) by extension 'colcon_pkg'
[0.469s] [34mcolcon.colcon_core.package_identification[0m [1;30mLevel 1[0m _identify(RC_2026_1/rc26_decision) by extensions ['colcon_meta']
[0.469s] [34mcolcon.colcon_core.package_identification[0m [1;30mLevel 1[0m _identify(RC_2026_1/rc26_decision) by extension 'colcon_meta'
[0.470s] [34mcolcon.colcon_core.package_identification[0m [1;30mLevel 1[0m _identify(RC_2026_1/rc26_decision) by extensions ['ros']
[0.470s] [34mcolcon.colcon_core.package_identification[0m [1;30mLevel 1[0m _identify(RC_2026_1/rc26_decision) by extension 'ros'
[0.470s] [34mcolcon.colcon_core.package_identification[0m [1;30mDEBUG[0m [32mPackage 'RC_2026_1/rc26_decision' with type 'ros.ament_cmake' and name 'rc26_decision'[0m
[0.470s] [34mcolcon.colcon_core.package_identification[0m [1;30mLevel 1[0m _identify(RC_2026_1/rc26_localization) by extensions ['ignore', 'ignore_ament_install']
[0.470s] [34mcolcon.colcon_core.package_identification[0m [1;30mLevel 1[0m _identify(RC_2026_1/rc26_localization) by extension 'ignore'
[0.470s] [34mcolcon.colcon_core.package_identification[0m [1;30mLevel 1[0m _identify(RC_2026_1/rc26_localization) by extension 'ignore_ament_install'
[0.470s] [34mcolcon.colcon_core.package_identification[0m [1;30mLevel 1[0m _identify(RC_2026_1/rc26_localization) by extensions ['colcon_pkg']
[0.470s] [34mcolcon.colcon_core.package_identification[0m [1;30mLevel 1[0m _identify(RC_2026_1/rc26_localization) by extension 'colcon_pkg'
[0.470s] [34mcolcon.colcon_core.package_identification[0m [1;30mLevel 1[0m _identify(RC_2026_1/rc26_localization) by extensions ['colcon_meta']
[0.470s] [34mcolcon.colcon_core.package_identification[0m [1;30mLevel 1[0m _identify(RC_2026_1/rc26_localization) by extension 'colcon_meta'
[0.471s] [34mcolcon.colcon_core.package_identification[0m [1;30mLevel 1[0m _identify(RC_2026_1/rc26_localization) by extensions ['ros']
[0.471s] [34mcolcon.colcon_core.package_identification[0m [1;30mLevel 1[0m _identify(RC_2026_1/rc26_localization) by extension 'ros'
[0.471s] [34mcolcon.colcon_core.package_identification[0m [1;30mDEBUG[0m [32mPackage 'RC_2026_1/rc26_localization' with type 'ros.ament_cmake' and name 'rc26_localization'[0m
[0.471s] [34mcolcon.colcon_core.package_identification[0m [1;30mLevel 1[0m _identify(RC_2026_1/rc26_merge_odom) by extensions ['ignore', 'ignore_ament_install']
[0.471s] [34mcolcon.colcon_core.package_identification[0m [1;30mLevel 1[0m _identify(RC_2026_1/rc26_merge_odom) by extension 'ignore'
[0.471s] [34mcolcon.colcon_core.package_identification[0m [1;30mLevel 1[0m _identify(RC_2026_1/rc26_merge_odom) by extension 'ignore_ament_install'
[0.471s] [34mcolcon.colcon_core.package_identification[0m [1;30mLevel 1[0m _identify(RC_2026_1/rc26_merge_odom) by extensions ['colcon_pkg']
[0.471s] [34mcolcon.colcon_core.package_identification[0m [1;30mLevel 1[0m _identify(RC_2026_1/rc26_merge_odom) by extension 'colcon_pkg'
[0.472s] [34mcolcon.colcon_core.package_identification[0m [1;30mLevel 1[0m _identify(RC_2026_1/rc26_merge_odom) by extensions ['colcon_meta']
[0.472s] [34mcolcon.colcon_core.package_identification[0m [1;30mLevel 1[0m _identify(RC_2026_1/rc26_merge_odom) by extension 'colcon_meta'
[0.472s] [34mcolcon.colcon_core.package_identification[0m [1;30mLevel 1[0m _identify(RC_2026_1/rc26_merge_odom) by extensions ['ros']
[0.472s] [34mcolcon.colcon_core.package_identification[0m [1;30mLevel 1[0m _identify(RC_2026_1/rc26_merge_odom) by extension 'ros'
[0.472s] [34mcolcon.colcon_core.package_identification[0m [1;30mDEBUG[0m [32mPackage 'RC_2026_1/rc26_merge_odom' with type 'ros.ament_cmake' and name 'rc26_merge_odom'[0m
[0.472s] [34mcolcon.colcon_core.package_identification[0m [1;30mLevel 1[0m _identify(RC_2026_1/rc26_odom_interface) by extensions ['ignore', 'ignore_ament_install']
[0.472s] [34mcolcon.colcon_core.package_identification[0m [1;30mLevel 1[0m _identify(RC_2026_1/rc26_odom_interface) by extension 'ignore'
[0.472s] [34mcolcon.colcon_core.package_identification[0m [1;30mLevel 1[0m _identify(RC_2026_1/rc26_odom_interface) by extension 'ignore_ament_install'
[0.472s] [34mcolcon.colcon_core.package_identification[0m [1;30mLevel 1[0m _identify(RC_2026_1/rc26_odom_interface) by extensions ['colcon_pkg']
[0.473s] [34mcolcon.colcon_core.package_identification[0m [1;30mLevel 1[0m _identify(RC_2026_1/rc26_odom_interface) by extension 'colcon_pkg'
[0.473s] [34mcolcon.colcon_core.package_identification[0m [1;30mLevel 1[0m _identify(RC_2026_1/rc26_odom_interface) by extensions ['colcon_meta']
[0.473s] [34mcolcon.colcon_core.package_identification[0m [1;30mLevel 1[0m _identify(RC_2026_1/rc26_odom_interface) by extension 'colcon_meta'
[0.473s] [34mcolcon.colcon_core.package_identification[0m [1;30mLevel 1[0m _identify(RC_2026_1/rc26_odom_interface) by extensions ['ros']
[0.473s] [34mcolcon.colcon_core.package_identification[0m [1;30mLevel 1[0m _identify(RC_2026_1/rc26_odom_interface) by extension 'ros'
[0.473s] [34mcolcon.colcon_core.package_identification[0m [1;30mDEBUG[0m [32mPackage 'RC_2026_1/rc26_odom_interface' with type 'ros.ament_cmake' and name 'rc26_odom_interface'[0m
[0.473s] [34mcolcon.colcon_core.package_identification[0m [1;30mLevel 1[0m _identify(RC_2026_1/rc26_omni_controller) by extensions ['ignore', 'ignore_ament_install']
[0.473s] [34mcolcon.colcon_core.package_identification[0m [1;30mLevel 1[0m _identify(RC_2026_1/rc26_omni_controller) by extension 'ignore'
[0.473s] [34mcolcon.colcon_core.package_identification[0m [1;30mLevel 1[0m _identify(RC_2026_1/rc26_omni_controller) by extension 'ignore_ament_install'
[0.473s] [34mcolcon.colcon_core.package_identification[0m [1;30mLevel 1[0m _identify(RC_2026_1/rc26_omni_controller) by extensions ['colcon_pkg']
[0.473s] [34mcolcon.colcon_core.package_identification[0m [1;30mLevel 1[0m _identify(RC_2026_1/rc26_omni_controller) by extension 'colcon_pkg'
[0.473s] [34mcolcon.colcon_core.package_identification[0m [1;30mLevel 1[0m _identify(RC_2026_1/rc26_omni_controller) by extensions ['colcon_meta']
[0.473s] [34mcolcon.colcon_core.package_identification[0m [1;30mLevel 1[0m _identify(RC_2026_1/rc26_omni_controller) by extension 'colcon_meta'
[0.473s] [34mcolcon.colcon_core.package_identification[0m [1;30mLevel 1[0m _identify(RC_2026_1/rc26_omni_controller) by extensions ['ros']
[0.473s] [34mcolcon.colcon_core.package_identification[0m [1;30mLevel 1[0m _identify(RC_2026_1/rc26_omni_controller) by extension 'ros'
[0.474s] [34mcolcon.colcon_core.package_identification[0m [1;30mDEBUG[0m [32mPackage 'RC_2026_1/rc26_omni_controller' with type 'ros.ament_cmake' and name 'rc26_omni_controller'[0m
[0.474s] [34mcolcon.colcon_core.package_identification[0m [1;30mLevel 1[0m _identify(RC_2026_1/rc26_perception) by extensions ['ignore', 'ignore_ament_install']
[0.474s] [34mcolcon.colcon_core.package_identification[0m [1;30mLevel 1[0m _identify(RC_2026_1/rc26_perception) by extension 'ignore'
[0.474s] [34mcolcon.colcon_core.package_identification[0m [1;30mLevel 1[0m _identify(RC_2026_1/rc26_perception) by extension 'ignore_ament_install'
[0.474s] [34mcolcon.colcon_core.package_identification[0m [1;30mLevel 1[0m _identify(RC_2026_1/rc26_perception) by extensions ['colcon_pkg']
[0.474s] [34mcolcon.colcon_core.package_identification[0m [1;30mLevel 1[0m _identify(RC_2026_1/rc26_perception) by extension 'colcon_pkg'
[0.474s] [34mcolcon.colcon_core.package_identification[0m [1;30mLevel 1[0m _identify(RC_2026_1/rc26_perception) by extensions ['colcon_meta']
[0.474s] [34mcolcon.colcon_core.package_identification[0m [1;30mLevel 1[0m _identify(RC_2026_1/rc26_perception) by extension 'colcon_meta'
[0.474s] [34mcolcon.colcon_core.package_identification[0m [1;30mLevel 1[0m _identify(RC_2026_1/rc26_perception) by extensions ['ros']
[0.474s] [34mcolcon.colcon_core.package_identification[0m [1;30mLevel 1[0m _identify(RC_2026_1/rc26_perception) by extension 'ros'
[0.475s] [34mcolcon.colcon_core.package_identification[0m [1;30mDEBUG[0m [32mPackage 'RC_2026_1/rc26_perception' with type 'ros.ament_cmake' and name 'rc26_perception'[0m
[0.475s] [34mcolcon.colcon_core.package_identification[0m [1;30mLevel 1[0m _identify(RC_2026_1/rc26_sensor_scan) by extensions ['ignore', 'ignore_ament_install']
[0.475s] [34mcolcon.colcon_core.package_identification[0m [1;30mLevel 1[0m _identify(RC_2026_1/rc26_sensor_scan) by extension 'ignore'
[0.475s] [34mcolcon.colcon_core.package_identification[0m [1;30mLevel 1[0m _identify(RC_2026_1/rc26_sensor_scan) by extension 'ignore_ament_install'
[0.475s] [34mcolcon.colcon_core.package_identification[0m [1;30mLevel 1[0m _identify(RC_2026_1/rc26_sensor_scan) by extensions ['colcon_pkg']
[0.475s] [34mcolcon.colcon_core.package_identification[0m [1;30mLevel 1[0m _identify(RC_2026_1/rc26_sensor_scan) by extension 'colcon_pkg'
[0.475s] [34mcolcon.colcon_core.package_identification[0m [1;30mLevel 1[0m _identify(RC_2026_1/rc26_sensor_scan) by extensions ['colcon_meta']
[0.475s] [34mcolcon.colcon_core.package_identification[0m [1;30mLevel 1[0m _identify(RC_2026_1/rc26_sensor_scan) by extension 'colcon_meta'
[0.476s] [34mcolcon.colcon_core.package_identification[0m [1;30mLevel 1[0m _identify(RC_2026_1/rc26_sensor_scan) by extensions ['ros']
[0.476s] [34mcolcon.colcon_core.package_identification[0m [1;30mLevel 1[0m _identify(RC_2026_1/rc26_sensor_scan) by extension 'ros'
[0.476s] [34mcolcon.colcon_core.package_identification[0m [1;30mDEBUG[0m [32mPackage 'RC_2026_1/rc26_sensor_scan' with type 'ros.ament_cmake' and name 'rc26_sensor_scan'[0m
[0.476s] [34mcolcon.colcon_core.package_identification[0m [1;30mLevel 1[0m _identify(RC_2026_1/rc26_serial) by extensions ['ignore', 'ignore_ament_install']
[0.476s] [34mcolcon.colcon_core.package_identification[0m [1;30mLevel 1[0m _identify(RC_2026_1/rc26_serial) by extension 'ignore'
[0.476s] [34mcolcon.colcon_core.package_identification[0m [1;30mLevel 1[0m _identify(RC_2026_1/rc26_serial) by extension 'ignore_ament_install'
[0.476s] [34mcolcon.colcon_core.package_identification[0m [1;30mLevel 1[0m _identify(RC_2026_1/rc26_serial) by extensions ['colcon_pkg']
[0.476s] [34mcolcon.colcon_core.package_identification[0m [1;30mLevel 1[0m _identify(RC_2026_1/rc26_serial) by extension 'colcon_pkg'
[0.476s] [34mcolcon.colcon_core.package_identification[0m [1;30mLevel 1[0m _identify(RC_2026_1/rc26_serial) by extensions ['colcon_meta']
[0.477s] [34mcolcon.colcon_core.package_identification[0m [1;30mLevel 1[0m _identify(RC_2026_1/rc26_serial) by extension 'colcon_meta'
[0.477s] [34mcolcon.colcon_core.package_identification[0m [1;30mLevel 1[0m _identify(RC_2026_1/rc26_serial) by extensions ['ros']
[0.477s] [34mcolcon.colcon_core.package_identification[0m [1;30mLevel 1[0m _identify(RC_2026_1/rc26_serial) by extension 'ros'
[0.477s] [34mcolcon.colcon_core.package_identification[0m [1;30mDEBUG[0m [32mPackage 'RC_2026_1/rc26_serial' with type 'ros.ament_cmake' and name 'rc26_serial'[0m
[0.477s] [34mcolcon.colcon_core.package_identification[0m [1;30mLevel 1[0m _identify(RC_2026_1/small_gicp) by extensions ['ignore', 'ignore_ament_install']
[0.477s] [34mcolcon.colcon_core.package_identification[0m [1;30mLevel 1[0m _identify(RC_2026_1/small_gicp) by extension 'ignore'
[0.477s] [34mcolcon.colcon_core.package_identification[0m [1;30mLevel 1[0m _identify(RC_2026_1/small_gicp) by extension 'ignore_ament_install'
[0.477s] [34mcolcon.colcon_core.package_identification[0m [1;30mLevel 1[0m _identify(RC_2026_1/small_gicp) by extensions ['colcon_pkg']
[0.477s] [34mcolcon.colcon_core.package_identification[0m [1;30mLevel 1[0m _identify(RC_2026_1/small_gicp) by extension 'colcon_pkg'
[0.477s] [34mcolcon.colcon_core.package_identification[0m [1;30mLevel 1[0m _identify(RC_2026_1/small_gicp) by extensions ['colcon_meta']
[0.477s] [34mcolcon.colcon_core.package_identification[0m [1;30mLevel 1[0m _identify(RC_2026_1/small_gicp) by extension 'colcon_meta'
[0.477s] [34mcolcon.colcon_core.package_identification[0m [1;30mLevel 1[0m _identify(RC_2026_1/small_gicp) by extensions ['ros']
[0.477s] [34mcolcon.colcon_core.package_identification[0m [1;30mLevel 1[0m _identify(RC_2026_1/small_gicp) by extension 'ros'
[0.478s] [34mcolcon.colcon_core.package_identification[0m [1;30mDEBUG[0m [32mPackage 'RC_2026_1/small_gicp' with type 'ros.cmake' and name 'small_gicp'[0m
[0.478s] [34mcolcon.colcon_core.package_identification[0m [1;30mLevel 1[0m _identify(build) by extensions ['ignore', 'ignore_ament_install']
[0.478s] [34mcolcon.colcon_core.package_identification[0m [1;30mLevel 1[0m _identify(build) by extension 'ignore'
[0.478s] [34mcolcon.colcon_core.package_identification[0m [1;30mLevel 1[0m _identify(build) ignored
[0.478s] [34mcolcon.colcon_core.package_identification[0m [1;30mLevel 1[0m _identify(install) by extensions ['ignore', 'ignore_ament_install']
[0.478s] [34mcolcon.colcon_core.package_identification[0m [1;30mLevel 1[0m _identify(install) by extension 'ignore'
[0.478s] [34mcolcon.colcon_core.package_identification[0m [1;30mLevel 1[0m _identify(install) ignored
[0.478s] [34mcolcon.colcon_core.package_identification[0m [1;30mLevel 1[0m _identify(log) by extensions ['ignore', 'ignore_ament_install']
[0.478s] [34mcolcon.colcon_core.package_identification[0m [1;30mLevel 1[0m _identify(log) by extension 'ignore'
[0.478s] [34mcolcon.colcon_core.package_identification[0m [1;30mLevel 1[0m _identify(log) ignored
[0.478s] [34mcolcon.colcon_core.package_discovery[0m [1;30mLevel 1[0m discover_packages(recursive) using defaults
[0.478s] [34mcolcon.colcon_core.package_discovery[0m [1;30mLevel 1[0m discover_packages(ignore) discover
[0.478s] [34mcolcon.colcon_core.package_discovery[0m [1;30mLevel 1[0m discover_packages(ignore) using defaults
[0.478s] [34mcolcon.colcon_core.package_discovery[0m [1;30mLevel 1[0m discover_packages(path) discover
[0.478s] [34mcolcon.colcon_core.package_discovery[0m [1;30mLevel 1[0m discover_packages(path) using defaults
[0.494s] [34mcolcon.colcon_core.package_discovery[0m [1;30mLevel 1[0m discover_packages(prefix_path) check parameters
[0.494s] [34mcolcon.colcon_core.package_discovery[0m [1;30mLevel 1[0m discover_packages(prefix_path) discover
[0.496s] [34mcolcon.colcon_installed_package_information.package_discovery[0m [1;30mDEBUG[0m [32mFound 407 installed packages in /opt/ros/humble[0m
[0.497s] [34mcolcon.colcon_core.package_discovery[0m [1;30mLevel 1[0m discover_packages(prefix_path) using defaults
[0.525s] [34mcolcon.colcon_core.verb[0m [1;30mLevel 5[0m set package 'mid360_driver' build argument 'cmake_args' from command line to 'None'
[0.525s] [34mcolcon.colcon_core.verb[0m [1;30mLevel 5[0m set package 'mid360_driver' build argument 'cmake_target' from command line to 'None'
[0.525s] [34mcolcon.colcon_core.verb[0m [1;30mLevel 5[0m set package 'mid360_driver' build argument 'cmake_target_skip_unavailable' from command line to 'False'
[0.525s] [34mcolcon.colcon_core.verb[0m [1;30mLevel 5[0m set package 'mid360_driver' build argument 'cmake_clean_cache' from command line to 'False'
[0.525s] [34mcolcon.colcon_core.verb[0m [1;30mLevel 5[0m set package 'mid360_driver' build argument 'cmake_clean_first' from command line to 'False'
[0.525s] [34mcolcon.colcon_core.verb[0m [1;30mLevel 5[0m set package 'mid360_driver' build argument 'cmake_force_configure' from command line to 'False'
[0.525s] [34mcolcon.colcon_core.verb[0m [1;30mLevel 5[0m set package 'mid360_driver' build argument 'ament_cmake_args' from command line to 'None'
[0.525s] [34mcolcon.colcon_core.verb[0m [1;30mLevel 5[0m set package 'mid360_driver' build argument 'catkin_cmake_args' from command line to 'None'
[0.525s] [34mcolcon.colcon_core.verb[0m [1;30mLevel 5[0m set package 'mid360_driver' build argument 'catkin_skip_building_tests' from command line to 'False'
[0.525s] [34mcolcon.colcon_core.verb[0m [1;30mDEBUG[0m [32mBuilding package 'mid360_driver' with the following arguments: {'ament_cmake_args': None, 'build_base': '/home/potato/RC_2026/build/mid360_driver', 'catkin_cmake_args': None, 'catkin_skip_building_tests': False, 'cmake_args': None, 'cmake_clean_cache': False, 'cmake_clean_first': False, 'cmake_force_configure': False, 'cmake_target': None, 'cmake_target_skip_unavailable': False, 'install_base': '/home/potato/RC_2026/install/mid360_driver', 'merge_install': False, 'path': '/home/potato/RC_2026/RC_2026_1/mid360_driver', 'symlink_install': False, 'test_result_base': None}[0m
[0.525s] [34mcolcon.colcon_core.verb[0m [1;30mLevel 5[0m set package 'point_lio' build argument 'cmake_args' from command line to 'None'
[0.525s] [34mcolcon.colcon_core.verb[0m [1;30mLevel 5[0m set package 'point_lio' build argument 'cmake_target' from command line to 'None'
[0.525s] [34mcolcon.colcon_core.verb[0m [1;30mLevel 5[0m set package 'point_lio' build argument 'cmake_target_skip_unavailable' from command line to 'False'
[0.525s] [34mcolcon.colcon_core.verb[0m [1;30mLevel 5[0m set package 'point_lio' build argument 'cmake_clean_cache' from command line to 'False'
[0.525s] [34mcolcon.colcon_core.verb[0m [1;30mLevel 5[0m set package 'point_lio' build argument 'cmake_clean_first' from command line to 'False'
[0.525s] [34mcolcon.colcon_core.verb[0m [1;30mLevel 5[0m set package 'point_lio' build argument 'cmake_force_configure' from command line to 'False'
[0.525s] [34mcolcon.colcon_core.verb[0m [1;30mLevel 5[0m set package 'point_lio' build argument 'ament_cmake_args' from command line to 'None'
[0.525s] [34mcolcon.colcon_core.verb[0m [1;30mLevel 5[0m set package 'point_lio' build argument 'catkin_cmake_args' from command line to 'None'
[0.525s] [34mcolcon.colcon_core.verb[0m [1;30mLevel 5[0m set package 'point_lio' build argument 'catkin_skip_building_tests' from command line to 'False'
[0.525s] [34mcolcon.colcon_core.verb[0m [1;30mDEBUG[0m [32mBuilding package 'point_lio' with the following arguments: {'ament_cmake_args': None, 'build_base': '/home/potato/RC_2026/build/point_lio', 'catkin_cmake_args': None, 'catkin_skip_building_tests': False, 'cmake_args': None, 'cmake_clean_cache': False, 'cmake_clean_first': False, 'cmake_force_configure': False, 'cmake_target': None, 'cmake_target_skip_unavailable': False, 'install_base': '/home/potato/RC_2026/install/point_lio', 'merge_install': False, 'path': '/home/potato/RC_2026/RC_2026_1/point_lio', 'symlink_install': False, 'test_result_base': None}[0m
[0.526s] [34mcolcon.colcon_core.verb[0m [1;30mLevel 5[0m set package 'rc26_localization' build argument 'cmake_args' from command line to 'None'
[0.526s] [34mcolcon.colcon_core.verb[0m [1;30mLevel 5[0m set package 'rc26_localization' build argument 'cmake_target' from command line to 'None'
[0.526s] [34mcolcon.colcon_core.verb[0m [1;30mLevel 5[0m set package 'rc26_localization' build argument 'cmake_target_skip_unavailable' from command line to 'False'
[0.526s] [34mcolcon.colcon_core.verb[0m [1;30mLevel 5[0m set package 'rc26_localization' build argument 'cmake_clean_cache' from command line to 'False'
[0.526s] [34mcolcon.colcon_core.verb[0m [1;30mLevel 5[0m set package 'rc26_localization' build argument 'cmake_clean_first' from command line to 'False'
[0.526s] [34mcolcon.colcon_core.verb[0m [1;30mLevel 5[0m set package 'rc26_localization' build argument 'cmake_force_configure' from command line to 'False'
[0.526s] [34mcolcon.colcon_core.verb[0m [1;30mLevel 5[0m set package 'rc26_localization' build argument 'ament_cmake_args' from command line to 'None'
[0.526s] [34mcolcon.colcon_core.verb[0m [1;30mLevel 5[0m set package 'rc26_localization' build argument 'catkin_cmake_args' from command line to 'None'
[0.526s] [34mcolcon.colcon_core.verb[0m [1;30mLevel 5[0m set package 'rc26_localization' build argument 'catkin_skip_building_tests' from command line to 'False'
[0.526s] [34mcolcon.colcon_core.verb[0m [1;30mDEBUG[0m [32mBuilding package 'rc26_localization' with the following arguments: {'ament_cmake_args': None, 'build_base': '/home/potato/RC_2026/build/rc26_localization', 'catkin_cmake_args': None, 'catkin_skip_building_tests': False, 'cmake_args': None, 'cmake_clean_cache': False, 'cmake_clean_first': False, 'cmake_force_configure': False, 'cmake_target': None, 'cmake_target_skip_unavailable': False, 'install_base': '/home/potato/RC_2026/install/rc26_localization', 'merge_install': False, 'path': '/home/potato/RC_2026/RC_2026_1/rc26_localization', 'symlink_install': False, 'test_result_base': None}[0m
[0.526s] [34mcolcon.colcon_core.verb[0m [1;30mLevel 5[0m set package 'rc26_odom_interface' build argument 'cmake_args' from command line to 'None'
[0.526s] [34mcolcon.colcon_core.verb[0m [1;30mLevel 5[0m set package 'rc26_odom_interface' build argument 'cmake_target' from command line to 'None'
[0.526s] [34mcolcon.colcon_core.verb[0m [1;30mLevel 5[0m set package 'rc26_odom_interface' build argument 'cmake_target_skip_unavailable' from command line to 'False'
[0.526s] [34mcolcon.colcon_core.verb[0m [1;30mLevel 5[0m set package 'rc26_odom_interface' build argument 'cmake_clean_cache' from command line to 'False'
[0.526s] [34mcolcon.colcon_core.verb[0m [1;30mLevel 5[0m set package 'rc26_odom_interface' build argument 'cmake_clean_first' from command line to 'False'
[0.526s] [34mcolcon.colcon_core.verb[0m [1;30mLevel 5[0m set package 'rc26_odom_interface' build argument 'cmake_force_configure' from command line to 'False'
[0.526s] [34mcolcon.colcon_core.verb[0m [1;30mLevel 5[0m set package 'rc26_odom_interface' build argument 'ament_cmake_args' from command line to 'None'
[0.526s] [34mcolcon.colcon_core.verb[0m [1;30mLevel 5[0m set package 'rc26_odom_interface' build argument 'catkin_cmake_args' from command line to 'None'
[0.526s] [34mcolcon.colcon_core.verb[0m [1;30mLevel 5[0m set package 'rc26_odom_interface' build argument 'catkin_skip_building_tests' from command line to 'False'
[0.526s] [34mcolcon.colcon_core.verb[0m [1;30mDEBUG[0m [32mBuilding package 'rc26_odom_interface' with the following arguments: {'ament_cmake_args': None, 'build_base': '/home/potato/RC_2026/build/rc26_odom_interface', 'catkin_cmake_args': None, 'catkin_skip_building_tests': False, 'cmake_args': None, 'cmake_clean_cache': False, 'cmake_clean_first': False, 'cmake_force_configure': False, 'cmake_target': None, 'cmake_target_skip_unavailable': False, 'install_base': '/home/potato/RC_2026/install/rc26_odom_interface', 'merge_install': False, 'path': '/home/potato/RC_2026/RC_2026_1/rc26_odom_interface', 'symlink_install': False, 'test_result_base': None}[0m
[0.526s] [34mcolcon.colcon_core.verb[0m [1;30mLevel 5[0m set package 'rc26_omni_controller' build argument 'cmake_args' from command line to 'None'
[0.526s] [34mcolcon.colcon_core.verb[0m [1;30mLevel 5[0m set package 'rc26_omni_controller' build argument 'cmake_target' from command line to 'None'
[0.526s] [34mcolcon.colcon_core.verb[0m [1;30mLevel 5[0m set package 'rc26_omni_controller' build argument 'cmake_target_skip_unavailable' from command line to 'False'
[0.526s] [34mcolcon.colcon_core.verb[0m [1;30mLevel 5[0m set package 'rc26_omni_controller' build argument 'cmake_clean_cache' from command line to 'False'
[0.526s] [34mcolcon.colcon_core.verb[0m [1;30mLevel 5[0m set package 'rc26_omni_controller' build argument 'cmake_clean_first' from command line to 'False'
[0.526s] [34mcolcon.colcon_core.verb[0m [1;30mLevel 5[0m set package 'rc26_omni_controller' build argument 'cmake_force_configure' from command line to 'False'
[0.526s] [34mcolcon.colcon_core.verb[0m [1;30mLevel 5[0m set package 'rc26_omni_controller' build argument 'ament_cmake_args' from command line to 'None'
[0.526s] [34mcolcon.colcon_core.verb[0m [1;30mLevel 5[0m set package 'rc26_omni_controller' build argument 'catkin_cmake_args' from command line to 'None'
[0.526s] [34mcolcon.colcon_core.verb[0m [1;30mLevel 5[0m set package 'rc26_omni_controller' build argument 'catkin_skip_building_tests' from command line to 'False'
[0.526s] [34mcolcon.colcon_core.verb[0m [1;30mDEBUG[0m [32mBuilding package 'rc26_omni_controller' with the following arguments: {'ament_cmake_args': None, 'build_base': '/home/potato/RC_2026/build/rc26_omni_controller', 'catkin_cmake_args': None, 'catkin_skip_building_tests': False, 'cmake_args': None, 'cmake_clean_cache': False, 'cmake_clean_first': False, 'cmake_force_configure': False, 'cmake_target': None, 'cmake_target_skip_unavailable': False, 'install_base': '/home/potato/RC_2026/install/rc26_omni_controller', 'merge_install': False, 'path': '/home/potato/RC_2026/RC_2026_1/rc26_omni_controller', 'symlink_install': False, 'test_result_base': None}[0m
[0.527s] [34mcolcon.colcon_core.verb[0m [1;30mLevel 5[0m set package 'rc26_perception' build argument 'cmake_args' from command line to 'None'
[0.527s] [34mcolcon.colcon_core.verb[0m [1;30mLevel 5[0m set package 'rc26_perception' build argument 'cmake_target' from command line to 'None'
[0.527s] [34mcolcon.colcon_core.verb[0m [1;30mLevel 5[0m set package 'rc26_perception' build argument 'cmake_target_skip_unavailable' from command line to 'False'
[0.527s] [34mcolcon.colcon_core.verb[0m [1;30mLevel 5[0m set package 'rc26_perception' build argument 'cmake_clean_cache' from command line to 'False'
[0.527s] [34mcolcon.colcon_core.verb[0m [1;30mLevel 5[0m set package 'rc26_perception' build argument 'cmake_clean_first' from command line to 'False'
[0.527s] [34mcolcon.colcon_core.verb[0m [1;30mLevel 5[0m set package 'rc26_perception' build argument 'cmake_force_configure' from command line to 'False'
[0.527s] [34mcolcon.colcon_core.verb[0m [1;30mLevel 5[0m set package 'rc26_perception' build argument 'ament_cmake_args' from command line to 'None'
[0.527s] [34mcolcon.colcon_core.verb[0m [1;30mLevel 5[0m set package 'rc26_perception' build argument 'catkin_cmake_args' from command line to 'None'
[0.527s] [34mcolcon.colcon_core.verb[0m [1;30mLevel 5[0m set package 'rc26_perception' build argument 'catkin_skip_building_tests' from command line to 'False'
[0.527s] [34mcolcon.colcon_core.verb[0m [1;30mDEBUG[0m [32mBuilding package 'rc26_perception' with the following arguments: {'ament_cmake_args': None, 'build_base': '/home/potato/RC_2026/build/rc26_perception', 'catkin_cmake_args': None, 'catkin_skip_building_tests': False, 'cmake_args': None, 'cmake_clean_cache': False, 'cmake_clean_first': False, 'cmake_force_configure': False, 'cmake_target': None, 'cmake_target_skip_unavailable': False, 'install_base': '/home/potato/RC_2026/install/rc26_perception', 'merge_install': False, 'path': '/home/potato/RC_2026/RC_2026_1/rc26_perception', 'symlink_install': False, 'test_result_base': None}[0m
[0.527s] [34mcolcon.colcon_core.verb[0m [1;30mLevel 5[0m set package 'rc26_sensor_scan' build argument 'cmake_args' from command line to 'None'
[0.527s] [34mcolcon.colcon_core.verb[0m [1;30mLevel 5[0m set package 'rc26_sensor_scan' build argument 'cmake_target' from command line to 'None'
[0.527s] [34mcolcon.colcon_core.verb[0m [1;30mLevel 5[0m set package 'rc26_sensor_scan' build argument 'cmake_target_skip_unavailable' from command line to 'False'
[0.527s] [34mcolcon.colcon_core.verb[0m [1;30mLevel 5[0m set package 'rc26_sensor_scan' build argument 'cmake_clean_cache' from command line to 'False'
[0.527s] [34mcolcon.colcon_core.verb[0m [1;30mLevel 5[0m set package 'rc26_sensor_scan' build argument 'cmake_clean_first' from command line to 'False'
[0.527s] [34mcolcon.colcon_core.verb[0m [1;30mLevel 5[0m set package 'rc26_sensor_scan' build argument 'cmake_force_configure' from command line to 'False'
[0.527s] [34mcolcon.colcon_core.verb[0m [1;30mLevel 5[0m set package 'rc26_sensor_scan' build argument 'ament_cmake_args' from command line to 'None'
[0.527s] [34mcolcon.colcon_core.verb[0m [1;30mLevel 5[0m set package 'rc26_sensor_scan' build argument 'catkin_cmake_args' from command line to 'None'
[0.527s] [34mcolcon.colcon_core.verb[0m [1;30mLevel 5[0m set package 'rc26_sensor_scan' build argument 'catkin_skip_building_tests' from command line to 'False'
[0.527s] [34mcolcon.colcon_core.verb[0m [1;30mDEBUG[0m [32mBuilding package 'rc26_sensor_scan' with the following arguments: {'ament_cmake_args': None, 'build_base': '/home/potato/RC_2026/build/rc26_sensor_scan', 'catkin_cmake_args': None, 'catkin_skip_building_tests': False, 'cmake_args': None, 'cmake_clean_cache': False, 'cmake_clean_first': False, 'cmake_force_configure': False, 'cmake_target': None, 'cmake_target_skip_unavailable': False, 'install_base': '/home/potato/RC_2026/install/rc26_sensor_scan', 'merge_install': False, 'path': '/home/potato/RC_2026/RC_2026_1/rc26_sensor_scan', 'symlink_install': False, 'test_result_base': None}[0m
[0.527s] [34mcolcon.colcon_core.verb[0m [1;30mLevel 5[0m set package 'rc26_serial' build argument 'cmake_args' from command line to 'None'
[0.527s] [34mcolcon.colcon_core.verb[0m [1;30mLevel 5[0m set package 'rc26_serial' build argument 'cmake_target' from command line to 'None'
[0.527s] [34mcolcon.colcon_core.verb[0m [1;30mLevel 5[0m set package 'rc26_serial' build argument 'cmake_target_skip_unavailable' from command line to 'False'
[0.527s] [34mcolcon.colcon_core.verb[0m [1;30mLevel 5[0m set package 'rc26_serial' build argument 'cmake_clean_cache' from command line to 'False'
[0.527s] [34mcolcon.colcon_core.verb[0m [1;30mLevel 5[0m set package 'rc26_serial' build argument 'cmake_clean_first' from command line to 'False'
[0.527s] [34mcolcon.colcon_core.verb[0m [1;30mLevel 5[0m set package 'rc26_serial' build argument 'cmake_force_configure' from command line to 'False'
[0.527s] [34mcolcon.colcon_core.verb[0m [1;30mLevel 5[0m set package 'rc26_serial' build argument 'ament_cmake_args' from command line to 'None'
[0.527s] [34mcolcon.colcon_core.verb[0m [1;30mLevel 5[0m set package 'rc26_serial' build argument 'catkin_cmake_args' from command line to 'None'
[0.527s] [34mcolcon.colcon_core.verb[0m [1;30mLevel 5[0m set package 'rc26_serial' build argument 'catkin_skip_building_tests' from command line to 'False'
[0.527s] [34mcolcon.colcon_core.verb[0m [1;30mDEBUG[0m [32mBuilding package 'rc26_serial' with the following arguments: {'ament_cmake_args': None, 'build_base': '/home/potato/RC_2026/build/rc26_serial', 'catkin_cmake_args': None, 'catkin_skip_building_tests': False, 'cmake_args': None, 'cmake_clean_cache': False, 'cmake_clean_first': False, 'cmake_force_configure': False, 'cmake_target': None, 'cmake_target_skip_unavailable': False, 'install_base': '/home/potato/RC_2026/install/rc26_serial', 'merge_install': False, 'path': '/home/potato/RC_2026/RC_2026_1/rc26_serial', 'symlink_install': False, 'test_result_base': None}[0m
[0.528s] [34mcolcon.colcon_core.verb[0m [1;30mLevel 5[0m set package 'small_gicp' build argument 'cmake_args' from command line to 'None'
[0.528s] [34mcolcon.colcon_core.verb[0m [1;30mLevel 5[0m set package 'small_gicp' build argument 'cmake_target' from command line to 'None'
[0.528s] [34mcolcon.colcon_core.verb[0m [1;30mLevel 5[0m set package 'small_gicp' build argument 'cmake_target_skip_unavailable' from command line to 'False'
[0.528s] [34mcolcon.colcon_core.verb[0m [1;30mLevel 5[0m set package 'small_gicp' build argument 'cmake_clean_cache' from command line to 'False'
[0.528s] [34mcolcon.colcon_core.verb[0m [1;30mLevel 5[0m set package 'small_gicp' build argument 'cmake_clean_first' from command line to 'False'
[0.528s] [34mcolcon.colcon_core.verb[0m [1;30mLevel 5[0m set package 'small_gicp' build argument 'cmake_force_configure' from command line to 'False'
[0.528s] [34mcolcon.colcon_core.verb[0m [1;30mLevel 5[0m set package 'small_gicp' build argument 'ament_cmake_args' from command line to 'None'
[0.528s] [34mcolcon.colcon_core.verb[0m [1;30mLevel 5[0m set package 'small_gicp' build argument 'catkin_cmake_args' from command line to 'None'
[0.528s] [34mcolcon.colcon_core.verb[0m [1;30mLevel 5[0m set package 'small_gicp' build argument 'catkin_skip_building_tests' from command line to 'False'
[0.528s] [34mcolcon.colcon_core.verb[0m [1;30mDEBUG[0m [32mBuilding package 'small_gicp' with the following arguments: {'ament_cmake_args': None, 'build_base': '/home/potato/RC_2026/build/small_gicp', 'catkin_cmake_args': None, 'catkin_skip_building_tests': False, 'cmake_args': None, 'cmake_clean_cache': False, 'cmake_clean_first': False, 'cmake_force_configure': False, 'cmake_target': None, 'cmake_target_skip_unavailable': False, 'install_base': '/home/potato/RC_2026/install/small_gicp', 'merge_install': False, 'path': '/home/potato/RC_2026/RC_2026_1/small_gicp', 'symlink_install': False, 'test_result_base': None}[0m
[0.528s] [34mcolcon.colcon_core.verb[0m [1;30mLevel 5[0m set package 'rc26_decision' build argument 'cmake_args' from command line to 'None'
[0.528s] [34mcolcon.colcon_core.verb[0m [1;30mLevel 5[0m set package 'rc26_decision' build argument 'cmake_target' from command line to 'None'
[0.528s] [34mcolcon.colcon_core.verb[0m [1;30mLevel 5[0m set package 'rc26_decision' build argument 'cmake_target_skip_unavailable' from command line to 'False'
[0.528s] [34mcolcon.colcon_core.verb[0m [1;30mLevel 5[0m set package 'rc26_decision' build argument 'cmake_clean_cache' from command line to 'False'
[0.528s] [34mcolcon.colcon_core.verb[0m [1;30mLevel 5[0m set package 'rc26_decision' build argument 'cmake_clean_first' from command line to 'False'
[0.528s] [34mcolcon.colcon_core.verb[0m [1;30mLevel 5[0m set package 'rc26_decision' build argument 'cmake_force_configure' from command line to 'False'
[0.528s] [34mcolcon.colcon_core.verb[0m [1;30mLevel 5[0m set package 'rc26_decision' build argument 'ament_cmake_args' from command line to 'None'
[0.528s] [34mcolcon.colcon_core.verb[0m [1;30mLevel 5[0m set package 'rc26_decision' build argument 'catkin_cmake_args' from command line to 'None'
[0.528s] [34mcolcon.colcon_core.verb[0m [1;30mLevel 5[0m set package 'rc26_decision' build argument 'catkin_skip_building_tests' from command line to 'False'
[0.528s] [34mcolcon.colcon_core.verb[0m [1;30mDEBUG[0m [32mBuilding package 'rc26_decision' with the following arguments: {'ament_cmake_args': None, 'build_base': '/home/potato/RC_2026/build/rc26_decision', 'catkin_cmake_args': None, 'catkin_skip_building_tests': False, 'cmake_args': None, 'cmake_clean_cache': False, 'cmake_clean_first': False, 'cmake_force_configure': False, 'cmake_target': None, 'cmake_target_skip_unavailable': False, 'install_base': '/home/potato/RC_2026/install/rc26_decision', 'merge_install': False, 'path': '/home/potato/RC_2026/RC_2026_1/rc26_decision', 'symlink_install': False, 'test_result_base': None}[0m
[0.528s] [34mcolcon.colcon_core.verb[0m [1;30mLevel 5[0m set package 'rc26_merge_odom' build argument 'cmake_args' from command line to 'None'
[0.528s] [34mcolcon.colcon_core.verb[0m [1;30mLevel 5[0m set package 'rc26_merge_odom' build argument 'cmake_target' from command line to 'None'
[0.528s] [34mcolcon.colcon_core.verb[0m [1;30mLevel 5[0m set package 'rc26_merge_odom' build argument 'cmake_target_skip_unavailable' from command line to 'False'
[0.528s] [34mcolcon.colcon_core.verb[0m [1;30mLevel 5[0m set package 'rc26_merge_odom' build argument 'cmake_clean_cache' from command line to 'False'
[0.528s] [34mcolcon.colcon_core.verb[0m [1;30mLevel 5[0m set package 'rc26_merge_odom' build argument 'cmake_clean_first' from command line to 'False'
[0.528s] [34mcolcon.colcon_core.verb[0m [1;30mLevel 5[0m set package 'rc26_merge_odom' build argument 'cmake_force_configure' from command line to 'False'
[0.528s] [34mcolcon.colcon_core.verb[0m [1;30mLevel 5[0m set package 'rc26_merge_odom' build argument 'ament_cmake_args' from command line to 'None'
[0.528s] [34mcolcon.colcon_core.verb[0m [1;30mLevel 5[0m set package 'rc26_merge_odom' build argument 'catkin_cmake_args' from command line to 'None'
[0.528s] [34mcolcon.colcon_core.verb[0m [1;30mLevel 5[0m set package 'rc26_merge_odom' build argument 'catkin_skip_building_tests' from command line to 'False'
[0.528s] [34mcolcon.colcon_core.verb[0m [1;30mDEBUG[0m [32mBuilding package 'rc26_merge_odom' with the following arguments: {'ament_cmake_args': None, 'build_base': '/home/potato/RC_2026/build/rc26_merge_odom', 'catkin_cmake_args': None, 'catkin_skip_building_tests': False, 'cmake_args': None, 'cmake_clean_cache': False, 'cmake_clean_first': False, 'cmake_force_configure': False, 'cmake_target': None, 'cmake_target_skip_unavailable': False, 'install_base': '/home/potato/RC_2026/install/rc26_merge_odom', 'merge_install': False, 'path': '/home/potato/RC_2026/RC_2026_1/rc26_merge_odom', 'symlink_install': False, 'test_result_base': None}[0m
[0.529s] [34mcolcon.colcon_core.verb[0m [1;30mLevel 5[0m set package 'rc26_bringup' build argument 'cmake_args' from command line to 'None'
[0.529s] [34mcolcon.colcon_core.verb[0m [1;30mLevel 5[0m set package 'rc26_bringup' build argument 'cmake_target' from command line to 'None'
[0.529s] [34mcolcon.colcon_core.verb[0m [1;30mLevel 5[0m set package 'rc26_bringup' build argument 'cmake_target_skip_unavailable' from command line to 'False'
[0.529s] [34mcolcon.colcon_core.verb[0m [1;30mLevel 5[0m set package 'rc26_bringup' build argument 'cmake_clean_cache' from command line to 'False'
[0.529s] [34mcolcon.colcon_core.verb[0m [1;30mLevel 5[0m set package 'rc26_bringup' build argument 'cmake_clean_first' from command line to 'False'
[0.529s] [34mcolcon.colcon_core.verb[0m [1;30mLevel 5[0m set package 'rc26_bringup' build argument 'cmake_force_configure' from command line to 'False'
[0.529s] [34mcolcon.colcon_core.verb[0m [1;30mLevel 5[0m set package 'rc26_bringup' build argument 'ament_cmake_args' from command line to 'None'
[0.529s] [34mcolcon.colcon_core.verb[0m [1;30mLevel 5[0m set package 'rc26_bringup' build argument 'catkin_cmake_args' from command line to 'None'
[0.529s] [34mcolcon.colcon_core.verb[0m [1;30mLevel 5[0m set package 'rc26_bringup' build argument 'catkin_skip_building_tests' from command line to 'False'
[0.529s] [34mcolcon.colcon_core.verb[0m [1;30mDEBUG[0m [32mBuilding package 'rc26_bringup' with the following arguments: {'ament_cmake_args': None, 'build_base': '/home/potato/RC_2026/build/rc26_bringup', 'catkin_cmake_args': None, 'catkin_skip_building_tests': False, 'cmake_args': None, 'cmake_clean_cache': False, 'cmake_clean_first': False, 'cmake_force_configure': False, 'cmake_target': None, 'cmake_target_skip_unavailable': False, 'install_base': '/home/potato/RC_2026/install/rc26_bringup', 'merge_install': False, 'path': '/home/potato/RC_2026/RC_2026_1/rc26_bringup', 'symlink_install': False, 'test_result_base': None}[0m
[0.529s] [34mcolcon.colcon_core.executor[0m [1;30mINFO[0m Executing jobs using 'parallel' executor
[0.530s] [34mcolcon.colcon_parallel_executor.executor.parallel[0m [1;30mDEBUG[0m [32mrun_until_complete[0m
[0.530s] [34mcolcon.colcon_ros.task.ament_cmake.build[0m [1;30mINFO[0m Building ROS package in '/home/potato/RC_2026/RC_2026_1/rc26_serial' with build type 'ament_cmake'
[0.530s] [34mcolcon.colcon_cmake.task.cmake.build[0m [1;30mINFO[0m Building CMake package in '/home/potato/RC_2026/RC_2026_1/rc26_serial'
[0.533s] [34mcolcon.colcon_core.plugin_system[0m [1;30mINFO[0m Skipping extension 'colcon_core.shell.bat': Not used on non-Windows systems
[0.533s] [34mcolcon.colcon_core.shell[0m [1;30mINFO[0m Skip shell extension 'powershell' for command environment: Not usable outside of PowerShell
[0.533s] [34mcolcon.colcon_core.shell[0m [1;30mDEBUG[0m [32mSkip shell extension 'dsv' for command environment[0m
[0.539s] [34mcolcon.colcon_core.event_handler.log_command[0m [1;30mDEBUG[0m [32mInvoking command in '/home/potato/RC_2026/build/rc26_serial': /usr/bin/cmake /home/potato/RC_2026/RC_2026_1/rc26_serial -DCMAKE_INSTALL_PREFIX=/home/potato/RC_2026/install/rc26_serial[0m
[1.661s] [34mcolcon.colcon_core.event_handler.log_command[0m [1;30mDEBUG[0m [32mInvoked command in '/home/potato/RC_2026/build/rc26_serial' returned '0': /usr/bin/cmake /home/potato/RC_2026/RC_2026_1/rc26_serial -DCMAKE_INSTALL_PREFIX=/home/potato/RC_2026/install/rc26_serial[0m
[1.661s] [34mcolcon.colcon_core.event_handler.log_command[0m [1;30mDEBUG[0m [32mInvoking command in '/home/potato/RC_2026/build/rc26_serial': /usr/bin/cmake --build /home/potato/RC_2026/build/rc26_serial -- -j28 -l28[0m
[3.678s] [34mcolcon.colcon_core.event_handler.log_command[0m [1;30mDEBUG[0m [32mInvoked command in '/home/potato/RC_2026/build/rc26_serial' returned '0': /usr/bin/cmake --build /home/potato/RC_2026/build/rc26_serial -- -j28 -l28[0m
[3.687s] [34mcolcon.colcon_core.event_handler.log_command[0m [1;30mDEBUG[0m [32mInvoking command in '/home/potato/RC_2026/build/rc26_serial': /usr/bin/cmake --install /home/potato/RC_2026/build/rc26_serial[0m
[3.694s] [34mcolcon.colcon_core.environment[0m [1;30mLevel 1[0m create_environment_scripts_only(rc26_serial)
[3.695s] [34mcolcon.colcon_core.event_handler.log_command[0m [1;30mDEBUG[0m [32mInvoked command in '/home/potato/RC_2026/build/rc26_serial' returned '0': /usr/bin/cmake --install /home/potato/RC_2026/build/rc26_serial[0m
[3.698s] [34mcolcon.colcon_core.environment[0m [1;30mLevel 1[0m checking '/home/potato/RC_2026/install/rc26_serial' for CMake module files
[3.698s] [34mcolcon.colcon_core.environment[0m [1;30mLevel 1[0m checking '/home/potato/RC_2026/install/rc26_serial' for CMake config files
[3.698s] [34mcolcon.colcon_core.shell[0m [1;30mLevel 1[0m create_environment_hook('rc26_serial', 'cmake_prefix_path')
[3.698s] [34mcolcon.colcon_core.shell[0m [1;30mINFO[0m Creating environment hook '/home/potato/RC_2026/install/rc26_serial/share/rc26_serial/hook/cmake_prefix_path.ps1'
[3.699s] [34mcolcon.colcon_core.shell[0m [1;30mINFO[0m Creating environment descriptor '/home/potato/RC_2026/install/rc26_serial/share/rc26_serial/hook/cmake_prefix_path.dsv'
[3.699s] [34mcolcon.colcon_core.shell[0m [1;30mINFO[0m Creating environment hook '/home/potato/RC_2026/install/rc26_serial/share/rc26_serial/hook/cmake_prefix_path.sh'
[3.700s] [34mcolcon.colcon_core.environment[0m [1;30mLevel 1[0m checking '/home/potato/RC_2026/install/rc26_serial/lib'
[3.700s] [34mcolcon.colcon_core.shell[0m [1;30mLevel 1[0m create_environment_hook('rc26_serial', 'ld_library_path_lib')
[3.700s] [34mcolcon.colcon_core.shell[0m [1;30mINFO[0m Creating environment hook '/home/potato/RC_2026/install/rc26_serial/share/rc26_serial/hook/ld_library_path_lib.ps1'
[3.700s] [34mcolcon.colcon_core.shell[0m [1;30mINFO[0m Creating environment descriptor '/home/potato/RC_2026/install/rc26_serial/share/rc26_serial/hook/ld_library_path_lib.dsv'
[3.700s] [34mcolcon.colcon_core.shell[0m [1;30mINFO[0m Creating environment hook '/home/potato/RC_2026/install/rc26_serial/share/rc26_serial/hook/ld_library_path_lib.sh'
[3.701s] [34mcolcon.colcon_core.environment[0m [1;30mLevel 1[0m checking '/home/potato/RC_2026/install/rc26_serial/bin'
[3.701s] [34mcolcon.colcon_core.environment[0m [1;30mLevel 1[0m checking '/home/potato/RC_2026/install/rc26_serial/lib/pkgconfig/rc26_serial.pc'
[3.701s] [34mcolcon.colcon_core.environment[0m [1;30mLevel 1[0m checking '/home/potato/RC_2026/install/rc26_serial/lib/python3.10/site-packages'
[3.701s] [34mcolcon.colcon_core.environment[0m [1;30mLevel 1[0m checking '/home/potato/RC_2026/install/rc26_serial/bin'
[3.701s] [34mcolcon.colcon_core.shell[0m [1;30mINFO[0m Creating package script '/home/potato/RC_2026/install/rc26_serial/share/rc26_serial/package.ps1'
[3.702s] [34mcolcon.colcon_core.shell[0m [1;30mINFO[0m Creating package descriptor '/home/potato/RC_2026/install/rc26_serial/share/rc26_serial/package.dsv'
[3.702s] [34mcolcon.colcon_core.shell[0m [1;30mINFO[0m Creating package script '/home/potato/RC_2026/install/rc26_serial/share/rc26_serial/package.sh'
[3.702s] [34mcolcon.colcon_core.shell[0m [1;30mINFO[0m Creating package script '/home/potato/RC_2026/install/rc26_serial/share/rc26_serial/package.bash'
[3.703s] [34mcolcon.colcon_core.shell[0m [1;30mINFO[0m Creating package script '/home/potato/RC_2026/install/rc26_serial/share/rc26_serial/package.zsh'
[3.704s] [34mcolcon.colcon_core.environment[0m [1;30mLevel 1[0m create_file_with_runtime_dependencies(/home/potato/RC_2026/install/rc26_serial/share/colcon-core/packages/rc26_serial)
[3.704s] [34mcolcon.colcon_core.environment[0m [1;30mLevel 1[0m create_environment_scripts_only(rc26_serial)
[3.704s] [34mcolcon.colcon_core.environment[0m [1;30mLevel 1[0m checking '/home/potato/RC_2026/install/rc26_serial' for CMake module files
[3.704s] [34mcolcon.colcon_core.environment[0m [1;30mLevel 1[0m checking '/home/potato/RC_2026/install/rc26_serial' for CMake config files
[3.704s] [34mcolcon.colcon_core.shell[0m [1;30mLevel 1[0m create_environment_hook('rc26_serial', 'cmake_prefix_path')
[3.705s] [34mcolcon.colcon_core.shell[0m [1;30mINFO[0m Creating environment hook '/home/potato/RC_2026/install/rc26_serial/share/rc26_serial/hook/cmake_prefix_path.ps1'
[3.705s] [34mcolcon.colcon_core.shell[0m [1;30mINFO[0m Creating environment descriptor '/home/potato/RC_2026/install/rc26_serial/share/rc26_serial/hook/cmake_prefix_path.dsv'
[3.705s] [34mcolcon.colcon_core.shell[0m [1;30mINFO[0m Creating environment hook '/home/potato/RC_2026/install/rc26_serial/share/rc26_serial/hook/cmake_prefix_path.sh'
[3.705s] [34mcolcon.colcon_core.environment[0m [1;30mLevel 1[0m checking '/home/potato/RC_2026/install/rc26_serial/lib'
[3.705s] [34mcolcon.colcon_core.shell[0m [1;30mLevel 1[0m create_environment_hook('rc26_serial', 'ld_library_path_lib')
[3.705s] [34mcolcon.colcon_core.shell[0m [1;30mINFO[0m Creating environment hook '/home/potato/RC_2026/install/rc26_serial/share/rc26_serial/hook/ld_library_path_lib.ps1'
[3.706s] [34mcolcon.colcon_core.shell[0m [1;30mINFO[0m Creating environment descriptor '/home/potato/RC_2026/install/rc26_serial/share/rc26_serial/hook/ld_library_path_lib.dsv'
[3.706s] [34mcolcon.colcon_core.shell[0m [1;30mINFO[0m Creating environment hook '/home/potato/RC_2026/install/rc26_serial/share/rc26_serial/hook/ld_library_path_lib.sh'
[3.706s] [34mcolcon.colcon_core.environment[0m [1;30mLevel 1[0m checking '/home/potato/RC_2026/install/rc26_serial/bin'
[3.706s] [34mcolcon.colcon_core.environment[0m [1;30mLevel 1[0m checking '/home/potato/RC_2026/install/rc26_serial/lib/pkgconfig/rc26_serial.pc'
[3.706s] [34mcolcon.colcon_core.environment[0m [1;30mLevel 1[0m checking '/home/potato/RC_2026/install/rc26_serial/lib/python3.10/site-packages'
[3.706s] [34mcolcon.colcon_core.environment[0m [1;30mLevel 1[0m checking '/home/potato/RC_2026/install/rc26_serial/bin'
[3.706s] [34mcolcon.colcon_core.shell[0m [1;30mINFO[0m Creating package script '/home/potato/RC_2026/install/rc26_serial/share/rc26_serial/package.ps1'
[3.707s] [34mcolcon.colcon_core.shell[0m [1;30mINFO[0m Creating package descriptor '/home/potato/RC_2026/install/rc26_serial/share/rc26_serial/package.dsv'
[3.707s] [34mcolcon.colcon_core.shell[0m [1;30mINFO[0m Creating package script '/home/potato/RC_2026/install/rc26_serial/share/rc26_serial/package.sh'
[3.707s] [34mcolcon.colcon_core.shell[0m [1;30mINFO[0m Creating package script '/home/potato/RC_2026/install/rc26_serial/share/rc26_serial/package.bash'
[3.707s] [34mcolcon.colcon_core.shell[0m [1;30mINFO[0m Creating package script '/home/potato/RC_2026/install/rc26_serial/share/rc26_serial/package.zsh'
[3.708s] [34mcolcon.colcon_core.environment[0m [1;30mLevel 1[0m create_file_with_runtime_dependencies(/home/potato/RC_2026/install/rc26_serial/share/colcon-core/packages/rc26_serial)
[3.708s] [34mcolcon.colcon_ros.task.ament_cmake.build[0m [1;30mINFO[0m Building ROS package in '/home/potato/RC_2026/RC_2026_1/mid360_driver' with build type 'ament_cmake'
[3.708s] [34mcolcon.colcon_cmake.task.cmake.build[0m [1;30mINFO[0m Building CMake package in '/home/potato/RC_2026/RC_2026_1/mid360_driver'
[3.708s] [34mcolcon.colcon_core.shell[0m [1;30mINFO[0m Skip shell extension 'powershell' for command environment: Not usable outside of PowerShell
[3.708s] [34mcolcon.colcon_core.shell[0m [1;30mDEBUG[0m [32mSkip shell extension 'dsv' for command environment[0m
[3.715s] [34mcolcon.colcon_core.event_handler.log_command[0m [1;30mDEBUG[0m [32mInvoking command in '/home/potato/RC_2026/build/mid360_driver': /usr/bin/cmake /home/potato/RC_2026/RC_2026_1/mid360_driver -DCMAKE_INSTALL_PREFIX=/home/potato/RC_2026/install/mid360_driver[0m
[4.664s] [34mcolcon.colcon_core.event_handler.log_command[0m [1;30mDEBUG[0m [32mInvoked command in '/home/potato/RC_2026/build/mid360_driver' returned '0': /usr/bin/cmake /home/potato/RC_2026/RC_2026_1/mid360_driver -DCMAKE_INSTALL_PREFIX=/home/potato/RC_2026/install/mid360_driver[0m
[4.664s] [34mcolcon.colcon_core.event_handler.log_command[0m [1;30mDEBUG[0m [32mInvoking command in '/home/potato/RC_2026/build/mid360_driver': /usr/bin/cmake --build /home/potato/RC_2026/build/mid360_driver -- -j28 -l28[0m
[10.545s] [34mcolcon.colcon_core.event_handler.log_command[0m [1;30mDEBUG[0m [32mInvoked command in '/home/potato/RC_2026/build/mid360_driver' returned '0': /usr/bin/cmake --build /home/potato/RC_2026/build/mid360_driver -- -j28 -l28[0m
[10.545s] [34mcolcon.colcon_core.event_handler.log_command[0m [1;30mDEBUG[0m [32mInvoking command in '/home/potato/RC_2026/build/mid360_driver': /usr/bin/cmake --install /home/potato/RC_2026/build/mid360_driver[0m
[10.555s] [34mcolcon.colcon_core.environment[0m [1;30mLevel 1[0m create_environment_scripts_only(mid360_driver)
[10.555s] [34mcolcon.colcon_core.environment[0m [1;30mLevel 1[0m checking '/home/potato/RC_2026/install/mid360_driver' for CMake module files
[10.556s] [34mcolcon.colcon_core.event_handler.log_command[0m [1;30mDEBUG[0m [32mInvoked command in '/home/potato/RC_2026/build/mid360_driver' returned '0': /usr/bin/cmake --install /home/potato/RC_2026/build/mid360_driver[0m
[10.556s] [34mcolcon.colcon_core.environment[0m [1;30mLevel 1[0m checking '/home/potato/RC_2026/install/mid360_driver' for CMake config files
[10.556s] [34mcolcon.colcon_core.shell[0m [1;30mLevel 1[0m create_environment_hook('mid360_driver', 'cmake_prefix_path')
[10.557s] [34mcolcon.colcon_core.shell[0m [1;30mINFO[0m Creating environment hook '/home/potato/RC_2026/install/mid360_driver/share/mid360_driver/hook/cmake_prefix_path.ps1'
[10.557s] [34mcolcon.colcon_core.shell[0m [1;30mINFO[0m Creating environment descriptor '/home/potato/RC_2026/install/mid360_driver/share/mid360_driver/hook/cmake_prefix_path.dsv'
[10.557s] [34mcolcon.colcon_core.shell[0m [1;30mINFO[0m Creating environment hook '/home/potato/RC_2026/install/mid360_driver/share/mid360_driver/hook/cmake_prefix_path.sh'
[10.558s] [34mcolcon.colcon_core.environment[0m [1;30mLevel 1[0m checking '/home/potato/RC_2026/install/mid360_driver/lib'
[10.558s] [34mcolcon.colcon_core.shell[0m [1;30mLevel 1[0m create_environment_hook('mid360_driver', 'ld_library_path_lib')
[10.558s] [34mcolcon.colcon_core.shell[0m [1;30mINFO[0m Creating environment hook '/home/potato/RC_2026/install/mid360_driver/share/mid360_driver/hook/ld_library_path_lib.ps1'
[10.558s] [34mcolcon.colcon_core.shell[0m [1;30mINFO[0m Creating environment descriptor '/home/potato/RC_2026/install/mid360_driver/share/mid360_driver/hook/ld_library_path_lib.dsv'
[10.559s] [34mcolcon.colcon_core.shell[0m [1;30mINFO[0m Creating environment hook '/home/potato/RC_2026/install/mid360_driver/share/mid360_driver/hook/ld_library_path_lib.sh'
[10.559s] [34mcolcon.colcon_core.environment[0m [1;30mLevel 1[0m checking '/home/potato/RC_2026/install/mid360_driver/bin'
[10.559s] [34mcolcon.colcon_core.environment[0m [1;30mLevel 1[0m checking '/home/potato/RC_2026/install/mid360_driver/lib/pkgconfig/mid360_driver.pc'
[10.559s] [34mcolcon.colcon_core.environment[0m [1;30mLevel 1[0m checking '/home/potato/RC_2026/install/mid360_driver/lib/python3.10/site-packages'
[10.560s] [34mcolcon.colcon_core.environment[0m [1;30mLevel 1[0m checking '/home/potato/RC_2026/install/mid360_driver/bin'
[10.560s] [34mcolcon.colcon_core.shell[0m [1;30mINFO[0m Creating package script '/home/potato/RC_2026/install/mid360_driver/share/mid360_driver/package.ps1'
[10.561s] [34mcolcon.colcon_core.shell[0m [1;30mINFO[0m Creating package descriptor '/home/potato/RC_2026/install/mid360_driver/share/mid360_driver/package.dsv'
[10.561s] [34mcolcon.colcon_core.shell[0m [1;30mINFO[0m Creating package script '/home/potato/RC_2026/install/mid360_driver/share/mid360_driver/package.sh'
[10.561s] [34mcolcon.colcon_core.shell[0m [1;30mINFO[0m Creating package script '/home/potato/RC_2026/install/mid360_driver/share/mid360_driver/package.bash'
[10.562s] [34mcolcon.colcon_core.shell[0m [1;30mINFO[0m Creating package script '/home/potato/RC_2026/install/mid360_driver/share/mid360_driver/package.zsh'
[10.562s] [34mcolcon.colcon_core.environment[0m [1;30mLevel 1[0m create_file_with_runtime_dependencies(/home/potato/RC_2026/install/mid360_driver/share/colcon-core/packages/mid360_driver)
[10.563s] [34mcolcon.colcon_core.environment[0m [1;30mLevel 1[0m create_environment_scripts_only(mid360_driver)
[10.563s] [34mcolcon.colcon_core.environment[0m [1;30mLevel 1[0m checking '/home/potato/RC_2026/install/mid360_driver' for CMake module files
[10.563s] [34mcolcon.colcon_core.environment[0m [1;30mLevel 1[0m checking '/home/potato/RC_2026/install/mid360_driver' for CMake config files
[10.564s] [34mcolcon.colcon_core.shell[0m [1;30mLevel 1[0m create_environment_hook('mid360_driver', 'cmake_prefix_path')
[10.564s] [34mcolcon.colcon_core.shell[0m [1;30mINFO[0m Creating environment hook '/home/potato/RC_2026/install/mid360_driver/share/mid360_driver/hook/cmake_prefix_path.ps1'
[10.564s] [34mcolcon.colcon_core.shell[0m [1;30mINFO[0m Creating environment descriptor '/home/potato/RC_2026/install/mid360_driver/share/mid360_driver/hook/cmake_prefix_path.dsv'
[10.564s] [34mcolcon.colcon_core.shell[0m [1;30mINFO[0m Creating environment hook '/home/potato/RC_2026/install/mid360_driver/share/mid360_driver/hook/cmake_prefix_path.sh'
[10.565s] [34mcolcon.colcon_core.environment[0m [1;30mLevel 1[0m checking '/home/potato/RC_2026/install/mid360_driver/lib'
[10.565s] [34mcolcon.colcon_core.shell[0m [1;30mLevel 1[0m create_environment_hook('mid360_driver', 'ld_library_path_lib')
[10.565s] [34mcolcon.colcon_core.shell[0m [1;30mINFO[0m Creating environment hook '/home/potato/RC_2026/install/mid360_driver/share/mid360_driver/hook/ld_library_path_lib.ps1'
[10.565s] [34mcolcon.colcon_core.shell[0m [1;30mINFO[0m Creating environment descriptor '/home/potato/RC_2026/install/mid360_driver/share/mid360_driver/hook/ld_library_path_lib.dsv'
[10.566s] [34mcolcon.colcon_core.shell[0m [1;30mINFO[0m Creating environment hook '/home/potato/RC_2026/install/mid360_driver/share/mid360_driver/hook/ld_library_path_lib.sh'
[10.566s] [34mcolcon.colcon_core.environment[0m [1;30mLevel 1[0m checking '/home/potato/RC_2026/install/mid360_driver/bin'
[10.566s] [34mcolcon.colcon_core.environment[0m [1;30mLevel 1[0m checking '/home/potato/RC_2026/install/mid360_driver/lib/pkgconfig/mid360_driver.pc'
[10.566s] [34mcolcon.colcon_core.environment[0m [1;30mLevel 1[0m checking '/home/potato/RC_2026/install/mid360_driver/lib/python3.10/site-packages'
[10.567s] [34mcolcon.colcon_core.environment[0m [1;30mLevel 1[0m checking '/home/potato/RC_2026/install/mid360_driver/bin'
[10.567s] [34mcolcon.colcon_core.shell[0m [1;30mINFO[0m Creating package script '/home/potato/RC_2026/install/mid360_driver/share/mid360_driver/package.ps1'
[10.567s] [34mcolcon.colcon_core.shell[0m [1;30mINFO[0m Creating package descriptor '/home/potato/RC_2026/install/mid360_driver/share/mid360_driver/package.dsv'
[10.568s] [34mcolcon.colcon_core.shell[0m [1;30mINFO[0m Creating package script '/home/potato/RC_2026/install/mid360_driver/share/mid360_driver/package.sh'
[10.568s] [34mcolcon.colcon_core.shell[0m [1;30mINFO[0m Creating package script '/home/potato/RC_2026/install/mid360_driver/share/mid360_driver/package.bash'
[10.569s] [34mcolcon.colcon_core.shell[0m [1;30mINFO[0m Creating package script '/home/potato/RC_2026/install/mid360_driver/share/mid360_driver/package.zsh'
[10.569s] [34mcolcon.colcon_core.environment[0m [1;30mLevel 1[0m create_file_with_runtime_dependencies(/home/potato/RC_2026/install/mid360_driver/share/colcon-core/packages/mid360_driver)
[10.569s] [34mcolcon.colcon_ros.task.ament_cmake.build[0m [1;30mINFO[0m Building ROS package in '/home/potato/RC_2026/RC_2026_1/point_lio' with build type 'ament_cmake'
[10.569s] [34mcolcon.colcon_cmake.task.cmake.build[0m [1;30mINFO[0m Building CMake package in '/home/potato/RC_2026/RC_2026_1/point_lio'
[10.570s] [34mcolcon.colcon_core.shell[0m [1;30mINFO[0m Skip shell extension 'powershell' for command environment: Not usable outside of PowerShell
[10.570s] [34mcolcon.colcon_core.shell[0m [1;30mDEBUG[0m [32mSkip shell extension 'dsv' for command environment[0m
[10.576s] [34mcolcon.colcon_core.event_handler.log_command[0m [1;30mDEBUG[0m [32mInvoking command in '/home/potato/RC_2026/build/point_lio': /usr/bin/cmake /home/potato/RC_2026/RC_2026_1/point_lio -DCMAKE_INSTALL_PREFIX=/home/potato/RC_2026/install/point_lio[0m
[13.454s] [34mcolcon.colcon_core.event_handler.log_command[0m [1;30mDEBUG[0m [32mInvoked command in '/home/potato/RC_2026/build/point_lio' returned '0': /usr/bin/cmake /home/potato/RC_2026/RC_2026_1/point_lio -DCMAKE_INSTALL_PREFIX=/home/potato/RC_2026/install/point_lio[0m
[13.455s] [34mcolcon.colcon_core.event_handler.log_command[0m [1;30mDEBUG[0m [32mInvoking command in '/home/potato/RC_2026/build/point_lio': /usr/bin/cmake --build /home/potato/RC_2026/build/point_lio -- -j28 -l28[0m
[46.027s] [34mcolcon.colcon_core.event_handler.log_command[0m [1;30mDEBUG[0m [32mInvoked command in '/home/potato/RC_2026/build/point_lio' returned '0': /usr/bin/cmake --build /home/potato/RC_2026/build/point_lio -- -j28 -l28[0m
[46.032s] [34mcolcon.colcon_core.event_handler.log_command[0m [1;30mDEBUG[0m [32mInvoking command in '/home/potato/RC_2026/build/point_lio': /usr/bin/cmake --install /home/potato/RC_2026/build/point_lio[0m
[46.052s] [34mcolcon.colcon_core.environment[0m [1;30mLevel 1[0m create_environment_scripts_only(point_lio)
[46.053s] [34mcolcon.colcon_core.environment[0m [1;30mLevel 1[0m checking '/home/potato/RC_2026/install/point_lio' for CMake module files
[46.054s] [34mcolcon.colcon_core.event_handler.log_command[0m [1;30mDEBUG[0m [32mInvoked command in '/home/potato/RC_2026/build/point_lio' returned '0': /usr/bin/cmake --install /home/potato/RC_2026/build/point_lio[0m
[46.054s] [34mcolcon.colcon_core.environment[0m [1;30mLevel 1[0m checking '/home/potato/RC_2026/install/point_lio' for CMake config files
[46.054s] [34mcolcon.colcon_core.shell[0m [1;30mLevel 1[0m create_environment_hook('point_lio', 'cmake_prefix_path')
[46.055s] [34mcolcon.colcon_core.shell[0m [1;30mINFO[0m Creating environment hook '/home/potato/RC_2026/install/point_lio/share/point_lio/hook/cmake_prefix_path.ps1'
[46.056s] [34mcolcon.colcon_core.shell[0m [1;30mINFO[0m Creating environment descriptor '/home/potato/RC_2026/install/point_lio/share/point_lio/hook/cmake_prefix_path.dsv'
[46.057s] [34mcolcon.colcon_core.shell[0m [1;30mINFO[0m Creating environment hook '/home/potato/RC_2026/install/point_lio/share/point_lio/hook/cmake_prefix_path.sh'
[46.058s] [34mcolcon.colcon_core.environment[0m [1;30mLevel 1[0m checking '/home/potato/RC_2026/install/point_lio/lib'
[46.058s] [34mcolcon.colcon_core.environment[0m [1;30mLevel 1[0m checking '/home/potato/RC_2026/install/point_lio/bin'
[46.058s] [34mcolcon.colcon_core.environment[0m [1;30mLevel 1[0m checking '/home/potato/RC_2026/install/point_lio/lib/pkgconfig/point_lio.pc'
[46.059s] [34mcolcon.colcon_core.environment[0m [1;30mLevel 1[0m checking '/home/potato/RC_2026/install/point_lio/lib/python3.10/site-packages'
[46.059s] [34mcolcon.colcon_core.environment[0m [1;30mLevel 1[0m checking '/home/potato/RC_2026/install/point_lio/bin'
[46.060s] [34mcolcon.colcon_core.shell[0m [1;30mINFO[0m Creating package script '/home/potato/RC_2026/install/point_lio/share/point_lio/package.ps1'
[46.060s] [34mcolcon.colcon_core.shell[0m [1;30mINFO[0m Creating package descriptor '/home/potato/RC_2026/install/point_lio/share/point_lio/package.dsv'
[46.061s] [34mcolcon.colcon_core.shell[0m [1;30mINFO[0m Creating package script '/home/potato/RC_2026/install/point_lio/share/point_lio/package.sh'
[46.061s] [34mcolcon.colcon_core.shell[0m [1;30mINFO[0m Creating package script '/home/potato/RC_2026/install/point_lio/share/point_lio/package.bash'
[46.062s] [34mcolcon.colcon_core.shell[0m [1;30mINFO[0m Creating package script '/home/potato/RC_2026/install/point_lio/share/point_lio/package.zsh'
[46.062s] [34mcolcon.colcon_core.environment[0m [1;30mLevel 1[0m create_file_with_runtime_dependencies(/home/potato/RC_2026/install/point_lio/share/colcon-core/packages/point_lio)
[46.063s] [34mcolcon.colcon_core.environment[0m [1;30mLevel 1[0m create_environment_scripts_only(point_lio)
[46.063s] [34mcolcon.colcon_core.environment[0m [1;30mLevel 1[0m checking '/home/potato/RC_2026/install/point_lio' for CMake module files
[46.064s] [34mcolcon.colcon_core.environment[0m [1;30mLevel 1[0m checking '/home/potato/RC_2026/install/point_lio' for CMake config files
[46.064s] [34mcolcon.colcon_core.shell[0m [1;30mLevel 1[0m create_environment_hook('point_lio', 'cmake_prefix_path')
[46.064s] [34mcolcon.colcon_core.shell[0m [1;30mINFO[0m Creating environment hook '/home/potato/RC_2026/install/point_lio/share/point_lio/hook/cmake_prefix_path.ps1'
[46.064s] [34mcolcon.colcon_core.shell[0m [1;30mINFO[0m Creating environment descriptor '/home/potato/RC_2026/install/point_lio/share/point_lio/hook/cmake_prefix_path.dsv'
[46.065s] [34mcolcon.colcon_core.shell[0m [1;30mINFO[0m Creating environment hook '/home/potato/RC_2026/install/point_lio/share/point_lio/hook/cmake_prefix_path.sh'
[46.065s] [34mcolcon.colcon_core.environment[0m [1;30mLevel 1[0m checking '/home/potato/RC_2026/install/point_lio/lib'
[46.065s] [34mcolcon.colcon_core.environment[0m [1;30mLevel 1[0m checking '/home/potato/RC_2026/install/point_lio/bin'
[46.065s] [34mcolcon.colcon_core.environment[0m [1;30mLevel 1[0m checking '/home/potato/RC_2026/install/point_lio/lib/pkgconfig/point_lio.pc'
[46.065s] [34mcolcon.colcon_core.environment[0m [1;30mLevel 1[0m checking '/home/potato/RC_2026/install/point_lio/lib/python3.10/site-packages'
[46.065s] [34mcolcon.colcon_core.environment[0m [1;30mLevel 1[0m checking '/home/potato/RC_2026/install/point_lio/bin'
[46.066s] [34mcolcon.colcon_core.shell[0m [1;30mINFO[0m Creating package script '/home/potato/RC_2026/install/point_lio/share/point_lio/package.ps1'
[46.066s] [34mcolcon.colcon_core.shell[0m [1;30mINFO[0m Creating package descriptor '/home/potato/RC_2026/install/point_lio/share/point_lio/package.dsv'
[46.066s] [34mcolcon.colcon_core.shell[0m [1;30mINFO[0m Creating package script '/home/potato/RC_2026/install/point_lio/share/point_lio/package.sh'
[46.067s] [34mcolcon.colcon_core.shell[0m [1;30mINFO[0m Creating package script '/home/potato/RC_2026/install/point_lio/share/point_lio/package.bash'
[46.067s] [34mcolcon.colcon_core.shell[0m [1;30mINFO[0m Creating package script '/home/potato/RC_2026/install/point_lio/share/point_lio/package.zsh'
[46.067s] [34mcolcon.colcon_core.environment[0m [1;30mLevel 1[0m create_file_with_runtime_dependencies(/home/potato/RC_2026/install/point_lio/share/colcon-core/packages/point_lio)
[46.067s] [34mcolcon.colcon_ros.task.ament_cmake.build[0m [1;30mINFO[0m Building ROS package in '/home/potato/RC_2026/RC_2026_1/rc26_localization' with build type 'ament_cmake'
[46.067s] [34mcolcon.colcon_cmake.task.cmake.build[0m [1;30mINFO[0m Building CMake package in '/home/potato/RC_2026/RC_2026_1/rc26_localization'
[46.067s] [34mcolcon.colcon_core.shell[0m [1;30mINFO[0m Skip shell extension 'powershell' for command environment: Not usable outside of PowerShell
[46.067s] [34mcolcon.colcon_core.shell[0m [1;30mDEBUG[0m [32mSkip shell extension 'dsv' for command environment[0m
[46.074s] [34mcolcon.colcon_core.event_handler.log_command[0m [1;30mDEBUG[0m [32mInvoking command in '/home/potato/RC_2026/build/rc26_localization': /usr/bin/cmake /home/potato/RC_2026/RC_2026_1/rc26_localization -DCMAKE_INSTALL_PREFIX=/home/potato/RC_2026/install/rc26_localization[0m
[49.262s] [34mcolcon.colcon_core.event_handler.log_command[0m [1;30mDEBUG[0m [32mInvoked command in '/home/potato/RC_2026/build/rc26_localization' returned '0': /usr/bin/cmake /home/potato/RC_2026/RC_2026_1/rc26_localization -DCMAKE_INSTALL_PREFIX=/home/potato/RC_2026/install/rc26_localization[0m
[49.262s] [34mcolcon.colcon_core.event_handler.log_command[0m [1;30mDEBUG[0m [32mInvoking command in '/home/potato/RC_2026/build/rc26_localization': /usr/bin/cmake --build /home/potato/RC_2026/build/rc26_localization -- -j28 -l28[0m
[92.598s] [34mcolcon.colcon_core.event_handler.log_command[0m [1;30mDEBUG[0m [32mInvoked command in '/home/potato/RC_2026/build/rc26_localization' returned '0': /usr/bin/cmake --build /home/potato/RC_2026/build/rc26_localization -- -j28 -l28[0m
[92.600s] [34mcolcon.colcon_core.event_handler.log_command[0m [1;30mDEBUG[0m [32mInvoking command in '/home/potato/RC_2026/build/rc26_localization': /usr/bin/cmake --install /home/potato/RC_2026/build/rc26_localization[0m
[92.621s] [34mcolcon.colcon_core.environment[0m [1;30mLevel 1[0m create_environment_scripts_only(rc26_localization)
[92.621s] [34mcolcon.colcon_core.environment[0m [1;30mLevel 1[0m checking '/home/potato/RC_2026/install/rc26_localization' for CMake module files
[92.622s] [34mcolcon.colcon_core.event_handler.log_command[0m [1;30mDEBUG[0m [32mInvoked command in '/home/potato/RC_2026/build/rc26_localization' returned '0': /usr/bin/cmake --install /home/potato/RC_2026/build/rc26_localization[0m
[92.622s] [34mcolcon.colcon_core.environment[0m [1;30mLevel 1[0m checking '/home/potato/RC_2026/install/rc26_localization' for CMake config files
[92.622s] [34mcolcon.colcon_core.shell[0m [1;30mLevel 1[0m create_environment_hook('rc26_localization', 'cmake_prefix_path')
[92.623s] [34mcolcon.colcon_core.shell[0m [1;30mINFO[0m Creating environment hook '/home/potato/RC_2026/install/rc26_localization/share/rc26_localization/hook/cmake_prefix_path.ps1'
[92.623s] [34mcolcon.colcon_core.shell[0m [1;30mINFO[0m Creating environment descriptor '/home/potato/RC_2026/install/rc26_localization/share/rc26_localization/hook/cmake_prefix_path.dsv'
[92.623s] [34mcolcon.colcon_core.shell[0m [1;30mINFO[0m Creating environment hook '/home/potato/RC_2026/install/rc26_localization/share/rc26_localization/hook/cmake_prefix_path.sh'
[92.624s] [34mcolcon.colcon_core.environment[0m [1;30mLevel 1[0m checking '/home/potato/RC_2026/install/rc26_localization/lib'
[92.624s] [34mcolcon.colcon_core.shell[0m [1;30mLevel 1[0m create_environment_hook('rc26_localization', 'ld_library_path_lib')
[92.624s] [34mcolcon.colcon_core.shell[0m [1;30mINFO[0m Creating environment hook '/home/potato/RC_2026/install/rc26_localization/share/rc26_localization/hook/ld_library_path_lib.ps1'
[92.624s] [34mcolcon.colcon_core.shell[0m [1;30mINFO[0m Creating environment descriptor '/home/potato/RC_2026/install/rc26_localization/share/rc26_localization/hook/ld_library_path_lib.dsv'
[92.625s] [34mcolcon.colcon_core.shell[0m [1;30mINFO[0m Creating environment hook '/home/potato/RC_2026/install/rc26_localization/share/rc26_localization/hook/ld_library_path_lib.sh'
[92.625s] [34mcolcon.colcon_core.environment[0m [1;30mLevel 1[0m checking '/home/potato/RC_2026/install/rc26_localization/bin'
[92.625s] [34mcolcon.colcon_core.environment[0m [1;30mLevel 1[0m checking '/home/potato/RC_2026/install/rc26_localization/lib/pkgconfig/rc26_localization.pc'
[92.625s] [34mcolcon.colcon_core.environment[0m [1;30mLevel 1[0m checking '/home/potato/RC_2026/install/rc26_localization/lib/python3.10/site-packages'
[92.626s] [34mcolcon.colcon_core.environment[0m [1;30mLevel 1[0m checking '/home/potato/RC_2026/install/rc26_localization/bin'
[92.626s] [34mcolcon.colcon_core.shell[0m [1;30mINFO[0m Creating package script '/home/potato/RC_2026/install/rc26_localization/share/rc26_localization/package.ps1'
[92.627s] [34mcolcon.colcon_core.shell[0m [1;30mINFO[0m Creating package descriptor '/home/potato/RC_2026/install/rc26_localization/share/rc26_localization/package.dsv'
[92.627s] [34mcolcon.colcon_core.shell[0m [1;30mINFO[0m Creating package script '/home/potato/RC_2026/install/rc26_localization/share/rc26_localization/package.sh'
[92.628s] [34mcolcon.colcon_core.shell[0m [1;30mINFO[0m Creating package script '/home/potato/RC_2026/install/rc26_localization/share/rc26_localization/package.bash'
[92.628s] [34mcolcon.colcon_core.shell[0m [1;30mINFO[0m Creating package script '/home/potato/RC_2026/install/rc26_localization/share/rc26_localization/package.zsh'
[92.628s] [34mcolcon.colcon_core.environment[0m [1;30mLevel 1[0m create_file_with_runtime_dependencies(/home/potato/RC_2026/install/rc26_localization/share/colcon-core/packages/rc26_localization)
[92.629s] [34mcolcon.colcon_core.environment[0m [1;30mLevel 1[0m create_environment_scripts_only(rc26_localization)
[92.629s] [34mcolcon.colcon_core.environment[0m [1;30mLevel 1[0m checking '/home/potato/RC_2026/install/rc26_localization' for CMake module files
[92.630s] [34mcolcon.colcon_core.environment[0m [1;30mLevel 1[0m checking '/home/potato/RC_2026/install/rc26_localization' for CMake config files
[92.630s] [34mcolcon.colcon_core.shell[0m [1;30mLevel 1[0m create_environment_hook('rc26_localization', 'cmake_prefix_path')
[92.630s] [34mcolcon.colcon_core.shell[0m [1;30mINFO[0m Creating environment hook '/home/potato/RC_2026/install/rc26_localization/share/rc26_localization/hook/cmake_prefix_path.ps1'
[92.630s] [34mcolcon.colcon_core.shell[0m [1;30mINFO[0m Creating environment descriptor '/home/potato/RC_2026/install/rc26_localization/share/rc26_localization/hook/cmake_prefix_path.dsv'
[92.631s] [34mcolcon.colcon_core.shell[0m [1;30mINFO[0m Creating environment hook '/home/potato/RC_2026/install/rc26_localization/share/rc26_localization/hook/cmake_prefix_path.sh'
[92.631s] [34mcolcon.colcon_core.environment[0m [1;30mLevel 1[0m checking '/home/potato/RC_2026/install/rc26_localization/lib'
[92.631s] [34mcolcon.colcon_core.shell[0m [1;30mLevel 1[0m create_environment_hook('rc26_localization', 'ld_library_path_lib')
[92.632s] [34mcolcon.colcon_core.shell[0m [1;30mINFO[0m Creating environment hook '/home/potato/RC_2026/install/rc26_localization/share/rc26_localization/hook/ld_library_path_lib.ps1'
[92.632s] [34mcolcon.colcon_core.shell[0m [1;30mINFO[0m Creating environment descriptor '/home/potato/RC_2026/install/rc26_localization/share/rc26_localization/hook/ld_library_path_lib.dsv'
[92.632s] [34mcolcon.colcon_core.shell[0m [1;30mINFO[0m Creating environment hook '/home/potato/RC_2026/install/rc26_localization/share/rc26_localization/hook/ld_library_path_lib.sh'
[92.633s] [34mcolcon.colcon_core.environment[0m [1;30mLevel 1[0m checking '/home/potato/RC_2026/install/rc26_localization/bin'
[92.633s] [34mcolcon.colcon_core.environment[0m [1;30mLevel 1[0m checking '/home/potato/RC_2026/install/rc26_localization/lib/pkgconfig/rc26_localization.pc'
[92.633s] [34mcolcon.colcon_core.environment[0m [1;30mLevel 1[0m checking '/home/potato/RC_2026/install/rc26_localization/lib/python3.10/site-packages'
[92.633s] [34mcolcon.colcon_core.environment[0m [1;30mLevel 1[0m checking '/home/potato/RC_2026/install/rc26_localization/bin'
[92.633s] [34mcolcon.colcon_core.shell[0m [1;30mINFO[0m Creating package script '/home/potato/RC_2026/install/rc26_localization/share/rc26_localization/package.ps1'
[92.634s] [34mcolcon.colcon_core.shell[0m [1;30mINFO[0m Creating package descriptor '/home/potato/RC_2026/install/rc26_localization/share/rc26_localization/package.dsv'
[92.634s] [34mcolcon.colcon_core.shell[0m [1;30mINFO[0m Creating package script '/home/potato/RC_2026/install/rc26_localization/share/rc26_localization/package.sh'
[92.635s] [34mcolcon.colcon_core.shell[0m [1;30mINFO[0m Creating package script '/home/potato/RC_2026/install/rc26_localization/share/rc26_localization/package.bash'
[92.635s] [34mcolcon.colcon_core.shell[0m [1;30mINFO[0m Creating package script '/home/potato/RC_2026/install/rc26_localization/share/rc26_localization/package.zsh'
[92.635s] [34mcolcon.colcon_core.environment[0m [1;30mLevel 1[0m create_file_with_runtime_dependencies(/home/potato/RC_2026/install/rc26_localization/share/colcon-core/packages/rc26_localization)
[92.635s] [34mcolcon.colcon_ros.task.ament_cmake.build[0m [1;30mINFO[0m Building ROS package in '/home/potato/RC_2026/RC_2026_1/rc26_odom_interface' with build type 'ament_cmake'
[92.636s] [34mcolcon.colcon_cmake.task.cmake.build[0m [1;30mINFO[0m Building CMake package in '/home/potato/RC_2026/RC_2026_1/rc26_odom_interface'
[92.636s] [34mcolcon.colcon_core.shell[0m [1;30mINFO[0m Skip shell extension 'powershell' for command environment: Not usable outside of PowerShell
[92.636s] [34mcolcon.colcon_core.shell[0m [1;30mDEBUG[0m [32mSkip shell extension 'dsv' for command environment[0m
[92.644s] [34mcolcon.colcon_core.event_handler.log_command[0m [1;30mDEBUG[0m [32mInvoking command in '/home/potato/RC_2026/build/rc26_odom_interface': /usr/bin/cmake /home/potato/RC_2026/RC_2026_1/rc26_odom_interface -DCMAKE_INSTALL_PREFIX=/home/potato/RC_2026/install/rc26_odom_interface[0m
[95.208s] [34mcolcon.colcon_core.event_handler.log_command[0m [1;30mDEBUG[0m [32mInvoked command in '/home/potato/RC_2026/build/rc26_odom_interface' returned '0': /usr/bin/cmake /home/potato/RC_2026/RC_2026_1/rc26_odom_interface -DCMAKE_INSTALL_PREFIX=/home/potato/RC_2026/install/rc26_odom_interface[0m
[95.208s] [34mcolcon.colcon_core.event_handler.log_command[0m [1;30mDEBUG[0m [32mInvoking command in '/home/potato/RC_2026/build/rc26_odom_interface': /usr/bin/cmake --build /home/potato/RC_2026/build/rc26_odom_interface -- -j28 -l28[0m
[104.731s] [34mcolcon.colcon_core.event_handler.log_command[0m [1;30mDEBUG[0m [32mInvoked command in '/home/potato/RC_2026/build/rc26_odom_interface' returned '0': /usr/bin/cmake --build /home/potato/RC_2026/build/rc26_odom_interface -- -j28 -l28[0m
[104.732s] [34mcolcon.colcon_core.event_handler.log_command[0m [1;30mDEBUG[0m [32mInvoking command in '/home/potato/RC_2026/build/rc26_odom_interface': /usr/bin/cmake --install /home/potato/RC_2026/build/rc26_odom_interface[0m
[104.748s] [34mcolcon.colcon_core.environment[0m [1;30mLevel 1[0m create_environment_scripts_only(rc26_odom_interface)
[104.748s] [34mcolcon.colcon_core.environment[0m [1;30mLevel 1[0m checking '/home/potato/RC_2026/install/rc26_odom_interface' for CMake module files
[104.748s] [34mcolcon.colcon_core.event_handler.log_command[0m [1;30mDEBUG[0m [32mInvoked command in '/home/potato/RC_2026/build/rc26_odom_interface' returned '0': /usr/bin/cmake --install /home/potato/RC_2026/build/rc26_odom_interface[0m
[104.748s] [34mcolcon.colcon_core.environment[0m [1;30mLevel 1[0m checking '/home/potato/RC_2026/install/rc26_odom_interface' for CMake config files
[104.749s] [34mcolcon.colcon_core.shell[0m [1;30mLevel 1[0m create_environment_hook('rc26_odom_interface', 'cmake_prefix_path')
[104.749s] [34mcolcon.colcon_core.shell[0m [1;30mINFO[0m Creating environment hook '/home/potato/RC_2026/install/rc26_odom_interface/share/rc26_odom_interface/hook/cmake_prefix_path.ps1'
[104.749s] [34mcolcon.colcon_core.shell[0m [1;30mINFO[0m Creating environment descriptor '/home/potato/RC_2026/install/rc26_odom_interface/share/rc26_odom_interface/hook/cmake_prefix_path.dsv'
[104.749s] [34mcolcon.colcon_core.shell[0m [1;30mINFO[0m Creating environment hook '/home/potato/RC_2026/install/rc26_odom_interface/share/rc26_odom_interface/hook/cmake_prefix_path.sh'
[104.749s] [34mcolcon.colcon_core.environment[0m [1;30mLevel 1[0m checking '/home/potato/RC_2026/install/rc26_odom_interface/lib'
[104.750s] [34mcolcon.colcon_core.shell[0m [1;30mLevel 1[0m create_environment_hook('rc26_odom_interface', 'ld_library_path_lib')
[104.750s] [34mcolcon.colcon_core.shell[0m [1;30mINFO[0m Creating environment hook '/home/potato/RC_2026/install/rc26_odom_interface/share/rc26_odom_interface/hook/ld_library_path_lib.ps1'
[104.750s] [34mcolcon.colcon_core.shell[0m [1;30mINFO[0m Creating environment descriptor '/home/potato/RC_2026/install/rc26_odom_interface/share/rc26_odom_interface/hook/ld_library_path_lib.dsv'
[104.750s] [34mcolcon.colcon_core.shell[0m [1;30mINFO[0m Creating environment hook '/home/potato/RC_2026/install/rc26_odom_interface/share/rc26_odom_interface/hook/ld_library_path_lib.sh'
[104.750s] [34mcolcon.colcon_core.environment[0m [1;30mLevel 1[0m checking '/home/potato/RC_2026/install/rc26_odom_interface/bin'
[104.750s] [34mcolcon.colcon_core.environment[0m [1;30mLevel 1[0m checking '/home/potato/RC_2026/install/rc26_odom_interface/lib/pkgconfig/rc26_odom_interface.pc'
[104.750s] [34mcolcon.colcon_core.environment[0m [1;30mLevel 1[0m checking '/home/potato/RC_2026/install/rc26_odom_interface/lib/python3.10/site-packages'
[104.751s] [34mcolcon.colcon_core.environment[0m [1;30mLevel 1[0m checking '/home/potato/RC_2026/install/rc26_odom_interface/bin'
[104.751s] [34mcolcon.colcon_core.shell[0m [1;30mINFO[0m Creating package script '/home/potato/RC_2026/install/rc26_odom_interface/share/rc26_odom_interface/package.ps1'
[104.751s] [34mcolcon.colcon_core.shell[0m [1;30mINFO[0m Creating package descriptor '/home/potato/RC_2026/install/rc26_odom_interface/share/rc26_odom_interface/package.dsv'
[104.751s] [34mcolcon.colcon_core.shell[0m [1;30mINFO[0m Creating package script '/home/potato/RC_2026/install/rc26_odom_interface/share/rc26_odom_interface/package.sh'
[104.752s] [34mcolcon.colcon_core.shell[0m [1;30mINFO[0m Creating package script '/home/potato/RC_2026/install/rc26_odom_interface/share/rc26_odom_interface/package.bash'
[104.752s] [34mcolcon.colcon_core.shell[0m [1;30mINFO[0m Creating package script '/home/potato/RC_2026/install/rc26_odom_interface/share/rc26_odom_interface/package.zsh'
[104.752s] [34mcolcon.colcon_core.environment[0m [1;30mLevel 1[0m create_file_with_runtime_dependencies(/home/potato/RC_2026/install/rc26_odom_interface/share/colcon-core/packages/rc26_odom_interface)
[104.752s] [34mcolcon.colcon_core.environment[0m [1;30mLevel 1[0m create_environment_scripts_only(rc26_odom_interface)
[104.752s] [34mcolcon.colcon_core.environment[0m [1;30mLevel 1[0m checking '/home/potato/RC_2026/install/rc26_odom_interface' for CMake module files
[104.753s] [34mcolcon.colcon_core.environment[0m [1;30mLevel 1[0m checking '/home/potato/RC_2026/install/rc26_odom_interface' for CMake config files
[104.753s] [34mcolcon.colcon_core.shell[0m [1;30mLevel 1[0m create_environment_hook('rc26_odom_interface', 'cmake_prefix_path')
[104.753s] [34mcolcon.colcon_core.shell[0m [1;30mINFO[0m Creating environment hook '/home/potato/RC_2026/install/rc26_odom_interface/share/rc26_odom_interface/hook/cmake_prefix_path.ps1'
[104.753s] [34mcolcon.colcon_core.shell[0m [1;30mINFO[0m Creating environment descriptor '/home/potato/RC_2026/install/rc26_odom_interface/share/rc26_odom_interface/hook/cmake_prefix_path.dsv'
[104.753s] [34mcolcon.colcon_core.shell[0m [1;30mINFO[0m Creating environment hook '/home/potato/RC_2026/install/rc26_odom_interface/share/rc26_odom_interface/hook/cmake_prefix_path.sh'
[104.754s] [34mcolcon.colcon_core.environment[0m [1;30mLevel 1[0m checking '/home/potato/RC_2026/install/rc26_odom_interface/lib'
[104.754s] [34mcolcon.colcon_core.shell[0m [1;30mLevel 1[0m create_environment_hook('rc26_odom_interface', 'ld_library_path_lib')
[104.754s] [34mcolcon.colcon_core.shell[0m [1;30mINFO[0m Creating environment hook '/home/potato/RC_2026/install/rc26_odom_interface/share/rc26_odom_interface/hook/ld_library_path_lib.ps1'
[104.754s] [34mcolcon.colcon_core.shell[0m [1;30mINFO[0m Creating environment descriptor '/home/potato/RC_2026/install/rc26_odom_interface/share/rc26_odom_interface/hook/ld_library_path_lib.dsv'
[104.754s] [34mcolcon.colcon_core.shell[0m [1;30mINFO[0m Creating environment hook '/home/potato/RC_2026/install/rc26_odom_interface/share/rc26_odom_interface/hook/ld_library_path_lib.sh'
[104.754s] [34mcolcon.colcon_core.environment[0m [1;30mLevel 1[0m checking '/home/potato/RC_2026/install/rc26_odom_interface/bin'
[104.754s] [34mcolcon.colcon_core.environment[0m [1;30mLevel 1[0m checking '/home/potato/RC_2026/install/rc26_odom_interface/lib/pkgconfig/rc26_odom_interface.pc'
[104.754s] [34mcolcon.colcon_core.environment[0m [1;30mLevel 1[0m checking '/home/potato/RC_2026/install/rc26_odom_interface/lib/python3.10/site-packages'
[104.755s] [34mcolcon.colcon_core.environment[0m [1;30mLevel 1[0m checking '/home/potato/RC_2026/install/rc26_odom_interface/bin'
[104.755s] [34mcolcon.colcon_core.shell[0m [1;30mINFO[0m Creating package script '/home/potato/RC_2026/install/rc26_odom_interface/share/rc26_odom_interface/package.ps1'
[104.755s] [34mcolcon.colcon_core.shell[0m [1;30mINFO[0m Creating package descriptor '/home/potato/RC_2026/install/rc26_odom_interface/share/rc26_odom_interface/package.dsv'
[104.756s] [34mcolcon.colcon_core.shell[0m [1;30mINFO[0m Creating package script '/home/potato/RC_2026/install/rc26_odom_interface/share/rc26_odom_interface/package.sh'
[104.756s] [34mcolcon.colcon_core.shell[0m [1;30mINFO[0m Creating package script '/home/potato/RC_2026/install/rc26_odom_interface/share/rc26_odom_interface/package.bash'
[104.756s] [34mcolcon.colcon_core.shell[0m [1;30mINFO[0m Creating package script '/home/potato/RC_2026/install/rc26_odom_interface/share/rc26_odom_interface/package.zsh'
[104.756s] [34mcolcon.colcon_core.environment[0m [1;30mLevel 1[0m create_file_with_runtime_dependencies(/home/potato/RC_2026/install/rc26_odom_interface/share/colcon-core/packages/rc26_odom_interface)
[104.756s] [34mcolcon.colcon_ros.task.ament_cmake.build[0m [1;30mINFO[0m Building ROS package in '/home/potato/RC_2026/RC_2026_1/rc26_omni_controller' with build type 'ament_cmake'
[104.756s] [34mcolcon.colcon_cmake.task.cmake.build[0m [1;30mINFO[0m Building CMake package in '/home/potato/RC_2026/RC_2026_1/rc26_omni_controller'
[104.757s] [34mcolcon.colcon_core.shell[0m [1;30mINFO[0m Skip shell extension 'powershell' for command environment: Not usable outside of PowerShell
[104.757s] [34mcolcon.colcon_core.shell[0m [1;30mDEBUG[0m [32mSkip shell extension 'dsv' for command environment[0m
[104.763s] [34mcolcon.colcon_core.event_handler.log_command[0m [1;30mDEBUG[0m [32mInvoking command in '/home/potato/RC_2026/build/rc26_omni_controller': /usr/bin/cmake /home/potato/RC_2026/RC_2026_1/rc26_omni_controller -DCMAKE_INSTALL_PREFIX=/home/potato/RC_2026/install/rc26_omni_controller[0m
[105.987s] [34mcolcon.colcon_core.event_handler.log_command[0m [1;30mDEBUG[0m [32mInvoked command in '/home/potato/RC_2026/build/rc26_omni_controller' returned '0': /usr/bin/cmake /home/potato/RC_2026/RC_2026_1/rc26_omni_controller -DCMAKE_INSTALL_PREFIX=/home/potato/RC_2026/install/rc26_omni_controller[0m
[105.987s] [34mcolcon.colcon_core.event_handler.log_command[0m [1;30mDEBUG[0m [32mInvoking command in '/home/potato/RC_2026/build/rc26_omni_controller': /usr/bin/cmake --build /home/potato/RC_2026/build/rc26_omni_controller -- -j28 -l28[0m
[110.800s] [34mcolcon.colcon_core.event_handler.log_command[0m [1;30mDEBUG[0m [32mInvoked command in '/home/potato/RC_2026/build/rc26_omni_controller' returned '0': /usr/bin/cmake --build /home/potato/RC_2026/build/rc26_omni_controller -- -j28 -l28[0m
[110.800s] [34mcolcon.colcon_core.event_handler.log_command[0m [1;30mDEBUG[0m [32mInvoking command in '/home/potato/RC_2026/build/rc26_omni_controller': /usr/bin/cmake --install /home/potato/RC_2026/build/rc26_omni_controller[0m
[110.810s] [34mcolcon.colcon_core.environment[0m [1;30mLevel 1[0m create_environment_scripts_only(rc26_omni_controller)
[110.811s] [34mcolcon.colcon_core.event_handler.log_command[0m [1;30mDEBUG[0m [32mInvoked command in '/home/potato/RC_2026/build/rc26_omni_controller' returned '0': /usr/bin/cmake --install /home/potato/RC_2026/build/rc26_omni_controller[0m
[110.811s] [34mcolcon.colcon_core.environment[0m [1;30mLevel 1[0m checking '/home/potato/RC_2026/install/rc26_omni_controller' for CMake module files
[110.811s] [34mcolcon.colcon_core.environment[0m [1;30mLevel 1[0m checking '/home/potato/RC_2026/install/rc26_omni_controller' for CMake config files
[110.811s] [34mcolcon.colcon_core.shell[0m [1;30mLevel 1[0m create_environment_hook('rc26_omni_controller', 'cmake_prefix_path')
[110.811s] [34mcolcon.colcon_core.shell[0m [1;30mINFO[0m Creating environment hook '/home/potato/RC_2026/install/rc26_omni_controller/share/rc26_omni_controller/hook/cmake_prefix_path.ps1'
[110.812s] [34mcolcon.colcon_core.shell[0m [1;30mINFO[0m Creating environment descriptor '/home/potato/RC_2026/install/rc26_omni_controller/share/rc26_omni_controller/hook/cmake_prefix_path.dsv'
[110.812s] [34mcolcon.colcon_core.shell[0m [1;30mINFO[0m Creating environment hook '/home/potato/RC_2026/install/rc26_omni_controller/share/rc26_omni_controller/hook/cmake_prefix_path.sh'
[110.812s] [34mcolcon.colcon_core.environment[0m [1;30mLevel 1[0m checking '/home/potato/RC_2026/install/rc26_omni_controller/lib'
[110.812s] [34mcolcon.colcon_core.shell[0m [1;30mLevel 1[0m create_environment_hook('rc26_omni_controller', 'ld_library_path_lib')
[110.812s] [34mcolcon.colcon_core.shell[0m [1;30mINFO[0m Creating environment hook '/home/potato/RC_2026/install/rc26_omni_controller/share/rc26_omni_controller/hook/ld_library_path_lib.ps1'
[110.812s] [34mcolcon.colcon_core.shell[0m [1;30mINFO[0m Creating environment descriptor '/home/potato/RC_2026/install/rc26_omni_controller/share/rc26_omni_controller/hook/ld_library_path_lib.dsv'
[110.812s] [34mcolcon.colcon_core.shell[0m [1;30mINFO[0m Creating environment hook '/home/potato/RC_2026/install/rc26_omni_controller/share/rc26_omni_controller/hook/ld_library_path_lib.sh'
[110.813s] [34mcolcon.colcon_core.environment[0m [1;30mLevel 1[0m checking '/home/potato/RC_2026/install/rc26_omni_controller/bin'
[110.813s] [34mcolcon.colcon_core.environment[0m [1;30mLevel 1[0m checking '/home/potato/RC_2026/install/rc26_omni_controller/lib/pkgconfig/rc26_omni_controller.pc'
[110.813s] [34mcolcon.colcon_core.environment[0m [1;30mLevel 1[0m checking '/home/potato/RC_2026/install/rc26_omni_controller/lib/python3.10/site-packages'
[110.813s] [34mcolcon.colcon_core.environment[0m [1;30mLevel 1[0m checking '/home/potato/RC_2026/install/rc26_omni_controller/bin'
[110.813s] [34mcolcon.colcon_core.shell[0m [1;30mINFO[0m Creating package script '/home/potato/RC_2026/install/rc26_omni_controller/share/rc26_omni_controller/package.ps1'
[110.813s] [34mcolcon.colcon_core.shell[0m [1;30mINFO[0m Creating package descriptor '/home/potato/RC_2026/install/rc26_omni_controller/share/rc26_omni_controller/package.dsv'
[110.814s] [34mcolcon.colcon_core.shell[0m [1;30mINFO[0m Creating package script '/home/potato/RC_2026/install/rc26_omni_controller/share/rc26_omni_controller/package.sh'
[110.814s] [34mcolcon.colcon_core.shell[0m [1;30mINFO[0m Creating package script '/home/potato/RC_2026/install/rc26_omni_controller/share/rc26_omni_controller/package.bash'
[110.814s] [34mcolcon.colcon_core.shell[0m [1;30mINFO[0m Creating package script '/home/potato/RC_2026/install/rc26_omni_controller/share/rc26_omni_controller/package.zsh'
[110.814s] [34mcolcon.colcon_core.environment[0m [1;30mLevel 1[0m create_file_with_runtime_dependencies(/home/potato/RC_2026/install/rc26_omni_controller/share/colcon-core/packages/rc26_omni_controller)
[110.815s] [34mcolcon.colcon_core.environment[0m [1;30mLevel 1[0m create_environment_scripts_only(rc26_omni_controller)
[110.815s] [34mcolcon.colcon_core.environment[0m [1;30mLevel 1[0m checking '/home/potato/RC_2026/install/rc26_omni_controller' for CMake module files
[110.815s] [34mcolcon.colcon_core.environment[0m [1;30mLevel 1[0m checking '/home/potato/RC_2026/install/rc26_omni_controller' for CMake config files
[110.815s] [34mcolcon.colcon_core.shell[0m [1;30mLevel 1[0m create_environment_hook('rc26_omni_controller', 'cmake_prefix_path')
[110.815s] [34mcolcon.colcon_core.shell[0m [1;30mINFO[0m Creating environment hook '/home/potato/RC_2026/install/rc26_omni_controller/share/rc26_omni_controller/hook/cmake_prefix_path.ps1'
[110.815s] [34mcolcon.colcon_core.shell[0m [1;30mINFO[0m Creating environment descriptor '/home/potato/RC_2026/install/rc26_omni_controller/share/rc26_omni_controller/hook/cmake_prefix_path.dsv'
[110.815s] [34mcolcon.colcon_core.shell[0m [1;30mINFO[0m Creating environment hook '/home/potato/RC_2026/install/rc26_omni_controller/share/rc26_omni_controller/hook/cmake_prefix_path.sh'
[110.816s] [34mcolcon.colcon_core.environment[0m [1;30mLevel 1[0m checking '/home/potato/RC_2026/install/rc26_omni_controller/lib'
[110.816s] [34mcolcon.colcon_core.shell[0m [1;30mLevel 1[0m create_environment_hook('rc26_omni_controller', 'ld_library_path_lib')
[110.816s] [34mcolcon.colcon_core.shell[0m [1;30mINFO[0m Creating environment hook '/home/potato/RC_2026/install/rc26_omni_controller/share/rc26_omni_controller/hook/ld_library_path_lib.ps1'
[110.816s] [34mcolcon.colcon_core.shell[0m [1;30mINFO[0m Creating environment descriptor '/home/potato/RC_2026/install/rc26_omni_controller/share/rc26_omni_controller/hook/ld_library_path_lib.dsv'
[110.816s] [34mcolcon.colcon_core.shell[0m [1;30mINFO[0m Creating environment hook '/home/potato/RC_2026/install/rc26_omni_controller/share/rc26_omni_controller/hook/ld_library_path_lib.sh'
[110.817s] [34mcolcon.colcon_core.environment[0m [1;30mLevel 1[0m checking '/home/potato/RC_2026/install/rc26_omni_controller/bin'
[110.817s] [34mcolcon.colcon_core.environment[0m [1;30mLevel 1[0m checking '/home/potato/RC_2026/install/rc26_omni_controller/lib/pkgconfig/rc26_omni_controller.pc'
[110.817s] [34mcolcon.colcon_core.environment[0m [1;30mLevel 1[0m checking '/home/potato/RC_2026/install/rc26_omni_controller/lib/python3.10/site-packages'
[110.817s] [34mcolcon.colcon_core.environment[0m [1;30mLevel 1[0m checking '/home/potato/RC_2026/install/rc26_omni_controller/bin'
[110.817s] [34mcolcon.colcon_core.shell[0m [1;30mINFO[0m Creating package script '/home/potato/RC_2026/install/rc26_omni_controller/share/rc26_omni_controller/package.ps1'
[110.817s] [34mcolcon.colcon_core.shell[0m [1;30mINFO[0m Creating package descriptor '/home/potato/RC_2026/install/rc26_omni_controller/share/rc26_omni_controller/package.dsv'
[110.818s] [34mcolcon.colcon_core.shell[0m [1;30mINFO[0m Creating package script '/home/potato/RC_2026/install/rc26_omni_controller/share/rc26_omni_controller/package.sh'
[110.818s] [34mcolcon.colcon_core.shell[0m [1;30mINFO[0m Creating package script '/home/potato/RC_2026/install/rc26_omni_controller/share/rc26_omni_controller/package.bash'
[110.818s] [34mcolcon.colcon_core.shell[0m [1;30mINFO[0m Creating package script '/home/potato/RC_2026/install/rc26_omni_controller/share/rc26_omni_controller/package.zsh'
[110.818s] [34mcolcon.colcon_core.environment[0m [1;30mLevel 1[0m create_file_with_runtime_dependencies(/home/potato/RC_2026/install/rc26_omni_controller/share/colcon-core/packages/rc26_omni_controller)
[110.818s] [34mcolcon.colcon_ros.task.ament_cmake.build[0m [1;30mINFO[0m Building ROS package in '/home/potato/RC_2026/RC_2026_1/rc26_perception' with build type 'ament_cmake'
[110.818s] [34mcolcon.colcon_cmake.task.cmake.build[0m [1;30mINFO[0m Building CMake package in '/home/potato/RC_2026/RC_2026_1/rc26_perception'
[110.819s] [34mcolcon.colcon_core.shell[0m [1;30mINFO[0m Skip shell extension 'powershell' for command environment: Not usable outside of PowerShell
[110.819s] [34mcolcon.colcon_core.shell[0m [1;30mDEBUG[0m [32mSkip shell extension 'dsv' for command environment[0m
[110.824s] [34mcolcon.colcon_core.event_handler.log_command[0m [1;30mDEBUG[0m [32mInvoking command in '/home/potato/RC_2026/build/rc26_perception': /usr/bin/cmake /home/potato/RC_2026/RC_2026_1/rc26_perception -DCMAKE_INSTALL_PREFIX=/home/potato/RC_2026/install/rc26_perception[0m
[112.544s] [34mcolcon.colcon_core.event_handler.log_command[0m [1;30mDEBUG[0m [32mInvoked command in '/home/potato/RC_2026/build/rc26_perception' returned '0': /usr/bin/cmake /home/potato/RC_2026/RC_2026_1/rc26_perception -DCMAKE_INSTALL_PREFIX=/home/potato/RC_2026/install/rc26_perception[0m
[112.546s] [34mcolcon.colcon_core.event_handler.log_command[0m [1;30mDEBUG[0m [32mInvoking command in '/home/potato/RC_2026/build/rc26_perception': /usr/bin/cmake --build /home/potato/RC_2026/build/rc26_perception -- -j28 -l28[0m
[122.539s] [34mcolcon.colcon_core.event_handler.log_command[0m [1;30mDEBUG[0m [32mInvoked command in '/home/potato/RC_2026/build/rc26_perception' returned '0': /usr/bin/cmake --build /home/potato/RC_2026/build/rc26_perception -- -j28 -l28[0m
[122.541s] [34mcolcon.colcon_core.event_handler.log_command[0m [1;30mDEBUG[0m [32mInvoking command in '/home/potato/RC_2026/build/rc26_perception': /usr/bin/cmake --install /home/potato/RC_2026/build/rc26_perception[0m
[122.594s] [34mcolcon.colcon_core.environment[0m [1;30mLevel 1[0m create_environment_scripts_only(rc26_perception)
[122.594s] [34mcolcon.colcon_core.environment[0m [1;30mLevel 1[0m checking '/home/potato/RC_2026/install/rc26_perception' for CMake module files
[122.594s] [34mcolcon.colcon_core.event_handler.log_command[0m [1;30mDEBUG[0m [32mInvoked command in '/home/potato/RC_2026/build/rc26_perception' returned '0': /usr/bin/cmake --install /home/potato/RC_2026/build/rc26_perception[0m
[122.595s] [34mcolcon.colcon_core.environment[0m [1;30mLevel 1[0m checking '/home/potato/RC_2026/install/rc26_perception' for CMake config files
[122.595s] [34mcolcon.colcon_core.shell[0m [1;30mLevel 1[0m create_environment_hook('rc26_perception', 'cmake_prefix_path')
[122.595s] [34mcolcon.colcon_core.shell[0m [1;30mINFO[0m Creating environment hook '/home/potato/RC_2026/install/rc26_perception/share/rc26_perception/hook/cmake_prefix_path.ps1'
[122.596s] [34mcolcon.colcon_core.shell[0m [1;30mINFO[0m Creating environment descriptor '/home/potato/RC_2026/install/rc26_perception/share/rc26_perception/hook/cmake_prefix_path.dsv'
[122.596s] [34mcolcon.colcon_core.shell[0m [1;30mINFO[0m Creating environment hook '/home/potato/RC_2026/install/rc26_perception/share/rc26_perception/hook/cmake_prefix_path.sh'
[122.596s] [34mcolcon.colcon_core.environment[0m [1;30mLevel 1[0m checking '/home/potato/RC_2026/install/rc26_perception/lib'
[122.597s] [34mcolcon.colcon_core.shell[0m [1;30mLevel 1[0m create_environment_hook('rc26_perception', 'ld_library_path_lib')
[122.597s] [34mcolcon.colcon_core.shell[0m [1;30mINFO[0m Creating environment hook '/home/potato/RC_2026/install/rc26_perception/share/rc26_perception/hook/ld_library_path_lib.ps1'
[122.597s] [34mcolcon.colcon_core.shell[0m [1;30mINFO[0m Creating environment descriptor '/home/potato/RC_2026/install/rc26_perception/share/rc26_perception/hook/ld_library_path_lib.dsv'
[122.597s] [34mcolcon.colcon_core.shell[0m [1;30mINFO[0m Creating environment hook '/home/potato/RC_2026/install/rc26_perception/share/rc26_perception/hook/ld_library_path_lib.sh'
[122.598s] [34mcolcon.colcon_core.environment[0m [1;30mLevel 1[0m checking '/home/potato/RC_2026/install/rc26_perception/bin'
[122.598s] [34mcolcon.colcon_core.environment[0m [1;30mLevel 1[0m checking '/home/potato/RC_2026/install/rc26_perception/lib/pkgconfig/rc26_perception.pc'
[122.598s] [34mcolcon.colcon_core.environment[0m [1;30mLevel 1[0m checking '/home/potato/RC_2026/install/rc26_perception/lib/python3.10/site-packages'
[122.598s] [34mcolcon.colcon_core.environment[0m [1;30mLevel 1[0m checking '/home/potato/RC_2026/install/rc26_perception/bin'
[122.599s] [34mcolcon.colcon_core.shell[0m [1;30mINFO[0m Creating package script '/home/potato/RC_2026/install/rc26_perception/share/rc26_perception/package.ps1'
[122.599s] [34mcolcon.colcon_core.shell[0m [1;30mINFO[0m Creating package descriptor '/home/potato/RC_2026/install/rc26_perception/share/rc26_perception/package.dsv'
[122.599s] [34mcolcon.colcon_core.shell[0m [1;30mINFO[0m Creating package script '/home/potato/RC_2026/install/rc26_perception/share/rc26_perception/package.sh'
[122.600s] [34mcolcon.colcon_core.shell[0m [1;30mINFO[0m Creating package script '/home/potato/RC_2026/install/rc26_perception/share/rc26_perception/package.bash'
[122.600s] [34mcolcon.colcon_core.shell[0m [1;30mINFO[0m Creating package script '/home/potato/RC_2026/install/rc26_perception/share/rc26_perception/package.zsh'
[122.600s] [34mcolcon.colcon_core.environment[0m [1;30mLevel 1[0m create_file_with_runtime_dependencies(/home/potato/RC_2026/install/rc26_perception/share/colcon-core/packages/rc26_perception)
[122.601s] [34mcolcon.colcon_core.environment[0m [1;30mLevel 1[0m create_environment_scripts_only(rc26_perception)
[122.601s] [34mcolcon.colcon_core.environment[0m [1;30mLevel 1[0m checking '/home/potato/RC_2026/install/rc26_perception' for CMake module files
[122.602s] [34mcolcon.colcon_core.environment[0m [1;30mLevel 1[0m checking '/home/potato/RC_2026/install/rc26_perception' for CMake config files
[122.602s] [34mcolcon.colcon_core.shell[0m [1;30mLevel 1[0m create_environment_hook('rc26_perception', 'cmake_prefix_path')
[122.602s] [34mcolcon.colcon_core.shell[0m [1;30mINFO[0m Creating environment hook '/home/potato/RC_2026/install/rc26_perception/share/rc26_perception/hook/cmake_prefix_path.ps1'
[122.603s] [34mcolcon.colcon_core.shell[0m [1;30mINFO[0m Creating environment descriptor '/home/potato/RC_2026/install/rc26_perception/share/rc26_perception/hook/cmake_prefix_path.dsv'
[122.603s] [34mcolcon.colcon_core.shell[0m [1;30mINFO[0m Creating environment hook '/home/potato/RC_2026/install/rc26_perception/share/rc26_perception/hook/cmake_prefix_path.sh'
[122.603s] [34mcolcon.colcon_core.environment[0m [1;30mLevel 1[0m checking '/home/potato/RC_2026/install/rc26_perception/lib'
[122.603s] [34mcolcon.colcon_core.shell[0m [1;30mLevel 1[0m create_environment_hook('rc26_perception', 'ld_library_path_lib')
[122.604s] [34mcolcon.colcon_core.shell[0m [1;30mINFO[0m Creating environment hook '/home/potato/RC_2026/install/rc26_perception/share/rc26_perception/hook/ld_library_path_lib.ps1'
[122.604s] [34mcolcon.colcon_core.shell[0m [1;30mINFO[0m Creating environment descriptor '/home/potato/RC_2026/install/rc26_perception/share/rc26_perception/hook/ld_library_path_lib.dsv'
[122.604s] [34mcolcon.colcon_core.shell[0m [1;30mINFO[0m Creating environment hook '/home/potato/RC_2026/install/rc26_perception/share/rc26_perception/hook/ld_library_path_lib.sh'
[122.604s] [34mcolcon.colcon_core.environment[0m [1;30mLevel 1[0m checking '/home/potato/RC_2026/install/rc26_perception/bin'
[122.604s] [34mcolcon.colcon_core.environment[0m [1;30mLevel 1[0m checking '/home/potato/RC_2026/install/rc26_perception/lib/pkgconfig/rc26_perception.pc'
[122.604s] [34mcolcon.colcon_core.environment[0m [1;30mLevel 1[0m checking '/home/potato/RC_2026/install/rc26_perception/lib/python3.10/site-packages'
[122.604s] [34mcolcon.colcon_core.environment[0m [1;30mLevel 1[0m checking '/home/potato/RC_2026/install/rc26_perception/bin'
[122.605s] [34mcolcon.colcon_core.shell[0m [1;30mINFO[0m Creating package script '/home/potato/RC_2026/install/rc26_perception/share/rc26_perception/package.ps1'
[122.605s] [34mcolcon.colcon_core.shell[0m [1;30mINFO[0m Creating package descriptor '/home/potato/RC_2026/install/rc26_perception/share/rc26_perception/package.dsv'
[122.605s] [34mcolcon.colcon_core.shell[0m [1;30mINFO[0m Creating package script '/home/potato/RC_2026/install/rc26_perception/share/rc26_perception/package.sh'
[122.605s] [34mcolcon.colcon_core.shell[0m [1;30mINFO[0m Creating package script '/home/potato/RC_2026/install/rc26_perception/share/rc26_perception/package.bash'
[122.606s] [34mcolcon.colcon_core.shell[0m [1;30mINFO[0m Creating package script '/home/potato/RC_2026/install/rc26_perception/share/rc26_perception/package.zsh'
[122.606s] [34mcolcon.colcon_core.environment[0m [1;30mLevel 1[0m create_file_with_runtime_dependencies(/home/potato/RC_2026/install/rc26_perception/share/colcon-core/packages/rc26_perception)
[122.606s] [34mcolcon.colcon_ros.task.ament_cmake.build[0m [1;30mINFO[0m Building ROS package in '/home/potato/RC_2026/RC_2026_1/rc26_sensor_scan' with build type 'ament_cmake'
[122.606s] [34mcolcon.colcon_cmake.task.cmake.build[0m [1;30mINFO[0m Building CMake package in '/home/potato/RC_2026/RC_2026_1/rc26_sensor_scan'
[122.606s] [34mcolcon.colcon_core.shell[0m [1;30mINFO[0m Skip shell extension 'powershell' for command environment: Not usable outside of PowerShell
[122.606s] [34mcolcon.colcon_core.shell[0m [1;30mDEBUG[0m [32mSkip shell extension 'dsv' for command environment[0m
[122.612s] [34mcolcon.colcon_core.event_handler.log_command[0m [1;30mDEBUG[0m [32mInvoking command in '/home/potato/RC_2026/build/rc26_sensor_scan': /usr/bin/cmake /home/potato/RC_2026/RC_2026_1/rc26_sensor_scan -DCMAKE_INSTALL_PREFIX=/home/potato/RC_2026/install/rc26_sensor_scan[0m
[125.107s] [34mcolcon.colcon_core.event_handler.log_command[0m [1;30mDEBUG[0m [32mInvoked command in '/home/potato/RC_2026/build/rc26_sensor_scan' returned '0': /usr/bin/cmake /home/potato/RC_2026/RC_2026_1/rc26_sensor_scan -DCMAKE_INSTALL_PREFIX=/home/potato/RC_2026/install/rc26_sensor_scan[0m
[125.109s] [34mcolcon.colcon_core.event_handler.log_command[0m [1;30mDEBUG[0m [32mInvoking command in '/home/potato/RC_2026/build/rc26_sensor_scan': /usr/bin/cmake --build /home/potato/RC_2026/build/rc26_sensor_scan -- -j28 -l28[0m
[136.855s] [34mcolcon.colcon_core.event_handler.log_command[0m [1;30mDEBUG[0m [32mInvoked command in '/home/potato/RC_2026/build/rc26_sensor_scan' returned '0': /usr/bin/cmake --build /home/potato/RC_2026/build/rc26_sensor_scan -- -j28 -l28[0m
[136.857s] [34mcolcon.colcon_core.event_handler.log_command[0m [1;30mDEBUG[0m [32mInvoking command in '/home/potato/RC_2026/build/rc26_sensor_scan': /usr/bin/cmake --install /home/potato/RC_2026/build/rc26_sensor_scan[0m
[136.873s] [34mcolcon.colcon_core.environment[0m [1;30mLevel 1[0m create_environment_scripts_only(rc26_sensor_scan)
[136.873s] [34mcolcon.colcon_core.event_handler.log_command[0m [1;30mDEBUG[0m [32mInvoked command in '/home/potato/RC_2026/build/rc26_sensor_scan' returned '0': /usr/bin/cmake --install /home/potato/RC_2026/build/rc26_sensor_scan[0m
[136.873s] [34mcolcon.colcon_core.environment[0m [1;30mLevel 1[0m checking '/home/potato/RC_2026/install/rc26_sensor_scan' for CMake module files
[136.873s] [34mcolcon.colcon_core.environment[0m [1;30mLevel 1[0m checking '/home/potato/RC_2026/install/rc26_sensor_scan' for CMake config files
[136.874s] [34mcolcon.colcon_core.shell[0m [1;30mLevel 1[0m create_environment_hook('rc26_sensor_scan', 'cmake_prefix_path')
[136.874s] [34mcolcon.colcon_core.shell[0m [1;30mINFO[0m Creating environment hook '/home/potato/RC_2026/install/rc26_sensor_scan/share/rc26_sensor_scan/hook/cmake_prefix_path.ps1'
[136.874s] [34mcolcon.colcon_core.shell[0m [1;30mINFO[0m Creating environment descriptor '/home/potato/RC_2026/install/rc26_sensor_scan/share/rc26_sensor_scan/hook/cmake_prefix_path.dsv'
[136.874s] [34mcolcon.colcon_core.shell[0m [1;30mINFO[0m Creating environment hook '/home/potato/RC_2026/install/rc26_sensor_scan/share/rc26_sensor_scan/hook/cmake_prefix_path.sh'
[136.874s] [34mcolcon.colcon_core.environment[0m [1;30mLevel 1[0m checking '/home/potato/RC_2026/install/rc26_sensor_scan/lib'
[136.874s] [34mcolcon.colcon_core.shell[0m [1;30mLevel 1[0m create_environment_hook('rc26_sensor_scan', 'ld_library_path_lib')
[136.875s] [34mcolcon.colcon_core.shell[0m [1;30mINFO[0m Creating environment hook '/home/potato/RC_2026/install/rc26_sensor_scan/share/rc26_sensor_scan/hook/ld_library_path_lib.ps1'
[136.875s] [34mcolcon.colcon_core.shell[0m [1;30mINFO[0m Creating environment descriptor '/home/potato/RC_2026/install/rc26_sensor_scan/share/rc26_sensor_scan/hook/ld_library_path_lib.dsv'
[136.875s] [34mcolcon.colcon_core.shell[0m [1;30mINFO[0m Creating environment hook '/home/potato/RC_2026/install/rc26_sensor_scan/share/rc26_sensor_scan/hook/ld_library_path_lib.sh'
[136.875s] [34mcolcon.colcon_core.environment[0m [1;30mLevel 1[0m checking '/home/potato/RC_2026/install/rc26_sensor_scan/bin'
[136.875s] [34mcolcon.colcon_core.environment[0m [1;30mLevel 1[0m checking '/home/potato/RC_2026/install/rc26_sensor_scan/lib/pkgconfig/rc26_sensor_scan.pc'
[136.875s] [34mcolcon.colcon_core.environment[0m [1;30mLevel 1[0m checking '/home/potato/RC_2026/install/rc26_sensor_scan/lib/python3.10/site-packages'
[136.876s] [34mcolcon.colcon_core.environment[0m [1;30mLevel 1[0m checking '/home/potato/RC_2026/install/rc26_sensor_scan/bin'
[136.876s] [34mcolcon.colcon_core.shell[0m [1;30mINFO[0m Creating package script '/home/potato/RC_2026/install/rc26_sensor_scan/share/rc26_sensor_scan/package.ps1'
[136.876s] [34mcolcon.colcon_core.shell[0m [1;30mINFO[0m Creating package descriptor '/home/potato/RC_2026/install/rc26_sensor_scan/share/rc26_sensor_scan/package.dsv'
[136.876s] [34mcolcon.colcon_core.shell[0m [1;30mINFO[0m Creating package script '/home/potato/RC_2026/install/rc26_sensor_scan/share/rc26_sensor_scan/package.sh'
[136.877s] [34mcolcon.colcon_core.shell[0m [1;30mINFO[0m Creating package script '/home/potato/RC_2026/install/rc26_sensor_scan/share/rc26_sensor_scan/package.bash'
[136.877s] [34mcolcon.colcon_core.shell[0m [1;30mINFO[0m Creating package script '/home/potato/RC_2026/install/rc26_sensor_scan/share/rc26_sensor_scan/package.zsh'
[136.877s] [34mcolcon.colcon_core.environment[0m [1;30mLevel 1[0m create_file_with_runtime_dependencies(/home/potato/RC_2026/install/rc26_sensor_scan/share/colcon-core/packages/rc26_sensor_scan)
[136.877s] [34mcolcon.colcon_core.environment[0m [1;30mLevel 1[0m create_environment_scripts_only(rc26_sensor_scan)
[136.877s] [34mcolcon.colcon_core.environment[0m [1;30mLevel 1[0m checking '/home/potato/RC_2026/install/rc26_sensor_scan' for CMake module files
[136.878s] [34mcolcon.colcon_core.environment[0m [1;30mLevel 1[0m checking '/home/potato/RC_2026/install/rc26_sensor_scan' for CMake config files
[136.878s] [34mcolcon.colcon_core.shell[0m [1;30mLevel 1[0m create_environment_hook('rc26_sensor_scan', 'cmake_prefix_path')
[136.878s] [34mcolcon.colcon_core.shell[0m [1;30mINFO[0m Creating environment hook '/home/potato/RC_2026/install/rc26_sensor_scan/share/rc26_sensor_scan/hook/cmake_prefix_path.ps1'
[136.878s] [34mcolcon.colcon_core.shell[0m [1;30mINFO[0m Creating environment descriptor '/home/potato/RC_2026/install/rc26_sensor_scan/share/rc26_sensor_scan/hook/cmake_prefix_path.dsv'
[136.878s] [34mcolcon.colcon_core.shell[0m [1;30mINFO[0m Creating environment hook '/home/potato/RC_2026/install/rc26_sensor_scan/share/rc26_sensor_scan/hook/cmake_prefix_path.sh'
[136.878s] [34mcolcon.colcon_core.environment[0m [1;30mLevel 1[0m checking '/home/potato/RC_2026/install/rc26_sensor_scan/lib'
[136.879s] [34mcolcon.colcon_core.shell[0m [1;30mLevel 1[0m create_environment_hook('rc26_sensor_scan', 'ld_library_path_lib')
[136.879s] [34mcolcon.colcon_core.shell[0m [1;30mINFO[0m Creating environment hook '/home/potato/RC_2026/install/rc26_sensor_scan/share/rc26_sensor_scan/hook/ld_library_path_lib.ps1'
[136.879s] [34mcolcon.colcon_core.shell[0m [1;30mINFO[0m Creating environment descriptor '/home/potato/RC_2026/install/rc26_sensor_scan/share/rc26_sensor_scan/hook/ld_library_path_lib.dsv'
[136.879s] [34mcolcon.colcon_core.shell[0m [1;30mINFO[0m Creating environment hook '/home/potato/RC_2026/install/rc26_sensor_scan/share/rc26_sensor_scan/hook/ld_library_path_lib.sh'
[136.879s] [34mcolcon.colcon_core.environment[0m [1;30mLevel 1[0m checking '/home/potato/RC_2026/install/rc26_sensor_scan/bin'
[136.879s] [34mcolcon.colcon_core.environment[0m [1;30mLevel 1[0m checking '/home/potato/RC_2026/install/rc26_sensor_scan/lib/pkgconfig/rc26_sensor_scan.pc'
[136.879s] [34mcolcon.colcon_core.environment[0m [1;30mLevel 1[0m checking '/home/potato/RC_2026/install/rc26_sensor_scan/lib/python3.10/site-packages'
[136.880s] [34mcolcon.colcon_core.environment[0m [1;30mLevel 1[0m checking '/home/potato/RC_2026/install/rc26_sensor_scan/bin'
[136.880s] [34mcolcon.colcon_core.shell[0m [1;30mINFO[0m Creating package script '/home/potato/RC_2026/install/rc26_sensor_scan/share/rc26_sensor_scan/package.ps1'
[136.880s] [34mcolcon.colcon_core.shell[0m [1;30mINFO[0m Creating package descriptor '/home/potato/RC_2026/install/rc26_sensor_scan/share/rc26_sensor_scan/package.dsv'
[136.880s] [34mcolcon.colcon_core.shell[0m [1;30mINFO[0m Creating package script '/home/potato/RC_2026/install/rc26_sensor_scan/share/rc26_sensor_scan/package.sh'
[136.881s] [34mcolcon.colcon_core.shell[0m [1;30mINFO[0m Creating package script '/home/potato/RC_2026/install/rc26_sensor_scan/share/rc26_sensor_scan/package.bash'
[136.881s] [34mcolcon.colcon_core.shell[0m [1;30mINFO[0m Creating package script '/home/potato/RC_2026/install/rc26_sensor_scan/share/rc26_sensor_scan/package.zsh'
[136.881s] [34mcolcon.colcon_core.environment[0m [1;30mLevel 1[0m create_file_with_runtime_dependencies(/home/potato/RC_2026/install/rc26_sensor_scan/share/colcon-core/packages/rc26_sensor_scan)
[136.881s] [34mcolcon.colcon_ros.task.ament_cmake.build[0m [1;30mINFO[0m Building ROS package in '/home/potato/RC_2026/RC_2026_1/rc26_decision' with build type 'ament_cmake'
[136.881s] [34mcolcon.colcon_cmake.task.cmake.build[0m [1;30mINFO[0m Building CMake package in '/home/potato/RC_2026/RC_2026_1/rc26_decision'
[136.881s] [34mcolcon.colcon_core.shell[0m [1;30mINFO[0m Skip shell extension 'powershell' for command environment: Not usable outside of PowerShell
[136.881s] [34mcolcon.colcon_core.shell[0m [1;30mDEBUG[0m [32mSkip shell extension 'dsv' for command environment[0m
[136.890s] [34mcolcon.colcon_core.event_handler.log_command[0m [1;30mDEBUG[0m [32mInvoking command in '/home/potato/RC_2026/build/rc26_decision': AMENT_PREFIX_PATH=/home/potato/RC_2026/install/rc26_serial:${AMENT_PREFIX_PATH} CMAKE_PREFIX_PATH=/home/potato/RC_2026/install/rc26_serial:/opt/ros/humble:/opt/ros/humble LD_LIBRARY_PATH=/home/potato/RC_2026/install/rc26_serial/lib:${LD_LIBRARY_PATH} /usr/bin/cmake /home/potato/RC_2026/RC_2026_1/rc26_decision -DCMAKE_INSTALL_PREFIX=/home/potato/RC_2026/install/rc26_decision[0m
[137.873s] [34mcolcon.colcon_core.event_handler.log_command[0m [1;30mDEBUG[0m [32mInvoked command in '/home/potato/RC_2026/build/rc26_decision' returned '0': AMENT_PREFIX_PATH=/home/potato/RC_2026/install/rc26_serial:${AMENT_PREFIX_PATH} CMAKE_PREFIX_PATH=/home/potato/RC_2026/install/rc26_serial:/opt/ros/humble:/opt/ros/humble LD_LIBRARY_PATH=/home/potato/RC_2026/install/rc26_serial/lib:${LD_LIBRARY_PATH} /usr/bin/cmake /home/potato/RC_2026/RC_2026_1/rc26_decision -DCMAKE_INSTALL_PREFIX=/home/potato/RC_2026/install/rc26_decision[0m
[137.874s] [34mcolcon.colcon_core.event_handler.log_command[0m [1;30mDEBUG[0m [32mInvoking command in '/home/potato/RC_2026/build/rc26_decision': AMENT_PREFIX_PATH=/home/potato/RC_2026/install/rc26_serial:${AMENT_PREFIX_PATH} CMAKE_PREFIX_PATH=/home/potato/RC_2026/install/rc26_serial:/opt/ros/humble:/opt/ros/humble LD_LIBRARY_PATH=/home/potato/RC_2026/install/rc26_serial/lib:${LD_LIBRARY_PATH} /usr/bin/cmake --build /home/potato/RC_2026/build/rc26_decision -- -j28 -l28[0m
[149.115s] [34mcolcon.colcon_core.event_handler.log_command[0m [1;30mDEBUG[0m [32mInvoked command in '/home/potato/RC_2026/build/rc26_decision' returned '0': AMENT_PREFIX_PATH=/home/potato/RC_2026/install/rc26_serial:${AMENT_PREFIX_PATH} CMAKE_PREFIX_PATH=/home/potato/RC_2026/install/rc26_serial:/opt/ros/humble:/opt/ros/humble LD_LIBRARY_PATH=/home/potato/RC_2026/install/rc26_serial/lib:${LD_LIBRARY_PATH} /usr/bin/cmake --build /home/potato/RC_2026/build/rc26_decision -- -j28 -l28[0m
[149.116s] [34mcolcon.colcon_core.event_handler.log_command[0m [1;30mDEBUG[0m [32mInvoking command in '/home/potato/RC_2026/build/rc26_decision': AMENT_PREFIX_PATH=/home/potato/RC_2026/install/rc26_serial:${AMENT_PREFIX_PATH} CMAKE_PREFIX_PATH=/home/potato/RC_2026/install/rc26_serial:/opt/ros/humble:/opt/ros/humble LD_LIBRARY_PATH=/home/potato/RC_2026/install/rc26_serial/lib:${LD_LIBRARY_PATH} /usr/bin/cmake --install /home/potato/RC_2026/build/rc26_decision[0m
[149.136s] [34mcolcon.colcon_core.environment[0m [1;30mLevel 1[0m create_environment_scripts_only(rc26_decision)
[149.136s] [34mcolcon.colcon_core.environment[0m [1;30mLevel 1[0m checking '/home/potato/RC_2026/install/rc26_decision' for CMake module files
[149.137s] [34mcolcon.colcon_core.event_handler.log_command[0m [1;30mDEBUG[0m [32mInvoked command in '/home/potato/RC_2026/build/rc26_decision' returned '0': AMENT_PREFIX_PATH=/home/potato/RC_2026/install/rc26_serial:${AMENT_PREFIX_PATH} CMAKE_PREFIX_PATH=/home/potato/RC_2026/install/rc26_serial:/opt/ros/humble:/opt/ros/humble LD_LIBRARY_PATH=/home/potato/RC_2026/install/rc26_serial/lib:${LD_LIBRARY_PATH} /usr/bin/cmake --install /home/potato/RC_2026/build/rc26_decision[0m
[149.137s] [34mcolcon.colcon_core.environment[0m [1;30mLevel 1[0m checking '/home/potato/RC_2026/install/rc26_decision' for CMake config files
[149.137s] [34mcolcon.colcon_core.shell[0m [1;30mLevel 1[0m create_environment_hook('rc26_decision', 'cmake_prefix_path')
[149.138s] [34mcolcon.colcon_core.shell[0m [1;30mINFO[0m Creating environment hook '/home/potato/RC_2026/install/rc26_decision/share/rc26_decision/hook/cmake_prefix_path.ps1'
[149.138s] [34mcolcon.colcon_core.shell[0m [1;30mINFO[0m Creating environment descriptor '/home/potato/RC_2026/install/rc26_decision/share/rc26_decision/hook/cmake_prefix_path.dsv'
[149.138s] [34mcolcon.colcon_core.shell[0m [1;30mINFO[0m Creating environment hook '/home/potato/RC_2026/install/rc26_decision/share/rc26_decision/hook/cmake_prefix_path.sh'
[149.139s] [34mcolcon.colcon_core.environment[0m [1;30mLevel 1[0m checking '/home/potato/RC_2026/install/rc26_decision/lib'
[149.139s] [34mcolcon.colcon_core.shell[0m [1;30mLevel 1[0m create_environment_hook('rc26_decision', 'ld_library_path_lib')
[149.139s] [34mcolcon.colcon_core.shell[0m [1;30mINFO[0m Creating environment hook '/home/potato/RC_2026/install/rc26_decision/share/rc26_decision/hook/ld_library_path_lib.ps1'
[149.139s] [34mcolcon.colcon_core.shell[0m [1;30mINFO[0m Creating environment descriptor '/home/potato/RC_2026/install/rc26_decision/share/rc26_decision/hook/ld_library_path_lib.dsv'
[149.139s] [34mcolcon.colcon_core.shell[0m [1;30mINFO[0m Creating environment hook '/home/potato/RC_2026/install/rc26_decision/share/rc26_decision/hook/ld_library_path_lib.sh'
[149.139s] [34mcolcon.colcon_core.environment[0m [1;30mLevel 1[0m checking '/home/potato/RC_2026/install/rc26_decision/bin'
[149.139s] [34mcolcon.colcon_core.environment[0m [1;30mLevel 1[0m checking '/home/potato/RC_2026/install/rc26_decision/lib/pkgconfig/rc26_decision.pc'
[149.139s] [34mcolcon.colcon_core.environment[0m [1;30mLevel 1[0m checking '/home/potato/RC_2026/install/rc26_decision/lib/python3.10/site-packages'
[149.140s] [34mcolcon.colcon_core.environment[0m [1;30mLevel 1[0m checking '/home/potato/RC_2026/install/rc26_decision/bin'
[149.140s] [34mcolcon.colcon_core.shell[0m [1;30mINFO[0m Creating package script '/home/potato/RC_2026/install/rc26_decision/share/rc26_decision/package.ps1'
[149.141s] [34mcolcon.colcon_core.shell[0m [1;30mINFO[0m Creating package descriptor '/home/potato/RC_2026/install/rc26_decision/share/rc26_decision/package.dsv'
[149.141s] [34mcolcon.colcon_core.shell[0m [1;30mINFO[0m Creating package script '/home/potato/RC_2026/install/rc26_decision/share/rc26_decision/package.sh'
[149.141s] [34mcolcon.colcon_core.shell[0m [1;30mINFO[0m Creating package script '/home/potato/RC_2026/install/rc26_decision/share/rc26_decision/package.bash'
[149.142s] [34mcolcon.colcon_core.shell[0m [1;30mINFO[0m Creating package script '/home/potato/RC_2026/install/rc26_decision/share/rc26_decision/package.zsh'
[149.142s] [34mcolcon.colcon_core.environment[0m [1;30mLevel 1[0m create_file_with_runtime_dependencies(/home/potato/RC_2026/install/rc26_decision/share/colcon-core/packages/rc26_decision)
[149.142s] [34mcolcon.colcon_core.environment[0m [1;30mLevel 1[0m create_environment_scripts_only(rc26_decision)
[149.142s] [34mcolcon.colcon_core.environment[0m [1;30mLevel 1[0m checking '/home/potato/RC_2026/install/rc26_decision' for CMake module files
[149.142s] [34mcolcon.colcon_core.environment[0m [1;30mLevel 1[0m checking '/home/potato/RC_2026/install/rc26_decision' for CMake config files
[149.143s] [34mcolcon.colcon_core.shell[0m [1;30mLevel 1[0m create_environment_hook('rc26_decision', 'cmake_prefix_path')
[149.143s] [34mcolcon.colcon_core.shell[0m [1;30mINFO[0m Creating environment hook '/home/potato/RC_2026/install/rc26_decision/share/rc26_decision/hook/cmake_prefix_path.ps1'
[149.143s] [34mcolcon.colcon_core.shell[0m [1;30mINFO[0m Creating environment descriptor '/home/potato/RC_2026/install/rc26_decision/share/rc26_decision/hook/cmake_prefix_path.dsv'
[149.143s] [34mcolcon.colcon_core.shell[0m [1;30mINFO[0m Creating environment hook '/home/potato/RC_2026/install/rc26_decision/share/rc26_decision/hook/cmake_prefix_path.sh'
[149.144s] [34mcolcon.colcon_core.environment[0m [1;30mLevel 1[0m checking '/home/potato/RC_2026/install/rc26_decision/lib'
[149.144s] [34mcolcon.colcon_core.shell[0m [1;30mLevel 1[0m create_environment_hook('rc26_decision', 'ld_library_path_lib')
[149.144s] [34mcolcon.colcon_core.shell[0m [1;30mINFO[0m Creating environment hook '/home/potato/RC_2026/install/rc26_decision/share/rc26_decision/hook/ld_library_path_lib.ps1'
[149.144s] [34mcolcon.colcon_core.shell[0m [1;30mINFO[0m Creating environment descriptor '/home/potato/RC_2026/install/rc26_decision/share/rc26_decision/hook/ld_library_path_lib.dsv'
[149.144s] [34mcolcon.colcon_core.shell[0m [1;30mINFO[0m Creating environment hook '/home/potato/RC_2026/install/rc26_decision/share/rc26_decision/hook/ld_library_path_lib.sh'
[149.144s] [34mcolcon.colcon_core.environment[0m [1;30mLevel 1[0m checking '/home/potato/RC_2026/install/rc26_decision/bin'
[149.144s] [34mcolcon.colcon_core.environment[0m [1;30mLevel 1[0m checking '/home/potato/RC_2026/install/rc26_decision/lib/pkgconfig/rc26_decision.pc'
[149.144s] [34mcolcon.colcon_core.environment[0m [1;30mLevel 1[0m checking '/home/potato/RC_2026/install/rc26_decision/lib/python3.10/site-packages'
[149.145s] [34mcolcon.colcon_core.environment[0m [1;30mLevel 1[0m checking '/home/potato/RC_2026/install/rc26_decision/bin'
[149.145s] [34mcolcon.colcon_core.shell[0m [1;30mINFO[0m Creating package script '/home/potato/RC_2026/install/rc26_decision/share/rc26_decision/package.ps1'
[149.145s] [34mcolcon.colcon_core.shell[0m [1;30mINFO[0m Creating package descriptor '/home/potato/RC_2026/install/rc26_decision/share/rc26_decision/package.dsv'
[149.145s] [34mcolcon.colcon_core.shell[0m [1;30mINFO[0m Creating package script '/home/potato/RC_2026/install/rc26_decision/share/rc26_decision/package.sh'
[149.146s] [34mcolcon.colcon_core.shell[0m [1;30mINFO[0m Creating package script '/home/potato/RC_2026/install/rc26_decision/share/rc26_decision/package.bash'
[149.146s] [34mcolcon.colcon_core.shell[0m [1;30mINFO[0m Creating package script '/home/potato/RC_2026/install/rc26_decision/share/rc26_decision/package.zsh'
[149.146s] [34mcolcon.colcon_core.environment[0m [1;30mLevel 1[0m create_file_with_runtime_dependencies(/home/potato/RC_2026/install/rc26_decision/share/colcon-core/packages/rc26_decision)
[149.146s] [34mcolcon.colcon_ros.task.cmake.build[0m [1;30mINFO[0m Building ROS package in '/home/potato/RC_2026/RC_2026_1/small_gicp' with build type 'cmake'
[149.146s] [34mcolcon.colcon_cmake.task.cmake.build[0m [1;30mINFO[0m Building CMake package in '/home/potato/RC_2026/RC_2026_1/small_gicp'
[149.146s] [34mcolcon.colcon_core.shell[0m [1;30mINFO[0m Skip shell extension 'powershell' for command environment: Not usable outside of PowerShell
[149.147s] [34mcolcon.colcon_core.shell[0m [1;30mDEBUG[0m [32mSkip shell extension 'dsv' for command environment[0m
[149.153s] [34mcolcon.colcon_core.event_handler.log_command[0m [1;30mDEBUG[0m [32mInvoking command in '/home/potato/RC_2026/build/small_gicp': /usr/bin/cmake /home/potato/RC_2026/RC_2026_1/small_gicp -DCMAKE_INSTALL_PREFIX=/home/potato/RC_2026/install/small_gicp[0m
[149.759s] [34mcolcon.colcon_core.event_handler.log_command[0m [1;30mDEBUG[0m [32mInvoked command in '/home/potato/RC_2026/build/small_gicp' returned '0': /usr/bin/cmake /home/potato/RC_2026/RC_2026_1/small_gicp -DCMAKE_INSTALL_PREFIX=/home/potato/RC_2026/install/small_gicp[0m
[149.761s] [34mcolcon.colcon_core.event_handler.log_command[0m [1;30mDEBUG[0m [32mInvoking command in '/home/potato/RC_2026/build/small_gicp': /usr/bin/cmake --build /home/potato/RC_2026/build/small_gicp -- -j28 -l28[0m
[157.790s] [34mcolcon.colcon_core.event_handler.log_command[0m [1;30mDEBUG[0m [32mInvoked command in '/home/potato/RC_2026/build/small_gicp' returned '0': /usr/bin/cmake --build /home/potato/RC_2026/build/small_gicp -- -j28 -l28[0m
[157.791s] [34mcolcon.colcon_core.event_handler.log_command[0m [1;30mDEBUG[0m [32mInvoking command in '/home/potato/RC_2026/build/small_gicp': /usr/bin/cmake --install /home/potato/RC_2026/build/small_gicp[0m
[157.807s] [34mcolcon.colcon_core.event_handler.log_command[0m [1;30mDEBUG[0m [32mInvoked command in '/home/potato/RC_2026/build/small_gicp' returned '0': /usr/bin/cmake --install /home/potato/RC_2026/build/small_gicp[0m
[157.807s] [34mcolcon.colcon_core.shell[0m [1;30mLevel 1[0m create_environment_hook('small_gicp', 'pkg_config_path')
[157.808s] [34mcolcon.colcon_core.shell[0m [1;30mINFO[0m Creating environment hook '/home/potato/RC_2026/install/small_gicp/share/small_gicp/hook/pkg_config_path.ps1'
[157.809s] [34mcolcon.colcon_core.shell[0m [1;30mINFO[0m Creating environment descriptor '/home/potato/RC_2026/install/small_gicp/share/small_gicp/hook/pkg_config_path.dsv'
[157.809s] [34mcolcon.colcon_core.shell[0m [1;30mINFO[0m Creating environment hook '/home/potato/RC_2026/install/small_gicp/share/small_gicp/hook/pkg_config_path.sh'
[157.812s] [34mcolcon.colcon_core.shell[0m [1;30mLevel 1[0m create_environment_hook('small_gicp', 'pkg_config_path_multiarch')
[157.813s] [34mcolcon.colcon_core.shell[0m [1;30mINFO[0m Creating environment hook '/home/potato/RC_2026/install/small_gicp/share/small_gicp/hook/pkg_config_path_multiarch.ps1'
[157.813s] [34mcolcon.colcon_core.shell[0m [1;30mINFO[0m Creating environment descriptor '/home/potato/RC_2026/install/small_gicp/share/small_gicp/hook/pkg_config_path_multiarch.dsv'
[157.814s] [34mcolcon.colcon_core.shell[0m [1;30mINFO[0m Creating environment hook '/home/potato/RC_2026/install/small_gicp/share/small_gicp/hook/pkg_config_path_multiarch.sh'
[157.814s] [34mcolcon.colcon_core.environment[0m [1;30mLevel 1[0m create_environment_scripts_only(small_gicp)
[157.814s] [34mcolcon.colcon_core.environment[0m [1;30mLevel 1[0m checking '/home/potato/RC_2026/install/small_gicp' for CMake module files
[157.815s] [34mcolcon.colcon_core.environment[0m [1;30mLevel 1[0m checking '/home/potato/RC_2026/install/small_gicp' for CMake config files
[157.815s] [34mcolcon.colcon_core.shell[0m [1;30mLevel 1[0m create_environment_hook('small_gicp', 'cmake_prefix_path')
[157.815s] [34mcolcon.colcon_core.shell[0m [1;30mINFO[0m Creating environment hook '/home/potato/RC_2026/install/small_gicp/share/small_gicp/hook/cmake_prefix_path.ps1'
[157.815s] [34mcolcon.colcon_core.shell[0m [1;30mINFO[0m Creating environment descriptor '/home/potato/RC_2026/install/small_gicp/share/small_gicp/hook/cmake_prefix_path.dsv'
[157.816s] [34mcolcon.colcon_core.shell[0m [1;30mINFO[0m Creating environment hook '/home/potato/RC_2026/install/small_gicp/share/small_gicp/hook/cmake_prefix_path.sh'
[157.816s] [34mcolcon.colcon_core.environment[0m [1;30mLevel 1[0m checking '/home/potato/RC_2026/install/small_gicp/lib'
[157.816s] [34mcolcon.colcon_core.shell[0m [1;30mLevel 1[0m create_environment_hook('small_gicp', 'ld_library_path_lib')
[157.816s] [34mcolcon.colcon_core.shell[0m [1;30mINFO[0m Creating environment hook '/home/potato/RC_2026/install/small_gicp/share/small_gicp/hook/ld_library_path_lib.ps1'
[157.817s] [34mcolcon.colcon_core.shell[0m [1;30mINFO[0m Creating environment descriptor '/home/potato/RC_2026/install/small_gicp/share/small_gicp/hook/ld_library_path_lib.dsv'
[157.817s] [34mcolcon.colcon_core.shell[0m [1;30mINFO[0m Creating environment hook '/home/potato/RC_2026/install/small_gicp/share/small_gicp/hook/ld_library_path_lib.sh'
[157.817s] [34mcolcon.colcon_core.environment[0m [1;30mLevel 1[0m checking '/home/potato/RC_2026/install/small_gicp/bin'
[157.817s] [34mcolcon.colcon_core.environment[0m [1;30mLevel 1[0m checking '/home/potato/RC_2026/install/small_gicp/lib/pkgconfig/small_gicp.pc'
[157.818s] [34mcolcon.colcon_core.environment[0m [1;30mLevel 1[0m checking '/home/potato/RC_2026/install/small_gicp/lib/python3.10/site-packages'
[157.818s] [34mcolcon.colcon_core.environment[0m [1;30mLevel 1[0m checking '/home/potato/RC_2026/install/small_gicp/bin'
[157.819s] [34mcolcon.colcon_core.shell[0m [1;30mINFO[0m Creating package script '/home/potato/RC_2026/install/small_gicp/share/small_gicp/package.ps1'
[157.819s] [34mcolcon.colcon_core.shell[0m [1;30mINFO[0m Creating package descriptor '/home/potato/RC_2026/install/small_gicp/share/small_gicp/package.dsv'
[157.820s] [34mcolcon.colcon_core.shell[0m [1;30mINFO[0m Creating package script '/home/potato/RC_2026/install/small_gicp/share/small_gicp/package.sh'
[157.820s] [34mcolcon.colcon_core.shell[0m [1;30mINFO[0m Creating package script '/home/potato/RC_2026/install/small_gicp/share/small_gicp/package.bash'
[157.820s] [34mcolcon.colcon_core.shell[0m [1;30mINFO[0m Creating package script '/home/potato/RC_2026/install/small_gicp/share/small_gicp/package.zsh'
[157.821s] [34mcolcon.colcon_core.environment[0m [1;30mLevel 1[0m create_file_with_runtime_dependencies(/home/potato/RC_2026/install/small_gicp/share/colcon-core/packages/small_gicp)
[157.821s] [34mcolcon.colcon_ros.task.ament_cmake.build[0m [1;30mINFO[0m Building ROS package in '/home/potato/RC_2026/RC_2026_1/rc26_merge_odom' with build type 'ament_cmake'
[157.821s] [34mcolcon.colcon_cmake.task.cmake.build[0m [1;30mINFO[0m Building CMake package in '/home/potato/RC_2026/RC_2026_1/rc26_merge_odom'
[157.821s] [34mcolcon.colcon_core.shell[0m [1;30mINFO[0m Skip shell extension 'powershell' for command environment: Not usable outside of PowerShell
[157.822s] [34mcolcon.colcon_core.shell[0m [1;30mDEBUG[0m [32mSkip shell extension 'dsv' for command environment[0m
[157.836s] [34mcolcon.colcon_core.event_handler.log_command[0m [1;30mDEBUG[0m [32mInvoking command in '/home/potato/RC_2026/build/rc26_merge_odom': AMENT_PREFIX_PATH=/home/potato/RC_2026/install/rc26_serial:${AMENT_PREFIX_PATH} CMAKE_PREFIX_PATH=/home/potato/RC_2026/install/rc26_serial:/opt/ros/humble:/opt/ros/humble LD_LIBRARY_PATH=/home/potato/RC_2026/install/rc26_serial/lib:${LD_LIBRARY_PATH} /usr/bin/cmake /home/potato/RC_2026/RC_2026_1/rc26_merge_odom -DCMAKE_INSTALL_PREFIX=/home/potato/RC_2026/install/rc26_merge_odom[0m
[158.995s] [34mcolcon.colcon_core.event_handler.log_command[0m [1;30mDEBUG[0m [32mInvoked command in '/home/potato/RC_2026/build/rc26_merge_odom' returned '0': AMENT_PREFIX_PATH=/home/potato/RC_2026/install/rc26_serial:${AMENT_PREFIX_PATH} CMAKE_PREFIX_PATH=/home/potato/RC_2026/install/rc26_serial:/opt/ros/humble:/opt/ros/humble LD_LIBRARY_PATH=/home/potato/RC_2026/install/rc26_serial/lib:${LD_LIBRARY_PATH} /usr/bin/cmake /home/potato/RC_2026/RC_2026_1/rc26_merge_odom -DCMAKE_INSTALL_PREFIX=/home/potato/RC_2026/install/rc26_merge_odom[0m
[158.996s] [34mcolcon.colcon_core.event_handler.log_command[0m [1;30mDEBUG[0m [32mInvoking command in '/home/potato/RC_2026/build/rc26_merge_odom': AMENT_PREFIX_PATH=/home/potato/RC_2026/install/rc26_serial:${AMENT_PREFIX_PATH} CMAKE_PREFIX_PATH=/home/potato/RC_2026/install/rc26_serial:/opt/ros/humble:/opt/ros/humble LD_LIBRARY_PATH=/home/potato/RC_2026/install/rc26_serial/lib:${LD_LIBRARY_PATH} /usr/bin/cmake --build /home/potato/RC_2026/build/rc26_merge_odom -- -j28 -l28[0m
[168.237s] [34mcolcon.colcon_core.event_handler.log_command[0m [1;30mDEBUG[0m [32mInvoked command in '/home/potato/RC_2026/build/rc26_merge_odom' returned '0': AMENT_PREFIX_PATH=/home/potato/RC_2026/install/rc26_serial:${AMENT_PREFIX_PATH} CMAKE_PREFIX_PATH=/home/potato/RC_2026/install/rc26_serial:/opt/ros/humble:/opt/ros/humble LD_LIBRARY_PATH=/home/potato/RC_2026/install/rc26_serial/lib:${LD_LIBRARY_PATH} /usr/bin/cmake --build /home/potato/RC_2026/build/rc26_merge_odom -- -j28 -l28[0m
[168.238s] [34mcolcon.colcon_core.event_handler.log_command[0m [1;30mDEBUG[0m [32mInvoking command in '/home/potato/RC_2026/build/rc26_merge_odom': AMENT_PREFIX_PATH=/home/potato/RC_2026/install/rc26_serial:${AMENT_PREFIX_PATH} CMAKE_PREFIX_PATH=/home/potato/RC_2026/install/rc26_serial:/opt/ros/humble:/opt/ros/humble LD_LIBRARY_PATH=/home/potato/RC_2026/install/rc26_serial/lib:${LD_LIBRARY_PATH} /usr/bin/cmake --install /home/potato/RC_2026/build/rc26_merge_odom[0m
[168.255s] [34mcolcon.colcon_core.environment[0m [1;30mLevel 1[0m create_environment_scripts_only(rc26_merge_odom)
[168.255s] [34mcolcon.colcon_core.environment[0m [1;30mLevel 1[0m checking '/home/potato/RC_2026/install/rc26_merge_odom' for CMake module files
[168.256s] [34mcolcon.colcon_core.event_handler.log_command[0m [1;30mDEBUG[0m [32mInvoked command in '/home/potato/RC_2026/build/rc26_merge_odom' returned '0': AMENT_PREFIX_PATH=/home/potato/RC_2026/install/rc26_serial:${AMENT_PREFIX_PATH} CMAKE_PREFIX_PATH=/home/potato/RC_2026/install/rc26_serial:/opt/ros/humble:/opt/ros/humble LD_LIBRARY_PATH=/home/potato/RC_2026/install/rc26_serial/lib:${LD_LIBRARY_PATH} /usr/bin/cmake --install /home/potato/RC_2026/build/rc26_merge_odom[0m
[168.256s] [34mcolcon.colcon_core.environment[0m [1;30mLevel 1[0m checking '/home/potato/RC_2026/install/rc26_merge_odom' for CMake config files
[168.256s] [34mcolcon.colcon_core.shell[0m [1;30mLevel 1[0m create_environment_hook('rc26_merge_odom', 'cmake_prefix_path')
[168.256s] [34mcolcon.colcon_core.shell[0m [1;30mINFO[0m Creating environment hook '/home/potato/RC_2026/install/rc26_merge_odom/share/rc26_merge_odom/hook/cmake_prefix_path.ps1'
[168.257s] [34mcolcon.colcon_core.shell[0m [1;30mINFO[0m Creating environment descriptor '/home/potato/RC_2026/install/rc26_merge_odom/share/rc26_merge_odom/hook/cmake_prefix_path.dsv'
[168.257s] [34mcolcon.colcon_core.shell[0m [1;30mINFO[0m Creating environment hook '/home/potato/RC_2026/install/rc26_merge_odom/share/rc26_merge_odom/hook/cmake_prefix_path.sh'
[168.257s] [34mcolcon.colcon_core.environment[0m [1;30mLevel 1[0m checking '/home/potato/RC_2026/install/rc26_merge_odom/lib'
[168.257s] [34mcolcon.colcon_core.shell[0m [1;30mLevel 1[0m create_environment_hook('rc26_merge_odom', 'ld_library_path_lib')
[168.257s] [34mcolcon.colcon_core.shell[0m [1;30mINFO[0m Creating environment hook '/home/potato/RC_2026/install/rc26_merge_odom/share/rc26_merge_odom/hook/ld_library_path_lib.ps1'
[168.257s] [34mcolcon.colcon_core.shell[0m [1;30mINFO[0m Creating environment descriptor '/home/potato/RC_2026/install/rc26_merge_odom/share/rc26_merge_odom/hook/ld_library_path_lib.dsv'
[168.257s] [34mcolcon.colcon_core.shell[0m [1;30mINFO[0m Creating environment hook '/home/potato/RC_2026/install/rc26_merge_odom/share/rc26_merge_odom/hook/ld_library_path_lib.sh'
[168.258s] [34mcolcon.colcon_core.environment[0m [1;30mLevel 1[0m checking '/home/potato/RC_2026/install/rc26_merge_odom/bin'
[168.258s] [34mcolcon.colcon_core.environment[0m [1;30mLevel 1[0m checking '/home/potato/RC_2026/install/rc26_merge_odom/lib/pkgconfig/rc26_merge_odom.pc'
[168.258s] [34mcolcon.colcon_core.environment[0m [1;30mLevel 1[0m checking '/home/potato/RC_2026/install/rc26_merge_odom/lib/python3.10/site-packages'
[168.258s] [34mcolcon.colcon_core.environment[0m [1;30mLevel 1[0m checking '/home/potato/RC_2026/install/rc26_merge_odom/bin'
[168.259s] [34mcolcon.colcon_core.shell[0m [1;30mINFO[0m Creating package script '/home/potato/RC_2026/install/rc26_merge_odom/share/rc26_merge_odom/package.ps1'
[168.259s] [34mcolcon.colcon_core.shell[0m [1;30mINFO[0m Creating package descriptor '/home/potato/RC_2026/install/rc26_merge_odom/share/rc26_merge_odom/package.dsv'
[168.259s] [34mcolcon.colcon_core.shell[0m [1;30mINFO[0m Creating package script '/home/potato/RC_2026/install/rc26_merge_odom/share/rc26_merge_odom/package.sh'
[168.259s] [34mcolcon.colcon_core.shell[0m [1;30mINFO[0m Creating package script '/home/potato/RC_2026/install/rc26_merge_odom/share/rc26_merge_odom/package.bash'
[168.260s] [34mcolcon.colcon_core.shell[0m [1;30mINFO[0m Creating package script '/home/potato/RC_2026/install/rc26_merge_odom/share/rc26_merge_odom/package.zsh'
[168.260s] [34mcolcon.colcon_core.environment[0m [1;30mLevel 1[0m create_file_with_runtime_dependencies(/home/potato/RC_2026/install/rc26_merge_odom/share/colcon-core/packages/rc26_merge_odom)
[168.260s] [34mcolcon.colcon_core.environment[0m [1;30mLevel 1[0m create_environment_scripts_only(rc26_merge_odom)
[168.260s] [34mcolcon.colcon_core.environment[0m [1;30mLevel 1[0m checking '/home/potato/RC_2026/install/rc26_merge_odom' for CMake module files
[168.260s] [34mcolcon.colcon_core.environment[0m [1;30mLevel 1[0m checking '/home/potato/RC_2026/install/rc26_merge_odom' for CMake config files
[168.261s] [34mcolcon.colcon_core.shell[0m [1;30mLevel 1[0m create_environment_hook('rc26_merge_odom', 'cmake_prefix_path')
[168.261s] [34mcolcon.colcon_core.shell[0m [1;30mINFO[0m Creating environment hook '/home/potato/RC_2026/install/rc26_merge_odom/share/rc26_merge_odom/hook/cmake_prefix_path.ps1'
[168.261s] [34mcolcon.colcon_core.shell[0m [1;30mINFO[0m Creating environment descriptor '/home/potato/RC_2026/install/rc26_merge_odom/share/rc26_merge_odom/hook/cmake_prefix_path.dsv'
[168.261s] [34mcolcon.colcon_core.shell[0m [1;30mINFO[0m Creating environment hook '/home/potato/RC_2026/install/rc26_merge_odom/share/rc26_merge_odom/hook/cmake_prefix_path.sh'
[168.261s] [34mcolcon.colcon_core.environment[0m [1;30mLevel 1[0m checking '/home/potato/RC_2026/install/rc26_merge_odom/lib'
[168.261s] [34mcolcon.colcon_core.shell[0m [1;30mLevel 1[0m create_environment_hook('rc26_merge_odom', 'ld_library_path_lib')
[168.261s] [34mcolcon.colcon_core.shell[0m [1;30mINFO[0m Creating environment hook '/home/potato/RC_2026/install/rc26_merge_odom/share/rc26_merge_odom/hook/ld_library_path_lib.ps1'
[168.262s] [34mcolcon.colcon_core.shell[0m [1;30mINFO[0m Creating environment descriptor '/home/potato/RC_2026/install/rc26_merge_odom/share/rc26_merge_odom/hook/ld_library_path_lib.dsv'
[168.262s] [34mcolcon.colcon_core.shell[0m [1;30mINFO[0m Creating environment hook '/home/potato/RC_2026/install/rc26_merge_odom/share/rc26_merge_odom/hook/ld_library_path_lib.sh'
[168.262s] [34mcolcon.colcon_core.environment[0m [1;30mLevel 1[0m checking '/home/potato/RC_2026/install/rc26_merge_odom/bin'
[168.262s] [34mcolcon.colcon_core.environment[0m [1;30mLevel 1[0m checking '/home/potato/RC_2026/install/rc26_merge_odom/lib/pkgconfig/rc26_merge_odom.pc'
[168.262s] [34mcolcon.colcon_core.environment[0m [1;30mLevel 1[0m checking '/home/potato/RC_2026/install/rc26_merge_odom/lib/python3.10/site-packages'
[168.262s] [34mcolcon.colcon_core.environment[0m [1;30mLevel 1[0m checking '/home/potato/RC_2026/install/rc26_merge_odom/bin'
[168.263s] [34mcolcon.colcon_core.shell[0m [1;30mINFO[0m Creating package script '/home/potato/RC_2026/install/rc26_merge_odom/share/rc26_merge_odom/package.ps1'
[168.263s] [34mcolcon.colcon_core.shell[0m [1;30mINFO[0m Creating package descriptor '/home/potato/RC_2026/install/rc26_merge_odom/share/rc26_merge_odom/package.dsv'
[168.263s] [34mcolcon.colcon_core.shell[0m [1;30mINFO[0m Creating package script '/home/potato/RC_2026/install/rc26_merge_odom/share/rc26_merge_odom/package.sh'
[168.263s] [34mcolcon.colcon_core.shell[0m [1;30mINFO[0m Creating package script '/home/potato/RC_2026/install/rc26_merge_odom/share/rc26_merge_odom/package.bash'
[168.264s] [34mcolcon.colcon_core.shell[0m [1;30mINFO[0m Creating package script '/home/potato/RC_2026/install/rc26_merge_odom/share/rc26_merge_odom/package.zsh'
[168.264s] [34mcolcon.colcon_core.environment[0m [1;30mLevel 1[0m create_file_with_runtime_dependencies(/home/potato/RC_2026/install/rc26_merge_odom/share/colcon-core/packages/rc26_merge_odom)
[168.264s] [34mcolcon.colcon_ros.task.ament_cmake.build[0m [1;30mINFO[0m Building ROS package in '/home/potato/RC_2026/RC_2026_1/rc26_bringup' with build type 'ament_cmake'
[168.264s] [34mcolcon.colcon_cmake.task.cmake.build[0m [1;30mINFO[0m Building CMake package in '/home/potato/RC_2026/RC_2026_1/rc26_bringup'
[168.264s] [34mcolcon.colcon_core.shell[0m [1;30mINFO[0m Skip shell extension 'powershell' for command environment: Not usable outside of PowerShell
[168.264s] [34mcolcon.colcon_core.shell[0m [1;30mDEBUG[0m [32mSkip shell extension 'dsv' for command environment[0m
[168.292s] [34mcolcon.colcon_core.event_handler.log_command[0m [1;30mDEBUG[0m [32mInvoking command in '/home/potato/RC_2026/build/rc26_bringup': AMENT_PREFIX_PATH=/home/potato/RC_2026/install/rc26_decision:/home/potato/RC_2026/install/rc26_serial:/home/potato/RC_2026/install/rc26_sensor_scan:/home/potato/RC_2026/install/rc26_perception:/home/potato/RC_2026/install/rc26_omni_controller:/home/potato/RC_2026/install/rc26_odom_interface:/home/potato/RC_2026/install/rc26_localization:/home/potato/RC_2026/install/point_lio:/home/potato/RC_2026/install/mid360_driver:${AMENT_PREFIX_PATH} CMAKE_PREFIX_PATH=/home/potato/RC_2026/install/rc26_decision:/home/potato/RC_2026/install/rc26_serial:/home/potato/RC_2026/install/rc26_sensor_scan:/home/potato/RC_2026/install/rc26_perception:/home/potato/RC_2026/install/rc26_omni_controller:/home/potato/RC_2026/install/rc26_odom_interface:/home/potato/RC_2026/install/rc26_localization:/home/potato/RC_2026/install/point_lio:/home/potato/RC_2026/install/mid360_driver:/opt/ros/humble:/opt/ros/humble LD_LIBRARY_PATH=/home/potato/RC_2026/install/rc26_decision/lib:/home/potato/RC_2026/install/rc26_serial/lib:/home/potato/RC_2026/install/rc26_sensor_scan/lib:/home/potato/RC_2026/install/rc26_perception/lib:/home/potato/RC_2026/install/rc26_omni_controller/lib:/home/potato/RC_2026/install/rc26_odom_interface/lib:/home/potato/RC_2026/install/rc26_localization/lib:/home/potato/RC_2026/install/mid360_driver/lib:${LD_LIBRARY_PATH} PYTHONPATH=/home/potato/RC_2026/install/rc26_perception/local/lib/python3.10/dist-packages:${PYTHONPATH} /usr/bin/cmake /home/potato/RC_2026/RC_2026_1/rc26_bringup -DCMAKE_INSTALL_PREFIX=/home/potato/RC_2026/install/rc26_bringup[0m
[168.779s] [34mcolcon.colcon_core.event_handler.log_command[0m [1;30mDEBUG[0m [32mInvoked command in '/home/potato/RC_2026/build/rc26_bringup' returned '0': AMENT_PREFIX_PATH=/home/potato/RC_2026/install/rc26_decision:/home/potato/RC_2026/install/rc26_serial:/home/potato/RC_2026/install/rc26_sensor_scan:/home/potato/RC_2026/install/rc26_perception:/home/potato/RC_2026/install/rc26_omni_controller:/home/potato/RC_2026/install/rc26_odom_interface:/home/potato/RC_2026/install/rc26_localization:/home/potato/RC_2026/install/point_lio:/home/potato/RC_2026/install/mid360_driver:${AMENT_PREFIX_PATH} CMAKE_PREFIX_PATH=/home/potato/RC_2026/install/rc26_decision:/home/potato/RC_2026/install/rc26_serial:/home/potato/RC_2026/install/rc26_sensor_scan:/home/potato/RC_2026/install/rc26_perception:/home/potato/RC_2026/install/rc26_omni_controller:/home/potato/RC_2026/install/rc26_odom_interface:/home/potato/RC_2026/install/rc26_localization:/home/potato/RC_2026/install/point_lio:/home/potato/RC_2026/install/mid360_driver:/opt/ros/humble:/opt/ros/humble LD_LIBRARY_PATH=/home/potato/RC_2026/install/rc26_decision/lib:/home/potato/RC_2026/install/rc26_serial/lib:/home/potato/RC_2026/install/rc26_sensor_scan/lib:/home/potato/RC_2026/install/rc26_perception/lib:/home/potato/RC_2026/install/rc26_omni_controller/lib:/home/potato/RC_2026/install/rc26_odom_interface/lib:/home/potato/RC_2026/install/rc26_localization/lib:/home/potato/RC_2026/install/mid360_driver/lib:${LD_LIBRARY_PATH} PYTHONPATH=/home/potato/RC_2026/install/rc26_perception/local/lib/python3.10/dist-packages:${PYTHONPATH} /usr/bin/cmake /home/potato/RC_2026/RC_2026_1/rc26_bringup -DCMAKE_INSTALL_PREFIX=/home/potato/RC_2026/install/rc26_bringup[0m
[168.780s] [34mcolcon.colcon_core.event_handler.log_command[0m [1;30mDEBUG[0m [32mInvoking command in '/home/potato/RC_2026/build/rc26_bringup': AMENT_PREFIX_PATH=/home/potato/RC_2026/install/rc26_decision:/home/potato/RC_2026/install/rc26_serial:/home/potato/RC_2026/install/rc26_sensor_scan:/home/potato/RC_2026/install/rc26_perception:/home/potato/RC_2026/install/rc26_omni_controller:/home/potato/RC_2026/install/rc26_odom_interface:/home/potato/RC_2026/install/rc26_localization:/home/potato/RC_2026/install/point_lio:/home/potato/RC_2026/install/mid360_driver:${AMENT_PREFIX_PATH} CMAKE_PREFIX_PATH=/home/potato/RC_2026/install/rc26_decision:/home/potato/RC_2026/install/rc26_serial:/home/potato/RC_2026/install/rc26_sensor_scan:/home/potato/RC_2026/install/rc26_perception:/home/potato/RC_2026/install/rc26_omni_controller:/home/potato/RC_2026/install/rc26_odom_interface:/home/potato/RC_2026/install/rc26_localization:/home/potato/RC_2026/install/point_lio:/home/potato/RC_2026/install/mid360_driver:/opt/ros/humble:/opt/ros/humble LD_LIBRARY_PATH=/home/potato/RC_2026/install/rc26_decision/lib:/home/potato/RC_2026/install/rc26_serial/lib:/home/potato/RC_2026/install/rc26_sensor_scan/lib:/home/potato/RC_2026/install/rc26_perception/lib:/home/potato/RC_2026/install/rc26_omni_controller/lib:/home/potato/RC_2026/install/rc26_odom_interface/lib:/home/potato/RC_2026/install/rc26_localization/lib:/home/potato/RC_2026/install/mid360_driver/lib:${LD_LIBRARY_PATH} PYTHONPATH=/home/potato/RC_2026/install/rc26_perception/local/lib/python3.10/dist-packages:${PYTHONPATH} /usr/bin/cmake --build /home/potato/RC_2026/build/rc26_bringup -- -j28 -l28[0m
[168.812s] [34mcolcon.colcon_core.event_handler.log_command[0m [1;30mDEBUG[0m [32mInvoked command in '/home/potato/RC_2026/build/rc26_bringup' returned '0': AMENT_PREFIX_PATH=/home/potato/RC_2026/install/rc26_decision:/home/potato/RC_2026/install/rc26_serial:/home/potato/RC_2026/install/rc26_sensor_scan:/home/potato/RC_2026/install/rc26_perception:/home/potato/RC_2026/install/rc26_omni_controller:/home/potato/RC_2026/install/rc26_odom_interface:/home/potato/RC_2026/install/rc26_localization:/home/potato/RC_2026/install/point_lio:/home/potato/RC_2026/install/mid360_driver:${AMENT_PREFIX_PATH} CMAKE_PREFIX_PATH=/home/potato/RC_2026/install/rc26_decision:/home/potato/RC_2026/install/rc26_serial:/home/potato/RC_2026/install/rc26_sensor_scan:/home/potato/RC_2026/install/rc26_perception:/home/potato/RC_2026/install/rc26_omni_controller:/home/potato/RC_2026/install/rc26_odom_interface:/home/potato/RC_2026/install/rc26_localization:/home/potato/RC_2026/install/point_lio:/home/potato/RC_2026/install/mid360_driver:/opt/ros/humble:/opt/ros/humble LD_LIBRARY_PATH=/home/potato/RC_2026/install/rc26_decision/lib:/home/potato/RC_2026/install/rc26_serial/lib:/home/potato/RC_2026/install/rc26_sensor_scan/lib:/home/potato/RC_2026/install/rc26_perception/lib:/home/potato/RC_2026/install/rc26_omni_controller/lib:/home/potato/RC_2026/install/rc26_odom_interface/lib:/home/potato/RC_2026/install/rc26_localization/lib:/home/potato/RC_2026/install/mid360_driver/lib:${LD_LIBRARY_PATH} PYTHONPATH=/home/potato/RC_2026/install/rc26_perception/local/lib/python3.10/dist-packages:${PYTHONPATH} /usr/bin/cmake --build /home/potato/RC_2026/build/rc26_bringup -- -j28 -l28[0m
[168.814s] [34mcolcon.colcon_core.event_handler.log_command[0m [1;30mDEBUG[0m [32mInvoking command in '/home/potato/RC_2026/build/rc26_bringup': AMENT_PREFIX_PATH=/home/potato/RC_2026/install/rc26_decision:/home/potato/RC_2026/install/rc26_serial:/home/potato/RC_2026/install/rc26_sensor_scan:/home/potato/RC_2026/install/rc26_perception:/home/potato/RC_2026/install/rc26_omni_controller:/home/potato/RC_2026/install/rc26_odom_interface:/home/potato/RC_2026/install/rc26_localization:/home/potato/RC_2026/install/point_lio:/home/potato/RC_2026/install/mid360_driver:${AMENT_PREFIX_PATH} CMAKE_PREFIX_PATH=/home/potato/RC_2026/install/rc26_decision:/home/potato/RC_2026/install/rc26_serial:/home/potato/RC_2026/install/rc26_sensor_scan:/home/potato/RC_2026/install/rc26_perception:/home/potato/RC_2026/install/rc26_omni_controller:/home/potato/RC_2026/install/rc26_odom_interface:/home/potato/RC_2026/install/rc26_localization:/home/potato/RC_2026/install/point_lio:/home/potato/RC_2026/install/mid360_driver:/opt/ros/humble:/opt/ros/humble LD_LIBRARY_PATH=/home/potato/RC_2026/install/rc26_decision/lib:/home/potato/RC_2026/install/rc26_serial/lib:/home/potato/RC_2026/install/rc26_sensor_scan/lib:/home/potato/RC_2026/install/rc26_perception/lib:/home/potato/RC_2026/install/rc26_omni_controller/lib:/home/potato/RC_2026/install/rc26_odom_interface/lib:/home/potato/RC_2026/install/rc26_localization/lib:/home/potato/RC_2026/install/mid360_driver/lib:${LD_LIBRARY_PATH} PYTHONPATH=/home/potato/RC_2026/install/rc26_perception/local/lib/python3.10/dist-packages:${PYTHONPATH} /usr/bin/cmake --install /home/potato/RC_2026/build/rc26_bringup[0m
[168.826s] [34mcolcon.colcon_core.environment[0m [1;30mLevel 1[0m create_environment_scripts_only(rc26_bringup)
[168.826s] [34mcolcon.colcon_core.event_handler.log_command[0m [1;30mDEBUG[0m [32mInvoked command in '/home/potato/RC_2026/build/rc26_bringup' returned '0': AMENT_PREFIX_PATH=/home/potato/RC_2026/install/rc26_decision:/home/potato/RC_2026/install/rc26_serial:/home/potato/RC_2026/install/rc26_sensor_scan:/home/potato/RC_2026/install/rc26_perception:/home/potato/RC_2026/install/rc26_omni_controller:/home/potato/RC_2026/install/rc26_odom_interface:/home/potato/RC_2026/install/rc26_localization:/home/potato/RC_2026/install/point_lio:/home/potato/RC_2026/install/mid360_driver:${AMENT_PREFIX_PATH} CMAKE_PREFIX_PATH=/home/potato/RC_2026/install/rc26_decision:/home/potato/RC_2026/install/rc26_serial:/home/potato/RC_2026/install/rc26_sensor_scan:/home/potato/RC_2026/install/rc26_perception:/home/potato/RC_2026/install/rc26_omni_controller:/home/potato/RC_2026/install/rc26_odom_interface:/home/potato/RC_2026/install/rc26_localization:/home/potato/RC_2026/install/point_lio:/home/potato/RC_2026/install/mid360_driver:/opt/ros/humble:/opt/ros/humble LD_LIBRARY_PATH=/home/potato/RC_2026/install/rc26_decision/lib:/home/potato/RC_2026/install/rc26_serial/lib:/home/potato/RC_2026/install/rc26_sensor_scan/lib:/home/potato/RC_2026/install/rc26_perception/lib:/home/potato/RC_2026/install/rc26_omni_controller/lib:/home/potato/RC_2026/install/rc26_odom_interface/lib:/home/potato/RC_2026/install/rc26_localization/lib:/home/potato/RC_2026/install/mid360_driver/lib:${LD_LIBRARY_PATH} PYTHONPATH=/home/potato/RC_2026/install/rc26_perception/local/lib/python3.10/dist-packages:${PYTHONPATH} /usr/bin/cmake --install /home/potato/RC_2026/build/rc26_bringup[0m
[168.827s] [34mcolcon.colcon_core.environment[0m [1;30mLevel 1[0m checking '/home/potato/RC_2026/install/rc26_bringup' for CMake module files
[168.827s] [34mcolcon.colcon_core.environment[0m [1;30mLevel 1[0m checking '/home/potato/RC_2026/install/rc26_bringup' for CMake config files
[168.827s] [34mcolcon.colcon_core.shell[0m [1;30mLevel 1[0m create_environment_hook('rc26_bringup', 'cmake_prefix_path')
[168.828s] [34mcolcon.colcon_core.shell[0m [1;30mINFO[0m Creating environment hook '/home/potato/RC_2026/install/rc26_bringup/share/rc26_bringup/hook/cmake_prefix_path.ps1'
[168.828s] [34mcolcon.colcon_core.shell[0m [1;30mINFO[0m Creating environment descriptor '/home/potato/RC_2026/install/rc26_bringup/share/rc26_bringup/hook/cmake_prefix_path.dsv'
[168.828s] [34mcolcon.colcon_core.shell[0m [1;30mINFO[0m Creating environment hook '/home/potato/RC_2026/install/rc26_bringup/share/rc26_bringup/hook/cmake_prefix_path.sh'
[168.829s] [34mcolcon.colcon_core.environment[0m [1;30mLevel 1[0m checking '/home/potato/RC_2026/install/rc26_bringup/bin'
[168.829s] [34mcolcon.colcon_core.environment[0m [1;30mLevel 1[0m checking '/home/potato/RC_2026/install/rc26_bringup/lib/pkgconfig/rc26_bringup.pc'
[168.829s] [34mcolcon.colcon_core.environment[0m [1;30mLevel 1[0m checking '/home/potato/RC_2026/install/rc26_bringup/lib/python3.10/site-packages'
[168.829s] [34mcolcon.colcon_core.environment[0m [1;30mLevel 1[0m checking '/home/potato/RC_2026/install/rc26_bringup/bin'
[168.830s] [34mcolcon.colcon_core.shell[0m [1;30mINFO[0m Creating package script '/home/potato/RC_2026/install/rc26_bringup/share/rc26_bringup/package.ps1'
[168.830s] [34mcolcon.colcon_core.shell[0m [1;30mINFO[0m Creating package descriptor '/home/potato/RC_2026/install/rc26_bringup/share/rc26_bringup/package.dsv'
[168.831s] [34mcolcon.colcon_core.shell[0m [1;30mINFO[0m Creating package script '/home/potato/RC_2026/install/rc26_bringup/share/rc26_bringup/package.sh'
[168.831s] [34mcolcon.colcon_core.shell[0m [1;30mINFO[0m Creating package script '/home/potato/RC_2026/install/rc26_bringup/share/rc26_bringup/package.bash'
[168.831s] [34mcolcon.colcon_core.shell[0m [1;30mINFO[0m Creating package script '/home/potato/RC_2026/install/rc26_bringup/share/rc26_bringup/package.zsh'
[168.831s] [34mcolcon.colcon_core.environment[0m [1;30mLevel 1[0m create_file_with_runtime_dependencies(/home/potato/RC_2026/install/rc26_bringup/share/colcon-core/packages/rc26_bringup)
[168.832s] [34mcolcon.colcon_core.environment[0m [1;30mLevel 1[0m create_environment_scripts_only(rc26_bringup)
[168.832s] [34mcolcon.colcon_core.environment[0m [1;30mLevel 1[0m checking '/home/potato/RC_2026/install/rc26_bringup' for CMake module files
[168.833s] [34mcolcon.colcon_core.environment[0m [1;30mLevel 1[0m checking '/home/potato/RC_2026/install/rc26_bringup' for CMake config files
[168.833s] [34mcolcon.colcon_core.shell[0m [1;30mLevel 1[0m create_environment_hook('rc26_bringup', 'cmake_prefix_path')
[168.833s] [34mcolcon.colcon_core.shell[0m [1;30mINFO[0m Creating environment hook '/home/potato/RC_2026/install/rc26_bringup/share/rc26_bringup/hook/cmake_prefix_path.ps1'
[168.834s] [34mcolcon.colcon_core.shell[0m [1;30mINFO[0m Creating environment descriptor '/home/potato/RC_2026/install/rc26_bringup/share/rc26_bringup/hook/cmake_prefix_path.dsv'
[168.834s] [34mcolcon.colcon_core.shell[0m [1;30mINFO[0m Creating environment hook '/home/potato/RC_2026/install/rc26_bringup/share/rc26_bringup/hook/cmake_prefix_path.sh'
[168.834s] [34mcolcon.colcon_core.environment[0m [1;30mLevel 1[0m checking '/home/potato/RC_2026/install/rc26_bringup/bin'
[168.834s] [34mcolcon.colcon_core.environment[0m [1;30mLevel 1[0m checking '/home/potato/RC_2026/install/rc26_bringup/lib/pkgconfig/rc26_bringup.pc'
[168.834s] [34mcolcon.colcon_core.environment[0m [1;30mLevel 1[0m checking '/home/potato/RC_2026/install/rc26_bringup/lib/python3.10/site-packages'
[168.835s] [34mcolcon.colcon_core.environment[0m [1;30mLevel 1[0m checking '/home/potato/RC_2026/install/rc26_bringup/bin'
[168.835s] [34mcolcon.colcon_core.shell[0m [1;30mINFO[0m Creating package script '/home/potato/RC_2026/install/rc26_bringup/share/rc26_bringup/package.ps1'
[168.835s] [34mcolcon.colcon_core.shell[0m [1;30mINFO[0m Creating package descriptor '/home/potato/RC_2026/install/rc26_bringup/share/rc26_bringup/package.dsv'
[168.835s] [34mcolcon.colcon_core.shell[0m [1;30mINFO[0m Creating package script '/home/potato/RC_2026/install/rc26_bringup/share/rc26_bringup/package.sh'
[168.835s] [34mcolcon.colcon_core.shell[0m [1;30mINFO[0m Creating package script '/home/potato/RC_2026/install/rc26_bringup/share/rc26_bringup/package.bash'
[168.836s] [34mcolcon.colcon_core.shell[0m [1;30mINFO[0m Creating package script '/home/potato/RC_2026/install/rc26_bringup/share/rc26_bringup/package.zsh'
[168.836s] [34mcolcon.colcon_core.environment[0m [1;30mLevel 1[0m create_file_with_runtime_dependencies(/home/potato/RC_2026/install/rc26_bringup/share/colcon-core/packages/rc26_bringup)
[168.836s] [34mcolcon.colcon_parallel_executor.executor.parallel[0m [1;30mDEBUG[0m [32mclosing loop[0m
[168.836s] [34mcolcon.colcon_parallel_executor.executor.parallel[0m [1;30mDEBUG[0m [32mloop closed[0m
[168.836s] [34mcolcon.colcon_parallel_executor.executor.parallel[0m [1;30mDEBUG[0m [32mrun_until_complete finished with '0'[0m
[168.836s] [34mcolcon.colcon_core.event_reactor[0m [1;30mDEBUG[0m [32mjoining thread[0m
[168.845s] [34mcolcon.colcon_core.plugin_system[0m [1;30mINFO[0m Skipping extension 'colcon_notification.desktop_notification.terminal_notifier': Not used on non-Darwin systems
[168.845s] [34mcolcon.colcon_core.plugin_system[0m [1;30mINFO[0m Skipping extension 'colcon_notification.desktop_notification.win32': Not used on non-Windows systems
[168.845s] [34mcolcon.colcon_notification.desktop_notification[0m [1;30mINFO[0m Sending desktop notification using 'notify2'
[168.851s] [34mcolcon.colcon_core.event_reactor[0m [1;30mDEBUG[0m [32mjoined thread[0m
[168.851s] [34mcolcon.colcon_core.shell[0m [1;30mINFO[0m Creating prefix script '/home/potato/RC_2026/install/local_setup.ps1'
[168.852s] [34mcolcon.colcon_core.shell[0m [1;30mINFO[0m Creating prefix util module '/home/potato/RC_2026/install/_local_setup_util_ps1.py'
[168.852s] [34mcolcon.colcon_core.shell[0m [1;30mINFO[0m Creating prefix chain script '/home/potato/RC_2026/install/setup.ps1'
[168.853s] [34mcolcon.colcon_core.shell[0m [1;30mINFO[0m Creating prefix script '/home/potato/RC_2026/install/local_setup.sh'
[168.853s] [34mcolcon.colcon_core.shell[0m [1;30mINFO[0m Creating prefix util module '/home/potato/RC_2026/install/_local_setup_util_sh.py'
[168.854s] [34mcolcon.colcon_core.shell[0m [1;30mINFO[0m Creating prefix chain script '/home/potato/RC_2026/install/setup.sh'
[168.854s] [34mcolcon.colcon_core.shell[0m [1;30mINFO[0m Creating prefix script '/home/potato/RC_2026/install/local_setup.bash'
[168.855s] [34mcolcon.colcon_core.shell[0m [1;30mINFO[0m Creating prefix chain script '/home/potato/RC_2026/install/setup.bash'
[168.856s] [34mcolcon.colcon_core.shell[0m [1;30mINFO[0m Creating prefix script '/home/potato/RC_2026/install/local_setup.zsh'
[168.856s] [34mcolcon.colcon_core.shell[0m [1;30mINFO[0m Creating prefix chain script '/home/potato/RC_2026/install/setup.zsh'
