[0.073s] [34mcolcon[0m [1;30mDEBUG[0m [32mCommand line arguments: ['/usr/bin/colcon', 'build', '--parallel-workers', '1'][0m
[0.074s] [34mcolcon[0m [1;30mDEBUG[0m [32mParsed command line arguments: Namespace(log_base=None, log_level=None, verb_name='build', build_base='build', install_base='install', merge_install=False, symlink_install=False, test_result_base=None, continue_on_error=False, executor='parallel', parallel_workers=1, event_handlers=None, ignore_user_meta=False, metas=['./colcon.meta'], base_paths=['.'], packages_ignore=None, packages_ignore_regex=None, paths=None, packages_up_to=None, packages_up_to_regex=None, packages_above=None, packages_above_and_dependencies=None, packages_above_depth=None, packages_select_by_dep=None, packages_skip_by_dep=None, packages_skip_up_to=None, packages_select_build_failed=False, packages_skip_build_finished=False, packages_select_test_failures=False, packages_skip_test_passed=False, packages_select=None, packages_skip=None, packages_select_regex=None, packages_skip_regex=None, packages_start=None, packages_end=None, allow_overriding=[], cmake_args=None, cmake_target=None, cmake_target_skip_unavailable=False, cmake_clean_cache=False, cmake_clean_first=False, cmake_force_configure=False, ament_cmake_args=None, catkin_cmake_args=None, catkin_skip_building_tests=False, verb_parser=<colcon_defaults.argument_parser.defaults.DefaultArgumentsDecorator object at 0x74e94fc4a680>, verb_extension=<colcon_core.verb.build.BuildVerb object at 0x74e94fc4a080>, main=<bound method BuildVerb.main of <colcon_core.verb.build.BuildVerb object at 0x74e94fc4a080>>)[0m
[0.208s] [34mcolcon.colcon_core.package_discovery[0m [1;30mLevel 1[0m discover_packages(colcon_meta) check parameters
[0.208s] [34mcolcon.colcon_core.package_discovery[0m [1;30mLevel 1[0m discover_packages(recursive) check parameters
[0.208s] [34mcolcon.colcon_core.package_discovery[0m [1;30mLevel 1[0m discover_packages(ignore) check parameters
[0.208s] [34mcolcon.colcon_core.package_discovery[0m [1;30mLevel 1[0m discover_packages(path) check parameters
[0.208s] [34mcolcon.colcon_core.package_discovery[0m [1;30mLevel 1[0m discover_packages(colcon_meta) discover
[0.208s] [34mcolcon.colcon_core.package_discovery[0m [1;30mLevel 1[0m discover_packages(recursive) discover
[0.208s] [34mcolcon.colcon_core.package_discovery[0m [1;30mINFO[0m Crawling recursively for packages in '/home/potato/RC_2026'
[0.208s] [34mcolcon.colcon_core.package_identification[0m [1;30mLevel 1[0m _identify(.) by extensions ['ignore', 'ignore_ament_install']
[0.208s] [34mcolcon.colcon_core.package_identification[0m [1;30mLevel 1[0m _identify(.) by extension 'ignore'
[0.208s] [34mcolcon.colcon_core.package_identification[0m [1;30mLevel 1[0m _identify(.) by extension 'ignore_ament_install'
[0.208s] [34mcolcon.colcon_core.package_identification[0m [1;30mLevel 1[0m _identify(.) by extensions ['colcon_pkg']
[0.208s] [34mcolcon.colcon_core.package_identification[0m [1;30mLevel 1[0m _identify(.) by extension 'colcon_pkg'
[0.208s] [34mcolcon.colcon_core.package_identification[0m [1;30mLevel 1[0m _identify(.) by extensions ['colcon_meta']
[0.208s] [34mcolcon.colcon_core.package_identification[0m [1;30mLevel 1[0m _identify(.) by extension 'colcon_meta'
[0.208s] [34mcolcon.colcon_core.package_identification[0m [1;30mLevel 1[0m _identify(.) by extensions ['ros']
[0.208s] [34mcolcon.colcon_core.package_identification[0m [1;30mLevel 1[0m _identify(.) by extension 'ros'
[0.216s] [34mcolcon.colcon_core.package_identification[0m [1;30mLevel 1[0m _identify(.) by extensions ['cmake', 'python']
[0.217s] [34mcolcon.colcon_core.package_identification[0m [1;30mLevel 1[0m _identify(.) by extension 'cmake'
[0.217s] [34mcolcon.colcon_core.package_identification[0m [1;30mLevel 1[0m _identify(.) by extension 'python'
[0.217s] [34mcolcon.colcon_core.package_identification[0m [1;30mLevel 1[0m _identify(.) by extensions ['python_setup_py']
[0.217s] [34mcolcon.colcon_core.package_identification[0m [1;30mLevel 1[0m _identify(.) by extension 'python_setup_py'
[0.217s] [34mcolcon.colcon_core.package_identification[0m [1;30mLevel 1[0m _identify(RC_2026_1) by extensions ['ignore', 'ignore_ament_install']
[0.217s] [34mcolcon.colcon_core.package_identification[0m [1;30mLevel 1[0m _identify(RC_2026_1) by extension 'ignore'
[0.217s] [34mcolcon.colcon_core.package_identification[0m [1;30mLevel 1[0m _identify(RC_2026_1) by extension 'ignore_ament_install'
[0.217s] [34mcolcon.colcon_core.package_identification[0m [1;30mLevel 1[0m _identify(RC_2026_1) by extensions ['colcon_pkg']
[0.217s] [34mcolcon.colcon_core.package_identification[0m [1;30mLevel 1[0m _identify(RC_2026_1) by extension 'colcon_pkg'
[0.217s] [34mcolcon.colcon_core.package_identification[0m [1;30mLevel 1[0m _identify(RC_2026_1) by extensions ['colcon_meta']
[0.217s] [34mcolcon.colcon_core.package_identification[0m [1;30mLevel 1[0m _identify(RC_2026_1) by extension 'colcon_meta'
[0.217s] [34mcolcon.colcon_core.package_identification[0m [1;30mLevel 1[0m _identify(RC_2026_1) by extensions ['ros']
[0.218s] [34mcolcon.colcon_core.package_identification[0m [1;30mLevel 1[0m _identify(RC_2026_1) by extension 'ros'
[0.218s] [34mcolcon.colcon_core.package_identification[0m [1;30mLevel 1[0m _identify(RC_2026_1) by extensions ['cmake', 'python']
[0.218s] [34mcolcon.colcon_core.package_identification[0m [1;30mLevel 1[0m _identify(RC_2026_1) by extension 'cmake'
[0.218s] [34mcolcon.colcon_core.package_identification[0m [1;30mLevel 1[0m _identify(RC_2026_1) by extension 'python'
[0.218s] [34mcolcon.colcon_core.package_identification[0m [1;30mLevel 1[0m _identify(RC_2026_1) by extensions ['python_setup_py']
[0.218s] [34mcolcon.colcon_core.package_identification[0m [1;30mLevel 1[0m _identify(RC_2026_1) by extension 'python_setup_py'
[0.218s] [34mcolcon.colcon_core.package_identification[0m [1;30mLevel 1[0m _identify(RC_2026_1/mid360_driver) by extensions ['ignore', 'ignore_ament_install']
[0.218s] [34mcolcon.colcon_core.package_identification[0m [1;30mLevel 1[0m _identify(RC_2026_1/mid360_driver) by extension 'ignore'
[0.218s] [34mcolcon.colcon_core.package_identification[0m [1;30mLevel 1[0m _identify(RC_2026_1/mid360_driver) by extension 'ignore_ament_install'
[0.218s] [34mcolcon.colcon_core.package_identification[0m [1;30mLevel 1[0m _identify(RC_2026_1/mid360_driver) by extensions ['colcon_pkg']
[0.218s] [34mcolcon.colcon_core.package_identification[0m [1;30mLevel 1[0m _identify(RC_2026_1/mid360_driver) by extension 'colcon_pkg'
[0.218s] [34mcolcon.colcon_core.package_identification[0m [1;30mLevel 1[0m _identify(RC_2026_1/mid360_driver) by extensions ['colcon_meta']
[0.218s] [34mcolcon.colcon_core.package_identification[0m [1;30mLevel 1[0m _identify(RC_2026_1/mid360_driver) by extension 'colcon_meta'
[0.218s] [34mcolcon.colcon_core.package_identification[0m [1;30mLevel 1[0m _identify(RC_2026_1/mid360_driver) by extensions ['ros']
[0.218s] [34mcolcon.colcon_core.package_identification[0m [1;30mLevel 1[0m _identify(RC_2026_1/mid360_driver) by extension 'ros'
[0.222s] [34mcolcon.colcon_core.package_identification[0m [1;30mDEBUG[0m [32mPackage 'RC_2026_1/mid360_driver' with type 'ros.ament_cmake' and name 'mid360_driver'[0m
[0.222s] [34mcolcon.colcon_core.package_identification[0m [1;30mLevel 1[0m _identify(RC_2026_1/point_lio) by extensions ['ignore', 'ignore_ament_install']
[0.222s] [34mcolcon.colcon_core.package_identification[0m [1;30mLevel 1[0m _identify(RC_2026_1/point_lio) by extension 'ignore'
[0.222s] [34mcolcon.colcon_core.package_identification[0m [1;30mLevel 1[0m _identify(RC_2026_1/point_lio) by extension 'ignore_ament_install'
[0.222s] [34mcolcon.colcon_core.package_identification[0m [1;30mLevel 1[0m _identify(RC_2026_1/point_lio) by extensions ['colcon_pkg']
[0.222s] [34mcolcon.colcon_core.package_identification[0m [1;30mLevel 1[0m _identify(RC_2026_1/point_lio) by extension 'colcon_pkg'
[0.222s] [34mcolcon.colcon_core.package_identification[0m [1;30mLevel 1[0m _identify(RC_2026_1/point_lio) by extensions ['colcon_meta']
[0.222s] [34mcolcon.colcon_core.package_identification[0m [1;30mLevel 1[0m _identify(RC_2026_1/point_lio) by extension 'colcon_meta'
[0.222s] [34mcolcon.colcon_core.package_identification[0m [1;30mLevel 1[0m _identify(RC_2026_1/point_lio) by extensions ['ros']
[0.222s] [34mcolcon.colcon_core.package_identification[0m [1;30mLevel 1[0m _identify(RC_2026_1/point_lio) by extension 'ros'
[0.224s] [34mcolcon.colcon_core.package_identification[0m [1;30mDEBUG[0m [32mPackage 'RC_2026_1/point_lio' with type 'ros.ament_cmake' and name 'point_lio'[0m
[0.224s] [34mcolcon.colcon_core.package_identification[0m [1;30mLevel 1[0m _identify(RC_2026_1/rc26_bringup) by extensions ['ignore', 'ignore_ament_install']
[0.224s] [34mcolcon.colcon_core.package_identification[0m [1;30mLevel 1[0m _identify(RC_2026_1/rc26_bringup) by extension 'ignore'
[0.224s] [34mcolcon.colcon_core.package_identification[0m [1;30mLevel 1[0m _identify(RC_2026_1/rc26_bringup) by extension 'ignore_ament_install'
[0.224s] [34mcolcon.colcon_core.package_identification[0m [1;30mLevel 1[0m _identify(RC_2026_1/rc26_bringup) by extensions ['colcon_pkg']
[0.224s] [34mcolcon.colcon_core.package_identification[0m [1;30mLevel 1[0m _identify(RC_2026_1/rc26_bringup) by extension 'colcon_pkg'
[0.224s] [34mcolcon.colcon_core.package_identification[0m [1;30mLevel 1[0m _identify(RC_2026_1/rc26_bringup) by extensions ['colcon_meta']
[0.224s] [34mcolcon.colcon_core.package_identification[0m [1;30mLevel 1[0m _identify(RC_2026_1/rc26_bringup) by extension 'colcon_meta'
[0.224s] [34mcolcon.colcon_core.package_identification[0m [1;30mLevel 1[0m _identify(RC_2026_1/rc26_bringup) by extensions ['ros']
[0.224s] [34mcolcon.colcon_core.package_identification[0m [1;30mLevel 1[0m _identify(RC_2026_1/rc26_bringup) by extension 'ros'
[0.225s] [34mcolcon.colcon_core.package_identification[0m [1;30mDEBUG[0m [32mPackage 'RC_2026_1/rc26_bringup' with type 'ros.ament_cmake' and name 'rc26_bringup'[0m
[0.225s] [34mcolcon.colcon_core.package_identification[0m [1;30mLevel 1[0m _identify(RC_2026_1/rc26_decision) by extensions ['ignore', 'ignore_ament_install']
[0.225s] [34mcolcon.colcon_core.package_identification[0m [1;30mLevel 1[0m _identify(RC_2026_1/rc26_decision) by extension 'ignore'
[0.225s] [34mcolcon.colcon_core.package_identification[0m [1;30mLevel 1[0m _identify(RC_2026_1/rc26_decision) by extension 'ignore_ament_install'
[0.225s] [34mcolcon.colcon_core.package_identification[0m [1;30mLevel 1[0m _identify(RC_2026_1/rc26_decision) by extensions ['colcon_pkg']
[0.225s] [34mcolcon.colcon_core.package_identification[0m [1;30mLevel 1[0m _identify(RC_2026_1/rc26_decision) by extension 'colcon_pkg'
[0.226s] [34mcolcon.colcon_core.package_identification[0m [1;30mLevel 1[0m _identify(RC_2026_1/rc26_decision) by extensions ['colcon_meta']
[0.226s] [34mcolcon.colcon_core.package_identification[0m [1;30mLevel 1[0m _identify(RC_2026_1/rc26_decision) by extension 'colcon_meta'
[0.226s] [34mcolcon.colcon_core.package_identification[0m [1;30mLevel 1[0m _identify(RC_2026_1/rc26_decision) by extensions ['ros']
[0.226s] [34mcolcon.colcon_core.package_identification[0m [1;30mLevel 1[0m _identify(RC_2026_1/rc26_decision) by extension 'ros'
[0.227s] [34mcolcon.colcon_core.package_identification[0m [1;30mDEBUG[0m [32mPackage 'RC_2026_1/rc26_decision' with type 'ros.ament_cmake' and name 'rc26_decision'[0m
[0.227s] [34mcolcon.colcon_core.package_identification[0m [1;30mLevel 1[0m _identify(RC_2026_1/rc26_localization) by extensions ['ignore', 'ignore_ament_install']
[0.227s] [34mcolcon.colcon_core.package_identification[0m [1;30mLevel 1[0m _identify(RC_2026_1/rc26_localization) by extension 'ignore'
[0.227s] [34mcolcon.colcon_core.package_identification[0m [1;30mLevel 1[0m _identify(RC_2026_1/rc26_localization) by extension 'ignore_ament_install'
[0.227s] [34mcolcon.colcon_core.package_identification[0m [1;30mLevel 1[0m _identify(RC_2026_1/rc26_localization) by extensions ['colcon_pkg']
[0.227s] [34mcolcon.colcon_core.package_identification[0m [1;30mLevel 1[0m _identify(RC_2026_1/rc26_localization) by extension 'colcon_pkg'
[0.227s] [34mcolcon.colcon_core.package_identification[0m [1;30mLevel 1[0m _identify(RC_2026_1/rc26_localization) by extensions ['colcon_meta']
[0.227s] [34mcolcon.colcon_core.package_identification[0m [1;30mLevel 1[0m _identify(RC_2026_1/rc26_localization) by extension 'colcon_meta'
[0.227s] [34mcolcon.colcon_core.package_identification[0m [1;30mLevel 1[0m _identify(RC_2026_1/rc26_localization) by extensions ['ros']
[0.227s] [34mcolcon.colcon_core.package_identification[0m [1;30mLevel 1[0m _identify(RC_2026_1/rc26_localization) by extension 'ros'
[0.229s] [34mcolcon.colcon_core.package_identification[0m [1;30mDEBUG[0m [32mPackage 'RC_2026_1/rc26_localization' with type 'ros.ament_cmake' and name 'rc26_localization'[0m
[0.229s] [34mcolcon.colcon_core.package_identification[0m [1;30mLevel 1[0m _identify(RC_2026_1/rc26_merge_odom) by extensions ['ignore', 'ignore_ament_install']
[0.229s] [34mcolcon.colcon_core.package_identification[0m [1;30mLevel 1[0m _identify(RC_2026_1/rc26_merge_odom) by extension 'ignore'
[0.229s] [34mcolcon.colcon_core.package_identification[0m [1;30mLevel 1[0m _identify(RC_2026_1/rc26_merge_odom) by extension 'ignore_ament_install'
[0.229s] [34mcolcon.colcon_core.package_identification[0m [1;30mLevel 1[0m _identify(RC_2026_1/rc26_merge_odom) by extensions ['colcon_pkg']
[0.229s] [34mcolcon.colcon_core.package_identification[0m [1;30mLevel 1[0m _identify(RC_2026_1/rc26_merge_odom) by extension 'colcon_pkg'
[0.229s] [34mcolcon.colcon_core.package_identification[0m [1;30mLevel 1[0m _identify(RC_2026_1/rc26_merge_odom) by extensions ['colcon_meta']
[0.229s] [34mcolcon.colcon_core.package_identification[0m [1;30mLevel 1[0m _identify(RC_2026_1/rc26_merge_odom) by extension 'colcon_meta'
[0.229s] [34mcolcon.colcon_core.package_identification[0m [1;30mLevel 1[0m _identify(RC_2026_1/rc26_merge_odom) by extensions ['ros']
[0.229s] [34mcolcon.colcon_core.package_identification[0m [1;30mLevel 1[0m _identify(RC_2026_1/rc26_merge_odom) by extension 'ros'
[0.230s] [34mcolcon.colcon_core.package_identification[0m [1;30mDEBUG[0m [32mPackage 'RC_2026_1/rc26_merge_odom' with type 'ros.ament_cmake' and name 'rc26_merge_odom'[0m
[0.230s] [34mcolcon.colcon_core.package_identification[0m [1;30mLevel 1[0m _identify(RC_2026_1/rc26_odom_interface) by extensions ['ignore', 'ignore_ament_install']
[0.231s] [34mcolcon.colcon_core.package_identification[0m [1;30mLevel 1[0m _identify(RC_2026_1/rc26_odom_interface) by extension 'ignore'
[0.231s] [34mcolcon.colcon_core.package_identification[0m [1;30mLevel 1[0m _identify(RC_2026_1/rc26_odom_interface) by extension 'ignore_ament_install'
[0.231s] [34mcolcon.colcon_core.package_identification[0m [1;30mLevel 1[0m _identify(RC_2026_1/rc26_odom_interface) by extensions ['colcon_pkg']
[0.231s] [34mcolcon.colcon_core.package_identification[0m [1;30mLevel 1[0m _identify(RC_2026_1/rc26_odom_interface) by extension 'colcon_pkg'
[0.231s] [34mcolcon.colcon_core.package_identification[0m [1;30mLevel 1[0m _identify(RC_2026_1/rc26_odom_interface) by extensions ['colcon_meta']
[0.231s] [34mcolcon.colcon_core.package_identification[0m [1;30mLevel 1[0m _identify(RC_2026_1/rc26_odom_interface) by extension 'colcon_meta'
[0.231s] [34mcolcon.colcon_core.package_identification[0m [1;30mLevel 1[0m _identify(RC_2026_1/rc26_odom_interface) by extensions ['ros']
[0.231s] [34mcolcon.colcon_core.package_identification[0m [1;30mLevel 1[0m _identify(RC_2026_1/rc26_odom_interface) by extension 'ros'
[0.232s] [34mcolcon.colcon_core.package_identification[0m [1;30mDEBUG[0m [32mPackage 'RC_2026_1/rc26_odom_interface' with type 'ros.ament_cmake' and name 'rc26_odom_interface'[0m
[0.232s] [34mcolcon.colcon_core.package_identification[0m [1;30mLevel 1[0m _identify(RC_2026_1/rc26_omni_controller) by extensions ['ignore', 'ignore_ament_install']
[0.232s] [34mcolcon.colcon_core.package_identification[0m [1;30mLevel 1[0m _identify(RC_2026_1/rc26_omni_controller) by extension 'ignore'
[0.232s] [34mcolcon.colcon_core.package_identification[0m [1;30mLevel 1[0m _identify(RC_2026_1/rc26_omni_controller) by extension 'ignore_ament_install'
[0.232s] [34mcolcon.colcon_core.package_identification[0m [1;30mLevel 1[0m _identify(RC_2026_1/rc26_omni_controller) by extensions ['colcon_pkg']
[0.232s] [34mcolcon.colcon_core.package_identification[0m [1;30mLevel 1[0m _identify(RC_2026_1/rc26_omni_controller) by extension 'colcon_pkg'
[0.232s] [34mcolcon.colcon_core.package_identification[0m [1;30mLevel 1[0m _identify(RC_2026_1/rc26_omni_controller) by extensions ['colcon_meta']
[0.232s] [34mcolcon.colcon_core.package_identification[0m [1;30mLevel 1[0m _identify(RC_2026_1/rc26_omni_controller) by extension 'colcon_meta'
[0.232s] [34mcolcon.colcon_core.package_identification[0m [1;30mLevel 1[0m _identify(RC_2026_1/rc26_omni_controller) by extensions ['ros']
[0.232s] [34mcolcon.colcon_core.package_identification[0m [1;30mLevel 1[0m _identify(RC_2026_1/rc26_omni_controller) by extension 'ros'
[0.234s] [34mcolcon.colcon_core.package_identification[0m [1;30mDEBUG[0m [32mPackage 'RC_2026_1/rc26_omni_controller' with type 'ros.ament_cmake' and name 'rc26_omni_controller'[0m
[0.234s] [34mcolcon.colcon_core.package_identification[0m [1;30mLevel 1[0m _identify(RC_2026_1/rc26_perception) by extensions ['ignore', 'ignore_ament_install']
[0.234s] [34mcolcon.colcon_core.package_identification[0m [1;30mLevel 1[0m _identify(RC_2026_1/rc26_perception) by extension 'ignore'
[0.234s] [34mcolcon.colcon_core.package_identification[0m [1;30mLevel 1[0m _identify(RC_2026_1/rc26_perception) by extension 'ignore_ament_install'
[0.234s] [34mcolcon.colcon_core.package_identification[0m [1;30mLevel 1[0m _identify(RC_2026_1/rc26_perception) by extensions ['colcon_pkg']
[0.234s] [34mcolcon.colcon_core.package_identification[0m [1;30mLevel 1[0m _identify(RC_2026_1/rc26_perception) by extension 'colcon_pkg'
[0.234s] [34mcolcon.colcon_core.package_identification[0m [1;30mLevel 1[0m _identify(RC_2026_1/rc26_perception) by extensions ['colcon_meta']
[0.234s] [34mcolcon.colcon_core.package_identification[0m [1;30mLevel 1[0m _identify(RC_2026_1/rc26_perception) by extension 'colcon_meta'
[0.234s] [34mcolcon.colcon_core.package_identification[0m [1;30mLevel 1[0m _identify(RC_2026_1/rc26_perception) by extensions ['ros']
[0.234s] [34mcolcon.colcon_core.package_identification[0m [1;30mLevel 1[0m _identify(RC_2026_1/rc26_perception) by extension 'ros'
[0.235s] [34mcolcon.colcon_core.package_identification[0m [1;30mDEBUG[0m [32mPackage 'RC_2026_1/rc26_perception' with type 'ros.ament_cmake' and name 'rc26_perception'[0m
[0.236s] [34mcolcon.colcon_core.package_identification[0m [1;30mLevel 1[0m _identify(RC_2026_1/rc26_sensor_scan) by extensions ['ignore', 'ignore_ament_install']
[0.236s] [34mcolcon.colcon_core.package_identification[0m [1;30mLevel 1[0m _identify(RC_2026_1/rc26_sensor_scan) by extension 'ignore'
[0.236s] [34mcolcon.colcon_core.package_identification[0m [1;30mLevel 1[0m _identify(RC_2026_1/rc26_sensor_scan) by extension 'ignore_ament_install'
[0.236s] [34mcolcon.colcon_core.package_identification[0m [1;30mLevel 1[0m _identify(RC_2026_1/rc26_sensor_scan) by extensions ['colcon_pkg']
[0.236s] [34mcolcon.colcon_core.package_identification[0m [1;30mLevel 1[0m _identify(RC_2026_1/rc26_sensor_scan) by extension 'colcon_pkg'
[0.236s] [34mcolcon.colcon_core.package_identification[0m [1;30mLevel 1[0m _identify(RC_2026_1/rc26_sensor_scan) by extensions ['colcon_meta']
[0.236s] [34mcolcon.colcon_core.package_identification[0m [1;30mLevel 1[0m _identify(RC_2026_1/rc26_sensor_scan) by extension 'colcon_meta'
[0.236s] [34mcolcon.colcon_core.package_identification[0m [1;30mLevel 1[0m _identify(RC_2026_1/rc26_sensor_scan) by extensions ['ros']
[0.236s] [34mcolcon.colcon_core.package_identification[0m [1;30mLevel 1[0m _identify(RC_2026_1/rc26_sensor_scan) by extension 'ros'
[0.237s] [34mcolcon.colcon_core.package_identification[0m [1;30mDEBUG[0m [32mPackage 'RC_2026_1/rc26_sensor_scan' with type 'ros.ament_cmake' and name 'rc26_sensor_scan'[0m
[0.237s] [34mcolcon.colcon_core.package_identification[0m [1;30mLevel 1[0m _identify(RC_2026_1/rc26_serial) by extensions ['ignore', 'ignore_ament_install']
[0.237s] [34mcolcon.colcon_core.package_identification[0m [1;30mLevel 1[0m _identify(RC_2026_1/rc26_serial) by extension 'ignore'
[0.237s] [34mcolcon.colcon_core.package_identification[0m [1;30mLevel 1[0m _identify(RC_2026_1/rc26_serial) by extension 'ignore_ament_install'
[0.237s] [34mcolcon.colcon_core.package_identification[0m [1;30mLevel 1[0m _identify(RC_2026_1/rc26_serial) by extensions ['colcon_pkg']
[0.237s] [34mcolcon.colcon_core.package_identification[0m [1;30mLevel 1[0m _identify(RC_2026_1/rc26_serial) by extension 'colcon_pkg'
[0.237s] [34mcolcon.colcon_core.package_identification[0m [1;30mLevel 1[0m _identify(RC_2026_1/rc26_serial) by extensions ['colcon_meta']
[0.237s] [34mcolcon.colcon_core.package_identification[0m [1;30mLevel 1[0m _identify(RC_2026_1/rc26_serial) by extension 'colcon_meta'
[0.237s] [34mcolcon.colcon_core.package_identification[0m [1;30mLevel 1[0m _identify(RC_2026_1/rc26_serial) by extensions ['ros']
[0.237s] [34mcolcon.colcon_core.package_identification[0m [1;30mLevel 1[0m _identify(RC_2026_1/rc26_serial) by extension 'ros'
[0.237s] [34mcolcon.colcon_core.package_identification[0m [1;30mDEBUG[0m [32mPackage 'RC_2026_1/rc26_serial' with type 'ros.ament_cmake' and name 'rc26_serial'[0m
[0.237s] [34mcolcon.colcon_core.package_identification[0m [1;30mLevel 1[0m _identify(RC_2026_1/small_gicp) by extensions ['ignore', 'ignore_ament_install']
[0.238s] [34mcolcon.colcon_core.package_identification[0m [1;30mLevel 1[0m _identify(RC_2026_1/small_gicp) by extension 'ignore'
[0.238s] [34mcolcon.colcon_core.package_identification[0m [1;30mLevel 1[0m _identify(RC_2026_1/small_gicp) by extension 'ignore_ament_install'
[0.238s] [34mcolcon.colcon_core.package_identification[0m [1;30mLevel 1[0m _identify(RC_2026_1/small_gicp) by extensions ['colcon_pkg']
[0.238s] [34mcolcon.colcon_core.package_identification[0m [1;30mLevel 1[0m _identify(RC_2026_1/small_gicp) by extension 'colcon_pkg'
[0.238s] [34mcolcon.colcon_core.package_identification[0m [1;30mLevel 1[0m _identify(RC_2026_1/small_gicp) by extensions ['colcon_meta']
[0.238s] [34mcolcon.colcon_core.package_identification[0m [1;30mLevel 1[0m _identify(RC_2026_1/small_gicp) by extension 'colcon_meta'
[0.238s] [34mcolcon.colcon_core.package_identification[0m [1;30mLevel 1[0m _identify(RC_2026_1/small_gicp) by extensions ['ros']
[0.238s] [34mcolcon.colcon_core.package_identification[0m [1;30mLevel 1[0m _identify(RC_2026_1/small_gicp) by extension 'ros'
[0.238s] [34mcolcon.colcon_core.package_identification[0m [1;30mDEBUG[0m [32mPackage 'RC_2026_1/small_gicp' with type 'ros.cmake' and name 'small_gicp'[0m
[0.238s] [34mcolcon.colcon_core.package_identification[0m [1;30mLevel 1[0m _identify(build) by extensions ['ignore', 'ignore_ament_install']
[0.238s] [34mcolcon.colcon_core.package_identification[0m [1;30mLevel 1[0m _identify(build) by extension 'ignore'
[0.238s] [34mcolcon.colcon_core.package_identification[0m [1;30mLevel 1[0m _identify(build) ignored
[0.238s] [34mcolcon.colcon_core.package_identification[0m [1;30mLevel 1[0m _identify(install) by extensions ['ignore', 'ignore_ament_install']
[0.238s] [34mcolcon.colcon_core.package_identification[0m [1;30mLevel 1[0m _identify(install) by extension 'ignore'
[0.238s] [34mcolcon.colcon_core.package_identification[0m [1;30mLevel 1[0m _identify(install) ignored
[0.238s] [34mcolcon.colcon_core.package_identification[0m [1;30mLevel 1[0m _identify(log) by extensions ['ignore', 'ignore_ament_install']
[0.238s] [34mcolcon.colcon_core.package_identification[0m [1;30mLevel 1[0m _identify(log) by extension 'ignore'
[0.238s] [34mcolcon.colcon_core.package_identification[0m [1;30mLevel 1[0m _identify(log) ignored
[0.238s] [34mcolcon.colcon_core.package_discovery[0m [1;30mLevel 1[0m discover_packages(recursive) using defaults
[0.239s] [34mcolcon.colcon_core.package_discovery[0m [1;30mLevel 1[0m discover_packages(ignore) discover
[0.239s] [34mcolcon.colcon_core.package_discovery[0m [1;30mLevel 1[0m discover_packages(ignore) using defaults
[0.239s] [34mcolcon.colcon_core.package_discovery[0m [1;30mLevel 1[0m discover_packages(path) discover
[0.239s] [34mcolcon.colcon_core.package_discovery[0m [1;30mLevel 1[0m discover_packages(path) using defaults
[0.252s] [34mcolcon.colcon_core.package_discovery[0m [1;30mLevel 1[0m discover_packages(prefix_path) check parameters
[0.252s] [34mcolcon.colcon_core.package_discovery[0m [1;30mLevel 1[0m discover_packages(prefix_path) discover
[0.254s] [34mcolcon.colcon_installed_package_information.package_discovery[0m [1;30mDEBUG[0m [32mFound 407 installed packages in /opt/ros/humble[0m
[0.255s] [34mcolcon.colcon_core.package_discovery[0m [1;30mLevel 1[0m discover_packages(prefix_path) using defaults
[0.284s] [34mcolcon.colcon_core.verb[0m [1;30mLevel 5[0m set package 'mid360_driver' build argument 'cmake_args' from command line to 'None'
[0.284s] [34mcolcon.colcon_core.verb[0m [1;30mLevel 5[0m set package 'mid360_driver' build argument 'cmake_target' from command line to 'None'
[0.284s] [34mcolcon.colcon_core.verb[0m [1;30mLevel 5[0m set package 'mid360_driver' build argument 'cmake_target_skip_unavailable' from command line to 'False'
[0.284s] [34mcolcon.colcon_core.verb[0m [1;30mLevel 5[0m set package 'mid360_driver' build argument 'cmake_clean_cache' from command line to 'False'
[0.284s] [34mcolcon.colcon_core.verb[0m [1;30mLevel 5[0m set package 'mid360_driver' build argument 'cmake_clean_first' from command line to 'False'
[0.284s] [34mcolcon.colcon_core.verb[0m [1;30mLevel 5[0m set package 'mid360_driver' build argument 'cmake_force_configure' from command line to 'False'
[0.284s] [34mcolcon.colcon_core.verb[0m [1;30mLevel 5[0m set package 'mid360_driver' build argument 'ament_cmake_args' from command line to 'None'
[0.284s] [34mcolcon.colcon_core.verb[0m [1;30mLevel 5[0m set package 'mid360_driver' build argument 'catkin_cmake_args' from command line to 'None'
[0.284s] [34mcolcon.colcon_core.verb[0m [1;30mLevel 5[0m set package 'mid360_driver' build argument 'catkin_skip_building_tests' from command line to 'False'
[0.284s] [34mcolcon.colcon_core.verb[0m [1;30mDEBUG[0m [32mBuilding package 'mid360_driver' with the following arguments: {'ament_cmake_args': None, 'build_base': '/home/potato/RC_2026/build/mid360_driver', 'catkin_cmake_args': None, 'catkin_skip_building_tests': False, 'cmake_args': None, 'cmake_clean_cache': False, 'cmake_clean_first': False, 'cmake_force_configure': False, 'cmake_target': None, 'cmake_target_skip_unavailable': False, 'install_base': '/home/potato/RC_2026/install/mid360_driver', 'merge_install': False, 'path': '/home/potato/RC_2026/RC_2026_1/mid360_driver', 'symlink_install': False, 'test_result_base': None}[0m
[0.284s] [34mcolcon.colcon_core.verb[0m [1;30mLevel 5[0m set package 'point_lio' build argument 'cmake_args' from command line to 'None'
[0.284s] [34mcolcon.colcon_core.verb[0m [1;30mLevel 5[0m set package 'point_lio' build argument 'cmake_target' from command line to 'None'
[0.285s] [34mcolcon.colcon_core.verb[0m [1;30mLevel 5[0m set package 'point_lio' build argument 'cmake_target_skip_unavailable' from command line to 'False'
[0.285s] [34mcolcon.colcon_core.verb[0m [1;30mLevel 5[0m set package 'point_lio' build argument 'cmake_clean_cache' from command line to 'False'
[0.285s] [34mcolcon.colcon_core.verb[0m [1;30mLevel 5[0m set package 'point_lio' build argument 'cmake_clean_first' from command line to 'False'
[0.285s] [34mcolcon.colcon_core.verb[0m [1;30mLevel 5[0m set package 'point_lio' build argument 'cmake_force_configure' from command line to 'False'
[0.285s] [34mcolcon.colcon_core.verb[0m [1;30mLevel 5[0m set package 'point_lio' build argument 'ament_cmake_args' from command line to 'None'
[0.285s] [34mcolcon.colcon_core.verb[0m [1;30mLevel 5[0m set package 'point_lio' build argument 'catkin_cmake_args' from command line to 'None'
[0.285s] [34mcolcon.colcon_core.verb[0m [1;30mLevel 5[0m set package 'point_lio' build argument 'catkin_skip_building_tests' from command line to 'False'
[0.285s] [34mcolcon.colcon_core.verb[0m [1;30mDEBUG[0m [32mBuilding package 'point_lio' with the following arguments: {'ament_cmake_args': None, 'build_base': '/home/potato/RC_2026/build/point_lio', 'catkin_cmake_args': None, 'catkin_skip_building_tests': False, 'cmake_args': None, 'cmake_clean_cache': False, 'cmake_clean_first': False, 'cmake_force_configure': False, 'cmake_target': None, 'cmake_target_skip_unavailable': False, 'install_base': '/home/potato/RC_2026/install/point_lio', 'merge_install': False, 'path': '/home/potato/RC_2026/RC_2026_1/point_lio', 'symlink_install': False, 'test_result_base': None}[0m
[0.285s] [34mcolcon.colcon_core.verb[0m [1;30mLevel 5[0m set package 'rc26_localization' build argument 'cmake_args' from command line to 'None'
[0.285s] [34mcolcon.colcon_core.verb[0m [1;30mLevel 5[0m set package 'rc26_localization' build argument 'cmake_target' from command line to 'None'
[0.285s] [34mcolcon.colcon_core.verb[0m [1;30mLevel 5[0m set package 'rc26_localization' build argument 'cmake_target_skip_unavailable' from command line to 'False'
[0.285s] [34mcolcon.colcon_core.verb[0m [1;30mLevel 5[0m set package 'rc26_localization' build argument 'cmake_clean_cache' from command line to 'False'
[0.285s] [34mcolcon.colcon_core.verb[0m [1;30mLevel 5[0m set package 'rc26_localization' build argument 'cmake_clean_first' from command line to 'False'
[0.285s] [34mcolcon.colcon_core.verb[0m [1;30mLevel 5[0m set package 'rc26_localization' build argument 'cmake_force_configure' from command line to 'False'
[0.285s] [34mcolcon.colcon_core.verb[0m [1;30mLevel 5[0m set package 'rc26_localization' build argument 'ament_cmake_args' from command line to 'None'
[0.285s] [34mcolcon.colcon_core.verb[0m [1;30mLevel 5[0m set package 'rc26_localization' build argument 'catkin_cmake_args' from command line to 'None'
[0.285s] [34mcolcon.colcon_core.verb[0m [1;30mLevel 5[0m set package 'rc26_localization' build argument 'catkin_skip_building_tests' from command line to 'False'
[0.285s] [34mcolcon.colcon_core.verb[0m [1;30mDEBUG[0m [32mBuilding package 'rc26_localization' with the following arguments: {'ament_cmake_args': None, 'build_base': '/home/potato/RC_2026/build/rc26_localization', 'catkin_cmake_args': None, 'catkin_skip_building_tests': False, 'cmake_args': None, 'cmake_clean_cache': False, 'cmake_clean_first': False, 'cmake_force_configure': False, 'cmake_target': None, 'cmake_target_skip_unavailable': False, 'install_base': '/home/potato/RC_2026/install/rc26_localization', 'merge_install': False, 'path': '/home/potato/RC_2026/RC_2026_1/rc26_localization', 'symlink_install': False, 'test_result_base': None}[0m
[0.285s] [34mcolcon.colcon_core.verb[0m [1;30mLevel 5[0m set package 'rc26_odom_interface' build argument 'cmake_args' from command line to 'None'
[0.285s] [34mcolcon.colcon_core.verb[0m [1;30mLevel 5[0m set package 'rc26_odom_interface' build argument 'cmake_target' from command line to 'None'
[0.285s] [34mcolcon.colcon_core.verb[0m [1;30mLevel 5[0m set package 'rc26_odom_interface' build argument 'cmake_target_skip_unavailable' from command line to 'False'
[0.285s] [34mcolcon.colcon_core.verb[0m [1;30mLevel 5[0m set package 'rc26_odom_interface' build argument 'cmake_clean_cache' from command line to 'False'
[0.285s] [34mcolcon.colcon_core.verb[0m [1;30mLevel 5[0m set package 'rc26_odom_interface' build argument 'cmake_clean_first' from command line to 'False'
[0.285s] [34mcolcon.colcon_core.verb[0m [1;30mLevel 5[0m set package 'rc26_odom_interface' build argument 'cmake_force_configure' from command line to 'False'
[0.285s] [34mcolcon.colcon_core.verb[0m [1;30mLevel 5[0m set package 'rc26_odom_interface' build argument 'ament_cmake_args' from command line to 'None'
[0.285s] [34mcolcon.colcon_core.verb[0m [1;30mLevel 5[0m set package 'rc26_odom_interface' build argument 'catkin_cmake_args' from command line to 'None'
[0.285s] [34mcolcon.colcon_core.verb[0m [1;30mLevel 5[0m set package 'rc26_odom_interface' build argument 'catkin_skip_building_tests' from command line to 'False'
[0.285s] [34mcolcon.colcon_core.verb[0m [1;30mDEBUG[0m [32mBuilding package 'rc26_odom_interface' with the following arguments: {'ament_cmake_args': None, 'build_base': '/home/potato/RC_2026/build/rc26_odom_interface', 'catkin_cmake_args': None, 'catkin_skip_building_tests': False, 'cmake_args': None, 'cmake_clean_cache': False, 'cmake_clean_first': False, 'cmake_force_configure': False, 'cmake_target': None, 'cmake_target_skip_unavailable': False, 'install_base': '/home/potato/RC_2026/install/rc26_odom_interface', 'merge_install': False, 'path': '/home/potato/RC_2026/RC_2026_1/rc26_odom_interface', 'symlink_install': False, 'test_result_base': None}[0m
[0.286s] [34mcolcon.colcon_core.verb[0m [1;30mLevel 5[0m set package 'rc26_omni_controller' build argument 'cmake_args' from command line to 'None'
[0.286s] [34mcolcon.colcon_core.verb[0m [1;30mLevel 5[0m set package 'rc26_omni_controller' build argument 'cmake_target' from command line to 'None'
[0.286s] [34mcolcon.colcon_core.verb[0m [1;30mLevel 5[0m set package 'rc26_omni_controller' build argument 'cmake_target_skip_unavailable' from command line to 'False'
[0.286s] [34mcolcon.colcon_core.verb[0m [1;30mLevel 5[0m set package 'rc26_omni_controller' build argument 'cmake_clean_cache' from command line to 'False'
[0.286s] [34mcolcon.colcon_core.verb[0m [1;30mLevel 5[0m set package 'rc26_omni_controller' build argument 'cmake_clean_first' from command line to 'False'
[0.286s] [34mcolcon.colcon_core.verb[0m [1;30mLevel 5[0m set package 'rc26_omni_controller' build argument 'cmake_force_configure' from command line to 'False'
[0.286s] [34mcolcon.colcon_core.verb[0m [1;30mLevel 5[0m set package 'rc26_omni_controller' build argument 'ament_cmake_args' from command line to 'None'
[0.286s] [34mcolcon.colcon_core.verb[0m [1;30mLevel 5[0m set package 'rc26_omni_controller' build argument 'catkin_cmake_args' from command line to 'None'
[0.286s] [34mcolcon.colcon_core.verb[0m [1;30mLevel 5[0m set package 'rc26_omni_controller' build argument 'catkin_skip_building_tests' from command line to 'False'
[0.286s] [34mcolcon.colcon_core.verb[0m [1;30mDEBUG[0m [32mBuilding package 'rc26_omni_controller' with the following arguments: {'ament_cmake_args': None, 'build_base': '/home/potato/RC_2026/build/rc26_omni_controller', 'catkin_cmake_args': None, 'catkin_skip_building_tests': False, 'cmake_args': None, 'cmake_clean_cache': False, 'cmake_clean_first': False, 'cmake_force_configure': False, 'cmake_target': None, 'cmake_target_skip_unavailable': False, 'install_base': '/home/potato/RC_2026/install/rc26_omni_controller', 'merge_install': False, 'path': '/home/potato/RC_2026/RC_2026_1/rc26_omni_controller', 'symlink_install': False, 'test_result_base': None}[0m
[0.286s] [34mcolcon.colcon_core.verb[0m [1;30mLevel 5[0m set package 'rc26_perception' build argument 'cmake_args' from command line to 'None'
[0.286s] [34mcolcon.colcon_core.verb[0m [1;30mLevel 5[0m set package 'rc26_perception' build argument 'cmake_target' from command line to 'None'
[0.286s] [34mcolcon.colcon_core.verb[0m [1;30mLevel 5[0m set package 'rc26_perception' build argument 'cmake_target_skip_unavailable' from command line to 'False'
[0.286s] [34mcolcon.colcon_core.verb[0m [1;30mLevel 5[0m set package 'rc26_perception' build argument 'cmake_clean_cache' from command line to 'False'
[0.286s] [34mcolcon.colcon_core.verb[0m [1;30mLevel 5[0m set package 'rc26_perception' build argument 'cmake_clean_first' from command line to 'False'
[0.286s] [34mcolcon.colcon_core.verb[0m [1;30mLevel 5[0m set package 'rc26_perception' build argument 'cmake_force_configure' from command line to 'False'
[0.286s] [34mcolcon.colcon_core.verb[0m [1;30mLevel 5[0m set package 'rc26_perception' build argument 'ament_cmake_args' from command line to 'None'
[0.286s] [34mcolcon.colcon_core.verb[0m [1;30mLevel 5[0m set package 'rc26_perception' build argument 'catkin_cmake_args' from command line to 'None'
[0.286s] [34mcolcon.colcon_core.verb[0m [1;30mLevel 5[0m set package 'rc26_perception' build argument 'catkin_skip_building_tests' from command line to 'False'
[0.286s] [34mcolcon.colcon_core.verb[0m [1;30mDEBUG[0m [32mBuilding package 'rc26_perception' with the following arguments: {'ament_cmake_args': None, 'build_base': '/home/potato/RC_2026/build/rc26_perception', 'catkin_cmake_args': None, 'catkin_skip_building_tests': False, 'cmake_args': None, 'cmake_clean_cache': False, 'cmake_clean_first': False, 'cmake_force_configure': False, 'cmake_target': None, 'cmake_target_skip_unavailable': False, 'install_base': '/home/potato/RC_2026/install/rc26_perception', 'merge_install': False, 'path': '/home/potato/RC_2026/RC_2026_1/rc26_perception', 'symlink_install': False, 'test_result_base': None}[0m
[0.286s] [34mcolcon.colcon_core.verb[0m [1;30mLevel 5[0m set package 'rc26_sensor_scan' build argument 'cmake_args' from command line to 'None'
[0.286s] [34mcolcon.colcon_core.verb[0m [1;30mLevel 5[0m set package 'rc26_sensor_scan' build argument 'cmake_target' from command line to 'None'
[0.286s] [34mcolcon.colcon_core.verb[0m [1;30mLevel 5[0m set package 'rc26_sensor_scan' build argument 'cmake_target_skip_unavailable' from command line to 'False'
[0.286s] [34mcolcon.colcon_core.verb[0m [1;30mLevel 5[0m set package 'rc26_sensor_scan' build argument 'cmake_clean_cache' from command line to 'False'
[0.286s] [34mcolcon.colcon_core.verb[0m [1;30mLevel 5[0m set package 'rc26_sensor_scan' build argument 'cmake_clean_first' from command line to 'False'
[0.286s] [34mcolcon.colcon_core.verb[0m [1;30mLevel 5[0m set package 'rc26_sensor_scan' build argument 'cmake_force_configure' from command line to 'False'
[0.286s] [34mcolcon.colcon_core.verb[0m [1;30mLevel 5[0m set package 'rc26_sensor_scan' build argument 'ament_cmake_args' from command line to 'None'
[0.286s] [34mcolcon.colcon_core.verb[0m [1;30mLevel 5[0m set package 'rc26_sensor_scan' build argument 'catkin_cmake_args' from command line to 'None'
[0.286s] [34mcolcon.colcon_core.verb[0m [1;30mLevel 5[0m set package 'rc26_sensor_scan' build argument 'catkin_skip_building_tests' from command line to 'False'
[0.287s] [34mcolcon.colcon_core.verb[0m [1;30mDEBUG[0m [32mBuilding package 'rc26_sensor_scan' with the following arguments: {'ament_cmake_args': None, 'build_base': '/home/potato/RC_2026/build/rc26_sensor_scan', 'catkin_cmake_args': None, 'catkin_skip_building_tests': False, 'cmake_args': None, 'cmake_clean_cache': False, 'cmake_clean_first': False, 'cmake_force_configure': False, 'cmake_target': None, 'cmake_target_skip_unavailable': False, 'install_base': '/home/potato/RC_2026/install/rc26_sensor_scan', 'merge_install': False, 'path': '/home/potato/RC_2026/RC_2026_1/rc26_sensor_scan', 'symlink_install': False, 'test_result_base': None}[0m
[0.287s] [34mcolcon.colcon_core.verb[0m [1;30mLevel 5[0m set package 'rc26_serial' build argument 'cmake_args' from command line to 'None'
[0.287s] [34mcolcon.colcon_core.verb[0m [1;30mLevel 5[0m set package 'rc26_serial' build argument 'cmake_target' from command line to 'None'
[0.287s] [34mcolcon.colcon_core.verb[0m [1;30mLevel 5[0m set package 'rc26_serial' build argument 'cmake_target_skip_unavailable' from command line to 'False'
[0.287s] [34mcolcon.colcon_core.verb[0m [1;30mLevel 5[0m set package 'rc26_serial' build argument 'cmake_clean_cache' from command line to 'False'
[0.287s] [34mcolcon.colcon_core.verb[0m [1;30mLevel 5[0m set package 'rc26_serial' build argument 'cmake_clean_first' from command line to 'False'
[0.287s] [34mcolcon.colcon_core.verb[0m [1;30mLevel 5[0m set package 'rc26_serial' build argument 'cmake_force_configure' from command line to 'False'
[0.287s] [34mcolcon.colcon_core.verb[0m [1;30mLevel 5[0m set package 'rc26_serial' build argument 'ament_cmake_args' from command line to 'None'
[0.287s] [34mcolcon.colcon_core.verb[0m [1;30mLevel 5[0m set package 'rc26_serial' build argument 'catkin_cmake_args' from command line to 'None'
[0.287s] [34mcolcon.colcon_core.verb[0m [1;30mLevel 5[0m set package 'rc26_serial' build argument 'catkin_skip_building_tests' from command line to 'False'
[0.287s] [34mcolcon.colcon_core.verb[0m [1;30mDEBUG[0m [32mBuilding package 'rc26_serial' with the following arguments: {'ament_cmake_args': None, 'build_base': '/home/potato/RC_2026/build/rc26_serial', 'catkin_cmake_args': None, 'catkin_skip_building_tests': False, 'cmake_args': None, 'cmake_clean_cache': False, 'cmake_clean_first': False, 'cmake_force_configure': False, 'cmake_target': None, 'cmake_target_skip_unavailable': False, 'install_base': '/home/potato/RC_2026/install/rc26_serial', 'merge_install': False, 'path': '/home/potato/RC_2026/RC_2026_1/rc26_serial', 'symlink_install': False, 'test_result_base': None}[0m
[0.287s] [34mcolcon.colcon_core.verb[0m [1;30mLevel 5[0m set package 'small_gicp' build argument 'cmake_args' from command line to 'None'
[0.287s] [34mcolcon.colcon_core.verb[0m [1;30mLevel 5[0m set package 'small_gicp' build argument 'cmake_target' from command line to 'None'
[0.287s] [34mcolcon.colcon_core.verb[0m [1;30mLevel 5[0m set package 'small_gicp' build argument 'cmake_target_skip_unavailable' from command line to 'False'
[0.287s] [34mcolcon.colcon_core.verb[0m [1;30mLevel 5[0m set package 'small_gicp' build argument 'cmake_clean_cache' from command line to 'False'
[0.287s] [34mcolcon.colcon_core.verb[0m [1;30mLevel 5[0m set package 'small_gicp' build argument 'cmake_clean_first' from command line to 'False'
[0.287s] [34mcolcon.colcon_core.verb[0m [1;30mLevel 5[0m set package 'small_gicp' build argument 'cmake_force_configure' from command line to 'False'
[0.287s] [34mcolcon.colcon_core.verb[0m [1;30mLevel 5[0m set package 'small_gicp' build argument 'ament_cmake_args' from command line to 'None'
[0.287s] [34mcolcon.colcon_core.verb[0m [1;30mLevel 5[0m set package 'small_gicp' build argument 'catkin_cmake_args' from command line to 'None'
[0.287s] [34mcolcon.colcon_core.verb[0m [1;30mLevel 5[0m set package 'small_gicp' build argument 'catkin_skip_building_tests' from command line to 'False'
[0.287s] [34mcolcon.colcon_core.verb[0m [1;30mDEBUG[0m [32mBuilding package 'small_gicp' with the following arguments: {'ament_cmake_args': None, 'build_base': '/home/potato/RC_2026/build/small_gicp', 'catkin_cmake_args': None, 'catkin_skip_building_tests': False, 'cmake_args': None, 'cmake_clean_cache': False, 'cmake_clean_first': False, 'cmake_force_configure': False, 'cmake_target': None, 'cmake_target_skip_unavailable': False, 'install_base': '/home/potato/RC_2026/install/small_gicp', 'merge_install': False, 'path': '/home/potato/RC_2026/RC_2026_1/small_gicp', 'symlink_install': False, 'test_result_base': None}[0m
[0.287s] [34mcolcon.colcon_core.verb[0m [1;30mLevel 5[0m set package 'rc26_decision' build argument 'cmake_args' from command line to 'None'
[0.287s] [34mcolcon.colcon_core.verb[0m [1;30mLevel 5[0m set package 'rc26_decision' build argument 'cmake_target' from command line to 'None'
[0.287s] [34mcolcon.colcon_core.verb[0m [1;30mLevel 5[0m set package 'rc26_decision' build argument 'cmake_target_skip_unavailable' from command line to 'False'
[0.287s] [34mcolcon.colcon_core.verb[0m [1;30mLevel 5[0m set package 'rc26_decision' build argument 'cmake_clean_cache' from command line to 'False'
[0.287s] [34mcolcon.colcon_core.verb[0m [1;30mLevel 5[0m set package 'rc26_decision' build argument 'cmake_clean_first' from command line to 'False'
[0.287s] [34mcolcon.colcon_core.verb[0m [1;30mLevel 5[0m set package 'rc26_decision' build argument 'cmake_force_configure' from command line to 'False'
[0.287s] [34mcolcon.colcon_core.verb[0m [1;30mLevel 5[0m set package 'rc26_decision' build argument 'ament_cmake_args' from command line to 'None'
[0.287s] [34mcolcon.colcon_core.verb[0m [1;30mLevel 5[0m set package 'rc26_decision' build argument 'catkin_cmake_args' from command line to 'None'
[0.287s] [34mcolcon.colcon_core.verb[0m [1;30mLevel 5[0m set package 'rc26_decision' build argument 'catkin_skip_building_tests' from command line to 'False'
[0.287s] [34mcolcon.colcon_core.verb[0m [1;30mDEBUG[0m [32mBuilding package 'rc26_decision' with the following arguments: {'ament_cmake_args': None, 'build_base': '/home/potato/RC_2026/build/rc26_decision', 'catkin_cmake_args': None, 'catkin_skip_building_tests': False, 'cmake_args': None, 'cmake_clean_cache': False, 'cmake_clean_first': False, 'cmake_force_configure': False, 'cmake_target': None, 'cmake_target_skip_unavailable': False, 'install_base': '/home/potato/RC_2026/install/rc26_decision', 'merge_install': False, 'path': '/home/potato/RC_2026/RC_2026_1/rc26_decision', 'symlink_install': False, 'test_result_base': None}[0m
[0.288s] [34mcolcon.colcon_core.verb[0m [1;30mLevel 5[0m set package 'rc26_merge_odom' build argument 'cmake_args' from command line to 'None'
[0.288s] [34mcolcon.colcon_core.verb[0m [1;30mLevel 5[0m set package 'rc26_merge_odom' build argument 'cmake_target' from command line to 'None'
[0.288s] [34mcolcon.colcon_core.verb[0m [1;30mLevel 5[0m set package 'rc26_merge_odom' build argument 'cmake_target_skip_unavailable' from command line to 'False'
[0.288s] [34mcolcon.colcon_core.verb[0m [1;30mLevel 5[0m set package 'rc26_merge_odom' build argument 'cmake_clean_cache' from command line to 'False'
[0.288s] [34mcolcon.colcon_core.verb[0m [1;30mLevel 5[0m set package 'rc26_merge_odom' build argument 'cmake_clean_first' from command line to 'False'
[0.288s] [34mcolcon.colcon_core.verb[0m [1;30mLevel 5[0m set package 'rc26_merge_odom' build argument 'cmake_force_configure' from command line to 'False'
[0.288s] [34mcolcon.colcon_core.verb[0m [1;30mLevel 5[0m set package 'rc26_merge_odom' build argument 'ament_cmake_args' from command line to 'None'
[0.288s] [34mcolcon.colcon_core.verb[0m [1;30mLevel 5[0m set package 'rc26_merge_odom' build argument 'catkin_cmake_args' from command line to 'None'
[0.288s] [34mcolcon.colcon_core.verb[0m [1;30mLevel 5[0m set package 'rc26_merge_odom' build argument 'catkin_skip_building_tests' from command line to 'False'
[0.288s] [34mcolcon.colcon_core.verb[0m [1;30mDEBUG[0m [32mBuilding package 'rc26_merge_odom' with the following arguments: {'ament_cmake_args': None, 'build_base': '/home/potato/RC_2026/build/rc26_merge_odom', 'catkin_cmake_args': None, 'catkin_skip_building_tests': False, 'cmake_args': None, 'cmake_clean_cache': False, 'cmake_clean_first': False, 'cmake_force_configure': False, 'cmake_target': None, 'cmake_target_skip_unavailable': False, 'install_base': '/home/potato/RC_2026/install/rc26_merge_odom', 'merge_install': False, 'path': '/home/potato/RC_2026/RC_2026_1/rc26_merge_odom', 'symlink_install': False, 'test_result_base': None}[0m
[0.288s] [34mcolcon.colcon_core.verb[0m [1;30mLevel 5[0m set package 'rc26_bringup' build argument 'cmake_args' from command line to 'None'
[0.288s] [34mcolcon.colcon_core.verb[0m [1;30mLevel 5[0m set package 'rc26_bringup' build argument 'cmake_target' from command line to 'None'
[0.288s] [34mcolcon.colcon_core.verb[0m [1;30mLevel 5[0m set package 'rc26_bringup' build argument 'cmake_target_skip_unavailable' from command line to 'False'
[0.288s] [34mcolcon.colcon_core.verb[0m [1;30mLevel 5[0m set package 'rc26_bringup' build argument 'cmake_clean_cache' from command line to 'False'
[0.288s] [34mcolcon.colcon_core.verb[0m [1;30mLevel 5[0m set package 'rc26_bringup' build argument 'cmake_clean_first' from command line to 'False'
[0.288s] [34mcolcon.colcon_core.verb[0m [1;30mLevel 5[0m set package 'rc26_bringup' build argument 'cmake_force_configure' from command line to 'False'
[0.288s] [34mcolcon.colcon_core.verb[0m [1;30mLevel 5[0m set package 'rc26_bringup' build argument 'ament_cmake_args' from command line to 'None'
[0.288s] [34mcolcon.colcon_core.verb[0m [1;30mLevel 5[0m set package 'rc26_bringup' build argument 'catkin_cmake_args' from command line to 'None'
[0.288s] [34mcolcon.colcon_core.verb[0m [1;30mLevel 5[0m set package 'rc26_bringup' build argument 'catkin_skip_building_tests' from command line to 'False'
[0.288s] [34mcolcon.colcon_core.verb[0m [1;30mDEBUG[0m [32mBuilding package 'rc26_bringup' with the following arguments: {'ament_cmake_args': None, 'build_base': '/home/potato/RC_2026/build/rc26_bringup', 'catkin_cmake_args': None, 'catkin_skip_building_tests': False, 'cmake_args': None, 'cmake_clean_cache': False, 'cmake_clean_first': False, 'cmake_force_configure': False, 'cmake_target': None, 'cmake_target_skip_unavailable': False, 'install_base': '/home/potato/RC_2026/install/rc26_bringup', 'merge_install': False, 'path': '/home/potato/RC_2026/RC_2026_1/rc26_bringup', 'symlink_install': False, 'test_result_base': None}[0m
[0.288s] [34mcolcon.colcon_core.executor[0m [1;30mINFO[0m Executing jobs using 'parallel' executor
[0.289s] [34mcolcon.colcon_parallel_executor.executor.parallel[0m [1;30mDEBUG[0m [32mrun_until_complete[0m
[0.289s] [34mcolcon.colcon_ros.task.ament_cmake.build[0m [1;30mINFO[0m Building ROS package in '/home/potato/RC_2026/RC_2026_1/rc26_serial' with build type 'ament_cmake'
[0.289s] [34mcolcon.colcon_cmake.task.cmake.build[0m [1;30mINFO[0m Building CMake package in '/home/potato/RC_2026/RC_2026_1/rc26_serial'
[0.291s] [34mcolcon.colcon_core.plugin_system[0m [1;30mINFO[0m Skipping extension 'colcon_core.shell.bat': Not used on non-Windows systems
[0.291s] [34mcolcon.colcon_core.shell[0m [1;30mINFO[0m Skip shell extension 'powershell' for command environment: Not usable outside of PowerShell
[0.291s] [34mcolcon.colcon_core.shell[0m [1;30mDEBUG[0m [32mSkip shell extension 'dsv' for command environment[0m
[0.298s] [34mcolcon.colcon_core.event_handler.log_command[0m [1;30mDEBUG[0m [32mInvoking command in '/home/potato/RC_2026/build/rc26_serial': /usr/bin/cmake --build /home/potato/RC_2026/build/rc26_serial -- -j28 -l28[0m
[0.376s] [34mcolcon.colcon_core.event_handler.log_command[0m [1;30mDEBUG[0m [32mInvoked command in '/home/potato/RC_2026/build/rc26_serial' returned '0': /usr/bin/cmake --build /home/potato/RC_2026/build/rc26_serial -- -j28 -l28[0m
[0.389s] [34mcolcon.colcon_core.event_handler.log_command[0m [1;30mDEBUG[0m [32mInvoking command in '/home/potato/RC_2026/build/rc26_serial': /usr/bin/cmake --install /home/potato/RC_2026/build/rc26_serial[0m
[0.401s] [34mcolcon.colcon_core.environment[0m [1;30mLevel 1[0m create_environment_scripts_only(rc26_serial)
[0.402s] [34mcolcon.colcon_core.event_handler.log_command[0m [1;30mDEBUG[0m [32mInvoked command in '/home/potato/RC_2026/build/rc26_serial' returned '0': /usr/bin/cmake --install /home/potato/RC_2026/build/rc26_serial[0m
[0.406s] [34mcolcon.colcon_core.environment[0m [1;30mLevel 1[0m checking '/home/potato/RC_2026/install/rc26_serial' for CMake module files
[0.407s] [34mcolcon.colcon_core.environment[0m [1;30mLevel 1[0m checking '/home/potato/RC_2026/install/rc26_serial' for CMake config files
[0.407s] [34mcolcon.colcon_core.shell[0m [1;30mLevel 1[0m create_environment_hook('rc26_serial', 'cmake_prefix_path')
[0.408s] [34mcolcon.colcon_core.shell[0m [1;30mINFO[0m Creating environment hook '/home/potato/RC_2026/install/rc26_serial/share/rc26_serial/hook/cmake_prefix_path.ps1'
[0.409s] [34mcolcon.colcon_core.shell[0m [1;30mINFO[0m Creating environment descriptor '/home/potato/RC_2026/install/rc26_serial/share/rc26_serial/hook/cmake_prefix_path.dsv'
[0.410s] [34mcolcon.colcon_core.shell[0m [1;30mINFO[0m Creating environment hook '/home/potato/RC_2026/install/rc26_serial/share/rc26_serial/hook/cmake_prefix_path.sh'
[0.411s] [34mcolcon.colcon_core.environment[0m [1;30mLevel 1[0m checking '/home/potato/RC_2026/install/rc26_serial/lib'
[0.411s] [34mcolcon.colcon_core.shell[0m [1;30mLevel 1[0m create_environment_hook('rc26_serial', 'ld_library_path_lib')
[0.411s] [34mcolcon.colcon_core.shell[0m [1;30mINFO[0m Creating environment hook '/home/potato/RC_2026/install/rc26_serial/share/rc26_serial/hook/ld_library_path_lib.ps1'
[0.412s] [34mcolcon.colcon_core.shell[0m [1;30mINFO[0m Creating environment descriptor '/home/potato/RC_2026/install/rc26_serial/share/rc26_serial/hook/ld_library_path_lib.dsv'
[0.412s] [34mcolcon.colcon_core.shell[0m [1;30mINFO[0m Creating environment hook '/home/potato/RC_2026/install/rc26_serial/share/rc26_serial/hook/ld_library_path_lib.sh'
[0.412s] [34mcolcon.colcon_core.environment[0m [1;30mLevel 1[0m checking '/home/potato/RC_2026/install/rc26_serial/bin'
[0.412s] [34mcolcon.colcon_core.environment[0m [1;30mLevel 1[0m checking '/home/potato/RC_2026/install/rc26_serial/lib/pkgconfig/rc26_serial.pc'
[0.413s] [34mcolcon.colcon_core.environment[0m [1;30mLevel 1[0m checking '/home/potato/RC_2026/install/rc26_serial/lib/python3.10/site-packages'
[0.413s] [34mcolcon.colcon_core.environment[0m [1;30mLevel 1[0m checking '/home/potato/RC_2026/install/rc26_serial/bin'
[0.413s] [34mcolcon.colcon_core.shell[0m [1;30mINFO[0m Creating package script '/home/potato/RC_2026/install/rc26_serial/share/rc26_serial/package.ps1'
[0.414s] [34mcolcon.colcon_core.shell[0m [1;30mINFO[0m Creating package descriptor '/home/potato/RC_2026/install/rc26_serial/share/rc26_serial/package.dsv'
[0.415s] [34mcolcon.colcon_core.shell[0m [1;30mINFO[0m Creating package script '/home/potato/RC_2026/install/rc26_serial/share/rc26_serial/package.sh'
[0.415s] [34mcolcon.colcon_core.shell[0m [1;30mINFO[0m Creating package script '/home/potato/RC_2026/install/rc26_serial/share/rc26_serial/package.bash'
[0.416s] [34mcolcon.colcon_core.shell[0m [1;30mINFO[0m Creating package script '/home/potato/RC_2026/install/rc26_serial/share/rc26_serial/package.zsh'
[0.416s] [34mcolcon.colcon_core.environment[0m [1;30mLevel 1[0m create_file_with_runtime_dependencies(/home/potato/RC_2026/install/rc26_serial/share/colcon-core/packages/rc26_serial)
[0.416s] [34mcolcon.colcon_core.environment[0m [1;30mLevel 1[0m create_environment_scripts_only(rc26_serial)
[0.416s] [34mcolcon.colcon_core.environment[0m [1;30mLevel 1[0m checking '/home/potato/RC_2026/install/rc26_serial' for CMake module files
[0.417s] [34mcolcon.colcon_core.environment[0m [1;30mLevel 1[0m checking '/home/potato/RC_2026/install/rc26_serial' for CMake config files
[0.417s] [34mcolcon.colcon_core.shell[0m [1;30mLevel 1[0m create_environment_hook('rc26_serial', 'cmake_prefix_path')
[0.417s] [34mcolcon.colcon_core.shell[0m [1;30mINFO[0m Creating environment hook '/home/potato/RC_2026/install/rc26_serial/share/rc26_serial/hook/cmake_prefix_path.ps1'
[0.417s] [34mcolcon.colcon_core.shell[0m [1;30mINFO[0m Creating environment descriptor '/home/potato/RC_2026/install/rc26_serial/share/rc26_serial/hook/cmake_prefix_path.dsv'
[0.417s] [34mcolcon.colcon_core.shell[0m [1;30mINFO[0m Creating environment hook '/home/potato/RC_2026/install/rc26_serial/share/rc26_serial/hook/cmake_prefix_path.sh'
[0.418s] [34mcolcon.colcon_core.environment[0m [1;30mLevel 1[0m checking '/home/potato/RC_2026/install/rc26_serial/lib'
[0.418s] [34mcolcon.colcon_core.shell[0m [1;30mLevel 1[0m create_environment_hook('rc26_serial', 'ld_library_path_lib')
[0.418s] [34mcolcon.colcon_core.shell[0m [1;30mINFO[0m Creating environment hook '/home/potato/RC_2026/install/rc26_serial/share/rc26_serial/hook/ld_library_path_lib.ps1'
[0.418s] [34mcolcon.colcon_core.shell[0m [1;30mINFO[0m Creating environment descriptor '/home/potato/RC_2026/install/rc26_serial/share/rc26_serial/hook/ld_library_path_lib.dsv'
[0.418s] [34mcolcon.colcon_core.shell[0m [1;30mINFO[0m Creating environment hook '/home/potato/RC_2026/install/rc26_serial/share/rc26_serial/hook/ld_library_path_lib.sh'
[0.418s] [34mcolcon.colcon_core.environment[0m [1;30mLevel 1[0m checking '/home/potato/RC_2026/install/rc26_serial/bin'
[0.418s] [34mcolcon.colcon_core.environment[0m [1;30mLevel 1[0m checking '/home/potato/RC_2026/install/rc26_serial/lib/pkgconfig/rc26_serial.pc'
[0.418s] [34mcolcon.colcon_core.environment[0m [1;30mLevel 1[0m checking '/home/potato/RC_2026/install/rc26_serial/lib/python3.10/site-packages'
[0.419s] [34mcolcon.colcon_core.environment[0m [1;30mLevel 1[0m checking '/home/potato/RC_2026/install/rc26_serial/bin'
[0.419s] [34mcolcon.colcon_core.shell[0m [1;30mINFO[0m Creating package script '/home/potato/RC_2026/install/rc26_serial/share/rc26_serial/package.ps1'
[0.419s] [34mcolcon.colcon_core.shell[0m [1;30mINFO[0m Creating package descriptor '/home/potato/RC_2026/install/rc26_serial/share/rc26_serial/package.dsv'
[0.419s] [34mcolcon.colcon_core.shell[0m [1;30mINFO[0m Creating package script '/home/potato/RC_2026/install/rc26_serial/share/rc26_serial/package.sh'
[0.420s] [34mcolcon.colcon_core.shell[0m [1;30mINFO[0m Creating package script '/home/potato/RC_2026/install/rc26_serial/share/rc26_serial/package.bash'
[0.420s] [34mcolcon.colcon_core.shell[0m [1;30mINFO[0m Creating package script '/home/potato/RC_2026/install/rc26_serial/share/rc26_serial/package.zsh'
[0.420s] [34mcolcon.colcon_core.environment[0m [1;30mLevel 1[0m create_file_with_runtime_dependencies(/home/potato/RC_2026/install/rc26_serial/share/colcon-core/packages/rc26_serial)
[0.420s] [34mcolcon.colcon_ros.task.ament_cmake.build[0m [1;30mINFO[0m Building ROS package in '/home/potato/RC_2026/RC_2026_1/mid360_driver' with build type 'ament_cmake'
[0.420s] [34mcolcon.colcon_cmake.task.cmake.build[0m [1;30mINFO[0m Building CMake package in '/home/potato/RC_2026/RC_2026_1/mid360_driver'
[0.420s] [34mcolcon.colcon_core.shell[0m [1;30mINFO[0m Skip shell extension 'powershell' for command environment: Not usable outside of PowerShell
[0.420s] [34mcolcon.colcon_core.shell[0m [1;30mDEBUG[0m [32mSkip shell extension 'dsv' for command environment[0m
[0.427s] [34mcolcon.colcon_core.event_handler.log_command[0m [1;30mDEBUG[0m [32mInvoking command in '/home/potato/RC_2026/build/mid360_driver': /usr/bin/cmake --build /home/potato/RC_2026/build/mid360_driver -- -j28 -l28[0m
[0.519s] [34mcolcon.colcon_core.event_handler.log_command[0m [1;30mDEBUG[0m [32mInvoked command in '/home/potato/RC_2026/build/mid360_driver' returned '0': /usr/bin/cmake --build /home/potato/RC_2026/build/mid360_driver -- -j28 -l28[0m
[0.522s] [34mcolcon.colcon_core.event_handler.log_command[0m [1;30mDEBUG[0m [32mInvoking command in '/home/potato/RC_2026/build/mid360_driver': /usr/bin/cmake --install /home/potato/RC_2026/build/mid360_driver[0m
[0.534s] [34mcolcon.colcon_core.environment[0m [1;30mLevel 1[0m create_environment_scripts_only(mid360_driver)
[0.534s] [34mcolcon.colcon_core.event_handler.log_command[0m [1;30mDEBUG[0m [32mInvoked command in '/home/potato/RC_2026/build/mid360_driver' returned '0': /usr/bin/cmake --install /home/potato/RC_2026/build/mid360_driver[0m
[0.535s] [34mcolcon.colcon_core.environment[0m [1;30mLevel 1[0m checking '/home/potato/RC_2026/install/mid360_driver' for CMake module files
[0.536s] [34mcolcon.colcon_core.environment[0m [1;30mLevel 1[0m checking '/home/potato/RC_2026/install/mid360_driver' for CMake config files
[0.536s] [34mcolcon.colcon_core.shell[0m [1;30mLevel 1[0m create_environment_hook('mid360_driver', 'cmake_prefix_path')
[0.537s] [34mcolcon.colcon_core.shell[0m [1;30mINFO[0m Creating environment hook '/home/potato/RC_2026/install/mid360_driver/share/mid360_driver/hook/cmake_prefix_path.ps1'
[0.537s] [34mcolcon.colcon_core.shell[0m [1;30mINFO[0m Creating environment descriptor '/home/potato/RC_2026/install/mid360_driver/share/mid360_driver/hook/cmake_prefix_path.dsv'
[0.537s] [34mcolcon.colcon_core.shell[0m [1;30mINFO[0m Creating environment hook '/home/potato/RC_2026/install/mid360_driver/share/mid360_driver/hook/cmake_prefix_path.sh'
[0.538s] [34mcolcon.colcon_core.environment[0m [1;30mLevel 1[0m checking '/home/potato/RC_2026/install/mid360_driver/lib'
[0.538s] [34mcolcon.colcon_core.shell[0m [1;30mLevel 1[0m create_environment_hook('mid360_driver', 'ld_library_path_lib')
[0.538s] [34mcolcon.colcon_core.shell[0m [1;30mINFO[0m Creating environment hook '/home/potato/RC_2026/install/mid360_driver/share/mid360_driver/hook/ld_library_path_lib.ps1'
[0.539s] [34mcolcon.colcon_core.shell[0m [1;30mINFO[0m Creating environment descriptor '/home/potato/RC_2026/install/mid360_driver/share/mid360_driver/hook/ld_library_path_lib.dsv'
[0.539s] [34mcolcon.colcon_core.shell[0m [1;30mINFO[0m Creating environment hook '/home/potato/RC_2026/install/mid360_driver/share/mid360_driver/hook/ld_library_path_lib.sh'
[0.540s] [34mcolcon.colcon_core.environment[0m [1;30mLevel 1[0m checking '/home/potato/RC_2026/install/mid360_driver/bin'
[0.540s] [34mcolcon.colcon_core.environment[0m [1;30mLevel 1[0m checking '/home/potato/RC_2026/install/mid360_driver/lib/pkgconfig/mid360_driver.pc'
[0.540s] [34mcolcon.colcon_core.environment[0m [1;30mLevel 1[0m checking '/home/potato/RC_2026/install/mid360_driver/lib/python3.10/site-packages'
[0.540s] [34mcolcon.colcon_core.environment[0m [1;30mLevel 1[0m checking '/home/potato/RC_2026/install/mid360_driver/bin'
[0.541s] [34mcolcon.colcon_core.shell[0m [1;30mINFO[0m Creating package script '/home/potato/RC_2026/install/mid360_driver/share/mid360_driver/package.ps1'
[0.541s] [34mcolcon.colcon_core.shell[0m [1;30mINFO[0m Creating package descriptor '/home/potato/RC_2026/install/mid360_driver/share/mid360_driver/package.dsv'
[0.542s] [34mcolcon.colcon_core.shell[0m [1;30mINFO[0m Creating package script '/home/potato/RC_2026/install/mid360_driver/share/mid360_driver/package.sh'
[0.542s] [34mcolcon.colcon_core.shell[0m [1;30mINFO[0m Creating package script '/home/potato/RC_2026/install/mid360_driver/share/mid360_driver/package.bash'
[0.542s] [34mcolcon.colcon_core.shell[0m [1;30mINFO[0m Creating package script '/home/potato/RC_2026/install/mid360_driver/share/mid360_driver/package.zsh'
[0.542s] [34mcolcon.colcon_core.environment[0m [1;30mLevel 1[0m create_file_with_runtime_dependencies(/home/potato/RC_2026/install/mid360_driver/share/colcon-core/packages/mid360_driver)
[0.543s] [34mcolcon.colcon_core.environment[0m [1;30mLevel 1[0m create_environment_scripts_only(mid360_driver)
[0.543s] [34mcolcon.colcon_core.environment[0m [1;30mLevel 1[0m checking '/home/potato/RC_2026/install/mid360_driver' for CMake module files
[0.543s] [34mcolcon.colcon_core.environment[0m [1;30mLevel 1[0m checking '/home/potato/RC_2026/install/mid360_driver' for CMake config files
[0.544s] [34mcolcon.colcon_core.shell[0m [1;30mLevel 1[0m create_environment_hook('mid360_driver', 'cmake_prefix_path')
[0.544s] [34mcolcon.colcon_core.shell[0m [1;30mINFO[0m Creating environment hook '/home/potato/RC_2026/install/mid360_driver/share/mid360_driver/hook/cmake_prefix_path.ps1'
[0.544s] [34mcolcon.colcon_core.shell[0m [1;30mINFO[0m Creating environment descriptor '/home/potato/RC_2026/install/mid360_driver/share/mid360_driver/hook/cmake_prefix_path.dsv'
[0.544s] [34mcolcon.colcon_core.shell[0m [1;30mINFO[0m Creating environment hook '/home/potato/RC_2026/install/mid360_driver/share/mid360_driver/hook/cmake_prefix_path.sh'
[0.545s] [34mcolcon.colcon_core.environment[0m [1;30mLevel 1[0m checking '/home/potato/RC_2026/install/mid360_driver/lib'
[0.545s] [34mcolcon.colcon_core.shell[0m [1;30mLevel 1[0m create_environment_hook('mid360_driver', 'ld_library_path_lib')
[0.545s] [34mcolcon.colcon_core.shell[0m [1;30mINFO[0m Creating environment hook '/home/potato/RC_2026/install/mid360_driver/share/mid360_driver/hook/ld_library_path_lib.ps1'
[0.545s] [34mcolcon.colcon_core.shell[0m [1;30mINFO[0m Creating environment descriptor '/home/potato/RC_2026/install/mid360_driver/share/mid360_driver/hook/ld_library_path_lib.dsv'
[0.545s] [34mcolcon.colcon_core.shell[0m [1;30mINFO[0m Creating environment hook '/home/potato/RC_2026/install/mid360_driver/share/mid360_driver/hook/ld_library_path_lib.sh'
[0.545s] [34mcolcon.colcon_core.environment[0m [1;30mLevel 1[0m checking '/home/potato/RC_2026/install/mid360_driver/bin'
[0.545s] [34mcolcon.colcon_core.environment[0m [1;30mLevel 1[0m checking '/home/potato/RC_2026/install/mid360_driver/lib/pkgconfig/mid360_driver.pc'
[0.546s] [34mcolcon.colcon_core.environment[0m [1;30mLevel 1[0m checking '/home/potato/RC_2026/install/mid360_driver/lib/python3.10/site-packages'
[0.546s] [34mcolcon.colcon_core.environment[0m [1;30mLevel 1[0m checking '/home/potato/RC_2026/install/mid360_driver/bin'
[0.546s] [34mcolcon.colcon_core.shell[0m [1;30mINFO[0m Creating package script '/home/potato/RC_2026/install/mid360_driver/share/mid360_driver/package.ps1'
[0.546s] [34mcolcon.colcon_core.shell[0m [1;30mINFO[0m Creating package descriptor '/home/potato/RC_2026/install/mid360_driver/share/mid360_driver/package.dsv'
[0.547s] [34mcolcon.colcon_core.shell[0m [1;30mINFO[0m Creating package script '/home/potato/RC_2026/install/mid360_driver/share/mid360_driver/package.sh'
[0.547s] [34mcolcon.colcon_core.shell[0m [1;30mINFO[0m Creating package script '/home/potato/RC_2026/install/mid360_driver/share/mid360_driver/package.bash'
[0.547s] [34mcolcon.colcon_core.shell[0m [1;30mINFO[0m Creating package script '/home/potato/RC_2026/install/mid360_driver/share/mid360_driver/package.zsh'
[0.547s] [34mcolcon.colcon_core.environment[0m [1;30mLevel 1[0m create_file_with_runtime_dependencies(/home/potato/RC_2026/install/mid360_driver/share/colcon-core/packages/mid360_driver)
[0.547s] [34mcolcon.colcon_ros.task.ament_cmake.build[0m [1;30mINFO[0m Building ROS package in '/home/potato/RC_2026/RC_2026_1/point_lio' with build type 'ament_cmake'
[0.548s] [34mcolcon.colcon_cmake.task.cmake.build[0m [1;30mINFO[0m Building CMake package in '/home/potato/RC_2026/RC_2026_1/point_lio'
[0.548s] [34mcolcon.colcon_core.shell[0m [1;30mINFO[0m Skip shell extension 'powershell' for command environment: Not usable outside of PowerShell
[0.548s] [34mcolcon.colcon_core.shell[0m [1;30mDEBUG[0m [32mSkip shell extension 'dsv' for command environment[0m
[0.554s] [34mcolcon.colcon_core.event_handler.log_command[0m [1;30mDEBUG[0m [32mInvoking command in '/home/potato/RC_2026/build/point_lio': /usr/bin/cmake --build /home/potato/RC_2026/build/point_lio -- -j28 -l28[0m
[0.662s] [34mcolcon.colcon_core.event_handler.log_command[0m [1;30mDEBUG[0m [32mInvoked command in '/home/potato/RC_2026/build/point_lio' returned '0': /usr/bin/cmake --build /home/potato/RC_2026/build/point_lio -- -j28 -l28[0m
[0.664s] [34mcolcon.colcon_core.event_handler.log_command[0m [1;30mDEBUG[0m [32mInvoking command in '/home/potato/RC_2026/build/point_lio': /usr/bin/cmake --install /home/potato/RC_2026/build/point_lio[0m
[0.675s] [34mcolcon.colcon_core.environment[0m [1;30mLevel 1[0m create_environment_scripts_only(point_lio)
[0.676s] [34mcolcon.colcon_core.environment[0m [1;30mLevel 1[0m checking '/home/potato/RC_2026/install/point_lio' for CMake module files
[0.676s] [34mcolcon.colcon_core.event_handler.log_command[0m [1;30mDEBUG[0m [32mInvoked command in '/home/potato/RC_2026/build/point_lio' returned '0': /usr/bin/cmake --install /home/potato/RC_2026/build/point_lio[0m
[0.677s] [34mcolcon.colcon_core.environment[0m [1;30mLevel 1[0m checking '/home/potato/RC_2026/install/point_lio' for CMake config files
[0.677s] [34mcolcon.colcon_core.shell[0m [1;30mLevel 1[0m create_environment_hook('point_lio', 'cmake_prefix_path')
[0.678s] [34mcolcon.colcon_core.shell[0m [1;30mINFO[0m Creating environment hook '/home/potato/RC_2026/install/point_lio/share/point_lio/hook/cmake_prefix_path.ps1'
[0.678s] [34mcolcon.colcon_core.shell[0m [1;30mINFO[0m Creating environment descriptor '/home/potato/RC_2026/install/point_lio/share/point_lio/hook/cmake_prefix_path.dsv'
[0.679s] [34mcolcon.colcon_core.shell[0m [1;30mINFO[0m Creating environment hook '/home/potato/RC_2026/install/point_lio/share/point_lio/hook/cmake_prefix_path.sh'
[0.679s] [34mcolcon.colcon_core.environment[0m [1;30mLevel 1[0m checking '/home/potato/RC_2026/install/point_lio/lib'
[0.679s] [34mcolcon.colcon_core.environment[0m [1;30mLevel 1[0m checking '/home/potato/RC_2026/install/point_lio/bin'
[0.679s] [34mcolcon.colcon_core.environment[0m [1;30mLevel 1[0m checking '/home/potato/RC_2026/install/point_lio/lib/pkgconfig/point_lio.pc'
[0.680s] [34mcolcon.colcon_core.environment[0m [1;30mLevel 1[0m checking '/home/potato/RC_2026/install/point_lio/lib/python3.10/site-packages'
[0.680s] [34mcolcon.colcon_core.environment[0m [1;30mLevel 1[0m checking '/home/potato/RC_2026/install/point_lio/bin'
[0.681s] [34mcolcon.colcon_core.shell[0m [1;30mINFO[0m Creating package script '/home/potato/RC_2026/install/point_lio/share/point_lio/package.ps1'
[0.681s] [34mcolcon.colcon_core.shell[0m [1;30mINFO[0m Creating package descriptor '/home/potato/RC_2026/install/point_lio/share/point_lio/package.dsv'
[0.682s] [34mcolcon.colcon_core.shell[0m [1;30mINFO[0m Creating package script '/home/potato/RC_2026/install/point_lio/share/point_lio/package.sh'
[0.682s] [34mcolcon.colcon_core.shell[0m [1;30mINFO[0m Creating package script '/home/potato/RC_2026/install/point_lio/share/point_lio/package.bash'
[0.682s] [34mcolcon.colcon_core.shell[0m [1;30mINFO[0m Creating package script '/home/potato/RC_2026/install/point_lio/share/point_lio/package.zsh'
[0.683s] [34mcolcon.colcon_core.environment[0m [1;30mLevel 1[0m create_file_with_runtime_dependencies(/home/potato/RC_2026/install/point_lio/share/colcon-core/packages/point_lio)
[0.683s] [34mcolcon.colcon_core.environment[0m [1;30mLevel 1[0m create_environment_scripts_only(point_lio)
[0.683s] [34mcolcon.colcon_core.environment[0m [1;30mLevel 1[0m checking '/home/potato/RC_2026/install/point_lio' for CMake module files
[0.684s] [34mcolcon.colcon_core.environment[0m [1;30mLevel 1[0m checking '/home/potato/RC_2026/install/point_lio' for CMake config files
[0.684s] [34mcolcon.colcon_core.shell[0m [1;30mLevel 1[0m create_environment_hook('point_lio', 'cmake_prefix_path')
[0.685s] [34mcolcon.colcon_core.shell[0m [1;30mINFO[0m Creating environment hook '/home/potato/RC_2026/install/point_lio/share/point_lio/hook/cmake_prefix_path.ps1'
[0.685s] [34mcolcon.colcon_core.shell[0m [1;30mINFO[0m Creating environment descriptor '/home/potato/RC_2026/install/point_lio/share/point_lio/hook/cmake_prefix_path.dsv'
[0.686s] [34mcolcon.colcon_core.shell[0m [1;30mINFO[0m Creating environment hook '/home/potato/RC_2026/install/point_lio/share/point_lio/hook/cmake_prefix_path.sh'
[0.687s] [34mcolcon.colcon_core.environment[0m [1;30mLevel 1[0m checking '/home/potato/RC_2026/install/point_lio/lib'
[0.687s] [34mcolcon.colcon_core.environment[0m [1;30mLevel 1[0m checking '/home/potato/RC_2026/install/point_lio/bin'
[0.687s] [34mcolcon.colcon_core.environment[0m [1;30mLevel 1[0m checking '/home/potato/RC_2026/install/point_lio/lib/pkgconfig/point_lio.pc'
[0.688s] [34mcolcon.colcon_core.environment[0m [1;30mLevel 1[0m checking '/home/potato/RC_2026/install/point_lio/lib/python3.10/site-packages'
[0.688s] [34mcolcon.colcon_core.environment[0m [1;30mLevel 1[0m checking '/home/potato/RC_2026/install/point_lio/bin'
[0.688s] [34mcolcon.colcon_core.shell[0m [1;30mINFO[0m Creating package script '/home/potato/RC_2026/install/point_lio/share/point_lio/package.ps1'
[0.689s] [34mcolcon.colcon_core.shell[0m [1;30mINFO[0m Creating package descriptor '/home/potato/RC_2026/install/point_lio/share/point_lio/package.dsv'
[0.689s] [34mcolcon.colcon_core.shell[0m [1;30mINFO[0m Creating package script '/home/potato/RC_2026/install/point_lio/share/point_lio/package.sh'
[0.690s] [34mcolcon.colcon_core.shell[0m [1;30mINFO[0m Creating package script '/home/potato/RC_2026/install/point_lio/share/point_lio/package.bash'
[0.691s] [34mcolcon.colcon_core.shell[0m [1;30mINFO[0m Creating package script '/home/potato/RC_2026/install/point_lio/share/point_lio/package.zsh'
[0.691s] [34mcolcon.colcon_core.environment[0m [1;30mLevel 1[0m create_file_with_runtime_dependencies(/home/potato/RC_2026/install/point_lio/share/colcon-core/packages/point_lio)
[0.692s] [34mcolcon.colcon_ros.task.ament_cmake.build[0m [1;30mINFO[0m Building ROS package in '/home/potato/RC_2026/RC_2026_1/rc26_localization' with build type 'ament_cmake'
[0.692s] [34mcolcon.colcon_cmake.task.cmake.build[0m [1;30mINFO[0m Building CMake package in '/home/potato/RC_2026/RC_2026_1/rc26_localization'
[0.692s] [34mcolcon.colcon_core.shell[0m [1;30mINFO[0m Skip shell extension 'powershell' for command environment: Not usable outside of PowerShell
[0.692s] [34mcolcon.colcon_core.shell[0m [1;30mDEBUG[0m [32mSkip shell extension 'dsv' for command environment[0m
[0.705s] [34mcolcon.colcon_core.event_handler.log_command[0m [1;30mDEBUG[0m [32mInvoking command in '/home/potato/RC_2026/build/rc26_localization': /usr/bin/cmake --build /home/potato/RC_2026/build/rc26_localization -- -j28 -l28[0m
[0.798s] [34mcolcon.colcon_core.event_handler.log_command[0m [1;30mDEBUG[0m [32mInvoked command in '/home/potato/RC_2026/build/rc26_localization' returned '0': /usr/bin/cmake --build /home/potato/RC_2026/build/rc26_localization -- -j28 -l28[0m
[0.800s] [34mcolcon.colcon_core.event_handler.log_command[0m [1;30mDEBUG[0m [32mInvoking command in '/home/potato/RC_2026/build/rc26_localization': /usr/bin/cmake --install /home/potato/RC_2026/build/rc26_localization[0m
[0.810s] [34mcolcon.colcon_core.environment[0m [1;30mLevel 1[0m create_environment_scripts_only(rc26_localization)
[0.811s] [34mcolcon.colcon_core.environment[0m [1;30mLevel 1[0m checking '/home/potato/RC_2026/install/rc26_localization' for CMake module files
[0.811s] [34mcolcon.colcon_core.event_handler.log_command[0m [1;30mDEBUG[0m [32mInvoked command in '/home/potato/RC_2026/build/rc26_localization' returned '0': /usr/bin/cmake --install /home/potato/RC_2026/build/rc26_localization[0m
[0.811s] [34mcolcon.colcon_core.environment[0m [1;30mLevel 1[0m checking '/home/potato/RC_2026/install/rc26_localization' for CMake config files
[0.812s] [34mcolcon.colcon_core.shell[0m [1;30mLevel 1[0m create_environment_hook('rc26_localization', 'cmake_prefix_path')
[0.812s] [34mcolcon.colcon_core.shell[0m [1;30mINFO[0m Creating environment hook '/home/potato/RC_2026/install/rc26_localization/share/rc26_localization/hook/cmake_prefix_path.ps1'
[0.812s] [34mcolcon.colcon_core.shell[0m [1;30mINFO[0m Creating environment descriptor '/home/potato/RC_2026/install/rc26_localization/share/rc26_localization/hook/cmake_prefix_path.dsv'
[0.813s] [34mcolcon.colcon_core.shell[0m [1;30mINFO[0m Creating environment hook '/home/potato/RC_2026/install/rc26_localization/share/rc26_localization/hook/cmake_prefix_path.sh'
[0.813s] [34mcolcon.colcon_core.environment[0m [1;30mLevel 1[0m checking '/home/potato/RC_2026/install/rc26_localization/lib'
[0.813s] [34mcolcon.colcon_core.shell[0m [1;30mLevel 1[0m create_environment_hook('rc26_localization', 'ld_library_path_lib')
[0.813s] [34mcolcon.colcon_core.shell[0m [1;30mINFO[0m Creating environment hook '/home/potato/RC_2026/install/rc26_localization/share/rc26_localization/hook/ld_library_path_lib.ps1'
[0.814s] [34mcolcon.colcon_core.shell[0m [1;30mINFO[0m Creating environment descriptor '/home/potato/RC_2026/install/rc26_localization/share/rc26_localization/hook/ld_library_path_lib.dsv'
[0.814s] [34mcolcon.colcon_core.shell[0m [1;30mINFO[0m Creating environment hook '/home/potato/RC_2026/install/rc26_localization/share/rc26_localization/hook/ld_library_path_lib.sh'
[0.814s] [34mcolcon.colcon_core.environment[0m [1;30mLevel 1[0m checking '/home/potato/RC_2026/install/rc26_localization/bin'
[0.814s] [34mcolcon.colcon_core.environment[0m [1;30mLevel 1[0m checking '/home/potato/RC_2026/install/rc26_localization/lib/pkgconfig/rc26_localization.pc'
[0.815s] [34mcolcon.colcon_core.environment[0m [1;30mLevel 1[0m checking '/home/potato/RC_2026/install/rc26_localization/lib/python3.10/site-packages'
[0.815s] [34mcolcon.colcon_core.environment[0m [1;30mLevel 1[0m checking '/home/potato/RC_2026/install/rc26_localization/bin'
[0.815s] [34mcolcon.colcon_core.shell[0m [1;30mINFO[0m Creating package script '/home/potato/RC_2026/install/rc26_localization/share/rc26_localization/package.ps1'
[0.816s] [34mcolcon.colcon_core.shell[0m [1;30mINFO[0m Creating package descriptor '/home/potato/RC_2026/install/rc26_localization/share/rc26_localization/package.dsv'
[0.816s] [34mcolcon.colcon_core.shell[0m [1;30mINFO[0m Creating package script '/home/potato/RC_2026/install/rc26_localization/share/rc26_localization/package.sh'
[0.816s] [34mcolcon.colcon_core.shell[0m [1;30mINFO[0m Creating package script '/home/potato/RC_2026/install/rc26_localization/share/rc26_localization/package.bash'
[0.816s] [34mcolcon.colcon_core.shell[0m [1;30mINFO[0m Creating package script '/home/potato/RC_2026/install/rc26_localization/share/rc26_localization/package.zsh'
[0.816s] [34mcolcon.colcon_core.environment[0m [1;30mLevel 1[0m create_file_with_runtime_dependencies(/home/potato/RC_2026/install/rc26_localization/share/colcon-core/packages/rc26_localization)
[0.817s] [34mcolcon.colcon_core.environment[0m [1;30mLevel 1[0m create_environment_scripts_only(rc26_localization)
[0.817s] [34mcolcon.colcon_core.environment[0m [1;30mLevel 1[0m checking '/home/potato/RC_2026/install/rc26_localization' for CMake module files
[0.818s] [34mcolcon.colcon_core.environment[0m [1;30mLevel 1[0m checking '/home/potato/RC_2026/install/rc26_localization' for CMake config files
[0.818s] [34mcolcon.colcon_core.shell[0m [1;30mLevel 1[0m create_environment_hook('rc26_localization', 'cmake_prefix_path')
[0.818s] [34mcolcon.colcon_core.shell[0m [1;30mINFO[0m Creating environment hook '/home/potato/RC_2026/install/rc26_localization/share/rc26_localization/hook/cmake_prefix_path.ps1'
[0.818s] [34mcolcon.colcon_core.shell[0m [1;30mINFO[0m Creating environment descriptor '/home/potato/RC_2026/install/rc26_localization/share/rc26_localization/hook/cmake_prefix_path.dsv'
[0.819s] [34mcolcon.colcon_core.shell[0m [1;30mINFO[0m Creating environment hook '/home/potato/RC_2026/install/rc26_localization/share/rc26_localization/hook/cmake_prefix_path.sh'
[0.819s] [34mcolcon.colcon_core.environment[0m [1;30mLevel 1[0m checking '/home/potato/RC_2026/install/rc26_localization/lib'
[0.819s] [34mcolcon.colcon_core.shell[0m [1;30mLevel 1[0m create_environment_hook('rc26_localization', 'ld_library_path_lib')
[0.820s] [34mcolcon.colcon_core.shell[0m [1;30mINFO[0m Creating environment hook '/home/potato/RC_2026/install/rc26_localization/share/rc26_localization/hook/ld_library_path_lib.ps1'
[0.820s] [34mcolcon.colcon_core.shell[0m [1;30mINFO[0m Creating environment descriptor '/home/potato/RC_2026/install/rc26_localization/share/rc26_localization/hook/ld_library_path_lib.dsv'
[0.820s] [34mcolcon.colcon_core.shell[0m [1;30mINFO[0m Creating environment hook '/home/potato/RC_2026/install/rc26_localization/share/rc26_localization/hook/ld_library_path_lib.sh'
[0.821s] [34mcolcon.colcon_core.environment[0m [1;30mLevel 1[0m checking '/home/potato/RC_2026/install/rc26_localization/bin'
[0.821s] [34mcolcon.colcon_core.environment[0m [1;30mLevel 1[0m checking '/home/potato/RC_2026/install/rc26_localization/lib/pkgconfig/rc26_localization.pc'
[0.821s] [34mcolcon.colcon_core.environment[0m [1;30mLevel 1[0m checking '/home/potato/RC_2026/install/rc26_localization/lib/python3.10/site-packages'
[0.821s] [34mcolcon.colcon_core.environment[0m [1;30mLevel 1[0m checking '/home/potato/RC_2026/install/rc26_localization/bin'
[0.821s] [34mcolcon.colcon_core.shell[0m [1;30mINFO[0m Creating package script '/home/potato/RC_2026/install/rc26_localization/share/rc26_localization/package.ps1'
[0.822s] [34mcolcon.colcon_core.shell[0m [1;30mINFO[0m Creating package descriptor '/home/potato/RC_2026/install/rc26_localization/share/rc26_localization/package.dsv'
[0.823s] [34mcolcon.colcon_core.shell[0m [1;30mINFO[0m Creating package script '/home/potato/RC_2026/install/rc26_localization/share/rc26_localization/package.sh'
[0.823s] [34mcolcon.colcon_core.shell[0m [1;30mINFO[0m Creating package script '/home/potato/RC_2026/install/rc26_localization/share/rc26_localization/package.bash'
[0.823s] [34mcolcon.colcon_core.shell[0m [1;30mINFO[0m Creating package script '/home/potato/RC_2026/install/rc26_localization/share/rc26_localization/package.zsh'
[0.824s] [34mcolcon.colcon_core.environment[0m [1;30mLevel 1[0m create_file_with_runtime_dependencies(/home/potato/RC_2026/install/rc26_localization/share/colcon-core/packages/rc26_localization)
[0.824s] [34mcolcon.colcon_ros.task.ament_cmake.build[0m [1;30mINFO[0m Building ROS package in '/home/potato/RC_2026/RC_2026_1/rc26_odom_interface' with build type 'ament_cmake'
[0.824s] [34mcolcon.colcon_cmake.task.cmake.build[0m [1;30mINFO[0m Building CMake package in '/home/potato/RC_2026/RC_2026_1/rc26_odom_interface'
[0.824s] [34mcolcon.colcon_core.shell[0m [1;30mINFO[0m Skip shell extension 'powershell' for command environment: Not usable outside of PowerShell
[0.824s] [34mcolcon.colcon_core.shell[0m [1;30mDEBUG[0m [32mSkip shell extension 'dsv' for command environment[0m
[0.831s] [34mcolcon.colcon_core.event_handler.log_command[0m [1;30mDEBUG[0m [32mInvoking command in '/home/potato/RC_2026/build/rc26_odom_interface': /usr/bin/cmake --build /home/potato/RC_2026/build/rc26_odom_interface -- -j28 -l28[0m
[0.898s] [34mcolcon.colcon_core.event_handler.log_command[0m [1;30mDEBUG[0m [32mInvoked command in '/home/potato/RC_2026/build/rc26_odom_interface' returned '0': /usr/bin/cmake --build /home/potato/RC_2026/build/rc26_odom_interface -- -j28 -l28[0m
[0.900s] [34mcolcon.colcon_core.event_handler.log_command[0m [1;30mDEBUG[0m [32mInvoking command in '/home/potato/RC_2026/build/rc26_odom_interface': /usr/bin/cmake --install /home/potato/RC_2026/build/rc26_odom_interface[0m
[0.906s] [34mcolcon.colcon_core.environment[0m [1;30mLevel 1[0m create_environment_scripts_only(rc26_odom_interface)
[0.906s] [34mcolcon.colcon_core.environment[0m [1;30mLevel 1[0m checking '/home/potato/RC_2026/install/rc26_odom_interface' for CMake module files
[0.907s] [34mcolcon.colcon_core.event_handler.log_command[0m [1;30mDEBUG[0m [32mInvoked command in '/home/potato/RC_2026/build/rc26_odom_interface' returned '0': /usr/bin/cmake --install /home/potato/RC_2026/build/rc26_odom_interface[0m
[0.907s] [34mcolcon.colcon_core.environment[0m [1;30mLevel 1[0m checking '/home/potato/RC_2026/install/rc26_odom_interface' for CMake config files
[0.908s] [34mcolcon.colcon_core.shell[0m [1;30mLevel 1[0m create_environment_hook('rc26_odom_interface', 'cmake_prefix_path')
[0.908s] [34mcolcon.colcon_core.shell[0m [1;30mINFO[0m Creating environment hook '/home/potato/RC_2026/install/rc26_odom_interface/share/rc26_odom_interface/hook/cmake_prefix_path.ps1'
[0.908s] [34mcolcon.colcon_core.shell[0m [1;30mINFO[0m Creating environment descriptor '/home/potato/RC_2026/install/rc26_odom_interface/share/rc26_odom_interface/hook/cmake_prefix_path.dsv'
[0.909s] [34mcolcon.colcon_core.shell[0m [1;30mINFO[0m Creating environment hook '/home/potato/RC_2026/install/rc26_odom_interface/share/rc26_odom_interface/hook/cmake_prefix_path.sh'
[0.909s] [34mcolcon.colcon_core.environment[0m [1;30mLevel 1[0m checking '/home/potato/RC_2026/install/rc26_odom_interface/lib'
[0.909s] [34mcolcon.colcon_core.shell[0m [1;30mLevel 1[0m create_environment_hook('rc26_odom_interface', 'ld_library_path_lib')
[0.909s] [34mcolcon.colcon_core.shell[0m [1;30mINFO[0m Creating environment hook '/home/potato/RC_2026/install/rc26_odom_interface/share/rc26_odom_interface/hook/ld_library_path_lib.ps1'
[0.910s] [34mcolcon.colcon_core.shell[0m [1;30mINFO[0m Creating environment descriptor '/home/potato/RC_2026/install/rc26_odom_interface/share/rc26_odom_interface/hook/ld_library_path_lib.dsv'
[0.910s] [34mcolcon.colcon_core.shell[0m [1;30mINFO[0m Creating environment hook '/home/potato/RC_2026/install/rc26_odom_interface/share/rc26_odom_interface/hook/ld_library_path_lib.sh'
[0.910s] [34mcolcon.colcon_core.environment[0m [1;30mLevel 1[0m checking '/home/potato/RC_2026/install/rc26_odom_interface/bin'
[0.910s] [34mcolcon.colcon_core.environment[0m [1;30mLevel 1[0m checking '/home/potato/RC_2026/install/rc26_odom_interface/lib/pkgconfig/rc26_odom_interface.pc'
[0.911s] [34mcolcon.colcon_core.environment[0m [1;30mLevel 1[0m checking '/home/potato/RC_2026/install/rc26_odom_interface/lib/python3.10/site-packages'
[0.911s] [34mcolcon.colcon_core.environment[0m [1;30mLevel 1[0m checking '/home/potato/RC_2026/install/rc26_odom_interface/bin'
[0.911s] [34mcolcon.colcon_core.shell[0m [1;30mINFO[0m Creating package script '/home/potato/RC_2026/install/rc26_odom_interface/share/rc26_odom_interface/package.ps1'
[0.912s] [34mcolcon.colcon_core.shell[0m [1;30mINFO[0m Creating package descriptor '/home/potato/RC_2026/install/rc26_odom_interface/share/rc26_odom_interface/package.dsv'
[0.912s] [34mcolcon.colcon_core.shell[0m [1;30mINFO[0m Creating package script '/home/potato/RC_2026/install/rc26_odom_interface/share/rc26_odom_interface/package.sh'
[0.913s] [34mcolcon.colcon_core.shell[0m [1;30mINFO[0m Creating package script '/home/potato/RC_2026/install/rc26_odom_interface/share/rc26_odom_interface/package.bash'
[0.913s] [34mcolcon.colcon_core.shell[0m [1;30mINFO[0m Creating package script '/home/potato/RC_2026/install/rc26_odom_interface/share/rc26_odom_interface/package.zsh'
[0.913s] [34mcolcon.colcon_core.environment[0m [1;30mLevel 1[0m create_file_with_runtime_dependencies(/home/potato/RC_2026/install/rc26_odom_interface/share/colcon-core/packages/rc26_odom_interface)
[0.914s] [34mcolcon.colcon_core.environment[0m [1;30mLevel 1[0m create_environment_scripts_only(rc26_odom_interface)
[0.914s] [34mcolcon.colcon_core.environment[0m [1;30mLevel 1[0m checking '/home/potato/RC_2026/install/rc26_odom_interface' for CMake module files
[0.914s] [34mcolcon.colcon_core.environment[0m [1;30mLevel 1[0m checking '/home/potato/RC_2026/install/rc26_odom_interface' for CMake config files
[0.914s] [34mcolcon.colcon_core.shell[0m [1;30mLevel 1[0m create_environment_hook('rc26_odom_interface', 'cmake_prefix_path')
[0.914s] [34mcolcon.colcon_core.shell[0m [1;30mINFO[0m Creating environment hook '/home/potato/RC_2026/install/rc26_odom_interface/share/rc26_odom_interface/hook/cmake_prefix_path.ps1'
[0.914s] [34mcolcon.colcon_core.shell[0m [1;30mINFO[0m Creating environment descriptor '/home/potato/RC_2026/install/rc26_odom_interface/share/rc26_odom_interface/hook/cmake_prefix_path.dsv'
[0.915s] [34mcolcon.colcon_core.shell[0m [1;30mINFO[0m Creating environment hook '/home/potato/RC_2026/install/rc26_odom_interface/share/rc26_odom_interface/hook/cmake_prefix_path.sh'
[0.915s] [34mcolcon.colcon_core.environment[0m [1;30mLevel 1[0m checking '/home/potato/RC_2026/install/rc26_odom_interface/lib'
[0.915s] [34mcolcon.colcon_core.shell[0m [1;30mLevel 1[0m create_environment_hook('rc26_odom_interface', 'ld_library_path_lib')
[0.915s] [34mcolcon.colcon_core.shell[0m [1;30mINFO[0m Creating environment hook '/home/potato/RC_2026/install/rc26_odom_interface/share/rc26_odom_interface/hook/ld_library_path_lib.ps1'
[0.915s] [34mcolcon.colcon_core.shell[0m [1;30mINFO[0m Creating environment descriptor '/home/potato/RC_2026/install/rc26_odom_interface/share/rc26_odom_interface/hook/ld_library_path_lib.dsv'
[0.916s] [34mcolcon.colcon_core.shell[0m [1;30mINFO[0m Creating environment hook '/home/potato/RC_2026/install/rc26_odom_interface/share/rc26_odom_interface/hook/ld_library_path_lib.sh'
[0.916s] [34mcolcon.colcon_core.environment[0m [1;30mLevel 1[0m checking '/home/potato/RC_2026/install/rc26_odom_interface/bin'
[0.916s] [34mcolcon.colcon_core.environment[0m [1;30mLevel 1[0m checking '/home/potato/RC_2026/install/rc26_odom_interface/lib/pkgconfig/rc26_odom_interface.pc'
[0.916s] [34mcolcon.colcon_core.environment[0m [1;30mLevel 1[0m checking '/home/potato/RC_2026/install/rc26_odom_interface/lib/python3.10/site-packages'
[0.916s] [34mcolcon.colcon_core.environment[0m [1;30mLevel 1[0m checking '/home/potato/RC_2026/install/rc26_odom_interface/bin'
[0.916s] [34mcolcon.colcon_core.shell[0m [1;30mINFO[0m Creating package script '/home/potato/RC_2026/install/rc26_odom_interface/share/rc26_odom_interface/package.ps1'
[0.917s] [34mcolcon.colcon_core.shell[0m [1;30mINFO[0m Creating package descriptor '/home/potato/RC_2026/install/rc26_odom_interface/share/rc26_odom_interface/package.dsv'
[0.917s] [34mcolcon.colcon_core.shell[0m [1;30mINFO[0m Creating package script '/home/potato/RC_2026/install/rc26_odom_interface/share/rc26_odom_interface/package.sh'
[0.917s] [34mcolcon.colcon_core.shell[0m [1;30mINFO[0m Creating package script '/home/potato/RC_2026/install/rc26_odom_interface/share/rc26_odom_interface/package.bash'
[0.917s] [34mcolcon.colcon_core.shell[0m [1;30mINFO[0m Creating package script '/home/potato/RC_2026/install/rc26_odom_interface/share/rc26_odom_interface/package.zsh'
[0.918s] [34mcolcon.colcon_core.environment[0m [1;30mLevel 1[0m create_file_with_runtime_dependencies(/home/potato/RC_2026/install/rc26_odom_interface/share/colcon-core/packages/rc26_odom_interface)
[0.918s] [34mcolcon.colcon_ros.task.ament_cmake.build[0m [1;30mINFO[0m Building ROS package in '/home/potato/RC_2026/RC_2026_1/rc26_omni_controller' with build type 'ament_cmake'
[0.918s] [34mcolcon.colcon_cmake.task.cmake.build[0m [1;30mINFO[0m Building CMake package in '/home/potato/RC_2026/RC_2026_1/rc26_omni_controller'
[0.918s] [34mcolcon.colcon_core.shell[0m [1;30mINFO[0m Skip shell extension 'powershell' for command environment: Not usable outside of PowerShell
[0.918s] [34mcolcon.colcon_core.shell[0m [1;30mDEBUG[0m [32mSkip shell extension 'dsv' for command environment[0m
[0.924s] [34mcolcon.colcon_core.event_handler.log_command[0m [1;30mDEBUG[0m [32mInvoking command in '/home/potato/RC_2026/build/rc26_omni_controller': /usr/bin/cmake --build /home/potato/RC_2026/build/rc26_omni_controller -- -j28 -l28[0m
[0.984s] [34mcolcon.colcon_core.event_handler.log_command[0m [1;30mDEBUG[0m [32mInvoked command in '/home/potato/RC_2026/build/rc26_omni_controller' returned '0': /usr/bin/cmake --build /home/potato/RC_2026/build/rc26_omni_controller -- -j28 -l28[0m
[0.986s] [34mcolcon.colcon_core.event_handler.log_command[0m [1;30mDEBUG[0m [32mInvoking command in '/home/potato/RC_2026/build/rc26_omni_controller': /usr/bin/cmake --install /home/potato/RC_2026/build/rc26_omni_controller[0m
[0.993s] [34mcolcon.colcon_core.environment[0m [1;30mLevel 1[0m create_environment_scripts_only(rc26_omni_controller)
[0.993s] [34mcolcon.colcon_core.environment[0m [1;30mLevel 1[0m checking '/home/potato/RC_2026/install/rc26_omni_controller' for CMake module files
[0.994s] [34mcolcon.colcon_core.event_handler.log_command[0m [1;30mDEBUG[0m [32mInvoked command in '/home/potato/RC_2026/build/rc26_omni_controller' returned '0': /usr/bin/cmake --install /home/potato/RC_2026/build/rc26_omni_controller[0m
[0.994s] [34mcolcon.colcon_core.environment[0m [1;30mLevel 1[0m checking '/home/potato/RC_2026/install/rc26_omni_controller' for CMake config files
[0.995s] [34mcolcon.colcon_core.shell[0m [1;30mLevel 1[0m create_environment_hook('rc26_omni_controller', 'cmake_prefix_path')
[0.995s] [34mcolcon.colcon_core.shell[0m [1;30mINFO[0m Creating environment hook '/home/potato/RC_2026/install/rc26_omni_controller/share/rc26_omni_controller/hook/cmake_prefix_path.ps1'
[0.995s] [34mcolcon.colcon_core.shell[0m [1;30mINFO[0m Creating environment descriptor '/home/potato/RC_2026/install/rc26_omni_controller/share/rc26_omni_controller/hook/cmake_prefix_path.dsv'
[0.995s] [34mcolcon.colcon_core.shell[0m [1;30mINFO[0m Creating environment hook '/home/potato/RC_2026/install/rc26_omni_controller/share/rc26_omni_controller/hook/cmake_prefix_path.sh'
[0.996s] [34mcolcon.colcon_core.environment[0m [1;30mLevel 1[0m checking '/home/potato/RC_2026/install/rc26_omni_controller/lib'
[0.996s] [34mcolcon.colcon_core.shell[0m [1;30mLevel 1[0m create_environment_hook('rc26_omni_controller', 'ld_library_path_lib')
[0.996s] [34mcolcon.colcon_core.shell[0m [1;30mINFO[0m Creating environment hook '/home/potato/RC_2026/install/rc26_omni_controller/share/rc26_omni_controller/hook/ld_library_path_lib.ps1'
[0.996s] [34mcolcon.colcon_core.shell[0m [1;30mINFO[0m Creating environment descriptor '/home/potato/RC_2026/install/rc26_omni_controller/share/rc26_omni_controller/hook/ld_library_path_lib.dsv'
[0.996s] [34mcolcon.colcon_core.shell[0m [1;30mINFO[0m Creating environment hook '/home/potato/RC_2026/install/rc26_omni_controller/share/rc26_omni_controller/hook/ld_library_path_lib.sh'
[0.997s] [34mcolcon.colcon_core.environment[0m [1;30mLevel 1[0m checking '/home/potato/RC_2026/install/rc26_omni_controller/bin'
[0.997s] [34mcolcon.colcon_core.environment[0m [1;30mLevel 1[0m checking '/home/potato/RC_2026/install/rc26_omni_controller/lib/pkgconfig/rc26_omni_controller.pc'
[0.997s] [34mcolcon.colcon_core.environment[0m [1;30mLevel 1[0m checking '/home/potato/RC_2026/install/rc26_omni_controller/lib/python3.10/site-packages'
[0.997s] [34mcolcon.colcon_core.environment[0m [1;30mLevel 1[0m checking '/home/potato/RC_2026/install/rc26_omni_controller/bin'
[0.997s] [34mcolcon.colcon_core.shell[0m [1;30mINFO[0m Creating package script '/home/potato/RC_2026/install/rc26_omni_controller/share/rc26_omni_controller/package.ps1'
[0.997s] [34mcolcon.colcon_core.shell[0m [1;30mINFO[0m Creating package descriptor '/home/potato/RC_2026/install/rc26_omni_controller/share/rc26_omni_controller/package.dsv'
[0.998s] [34mcolcon.colcon_core.shell[0m [1;30mINFO[0m Creating package script '/home/potato/RC_2026/install/rc26_omni_controller/share/rc26_omni_controller/package.sh'
[0.998s] [34mcolcon.colcon_core.shell[0m [1;30mINFO[0m Creating package script '/home/potato/RC_2026/install/rc26_omni_controller/share/rc26_omni_controller/package.bash'
[0.998s] [34mcolcon.colcon_core.shell[0m [1;30mINFO[0m Creating package script '/home/potato/RC_2026/install/rc26_omni_controller/share/rc26_omni_controller/package.zsh'
[0.998s] [34mcolcon.colcon_core.environment[0m [1;30mLevel 1[0m create_file_with_runtime_dependencies(/home/potato/RC_2026/install/rc26_omni_controller/share/colcon-core/packages/rc26_omni_controller)
[0.999s] [34mcolcon.colcon_core.environment[0m [1;30mLevel 1[0m create_environment_scripts_only(rc26_omni_controller)
[0.999s] [34mcolcon.colcon_core.environment[0m [1;30mLevel 1[0m checking '/home/potato/RC_2026/install/rc26_omni_controller' for CMake module files
[0.999s] [34mcolcon.colcon_core.environment[0m [1;30mLevel 1[0m checking '/home/potato/RC_2026/install/rc26_omni_controller' for CMake config files
[0.999s] [34mcolcon.colcon_core.shell[0m [1;30mLevel 1[0m create_environment_hook('rc26_omni_controller', 'cmake_prefix_path')
[0.999s] [34mcolcon.colcon_core.shell[0m [1;30mINFO[0m Creating environment hook '/home/potato/RC_2026/install/rc26_omni_controller/share/rc26_omni_controller/hook/cmake_prefix_path.ps1'
[0.999s] [34mcolcon.colcon_core.shell[0m [1;30mINFO[0m Creating environment descriptor '/home/potato/RC_2026/install/rc26_omni_controller/share/rc26_omni_controller/hook/cmake_prefix_path.dsv'
[1.000s] [34mcolcon.colcon_core.shell[0m [1;30mINFO[0m Creating environment hook '/home/potato/RC_2026/install/rc26_omni_controller/share/rc26_omni_controller/hook/cmake_prefix_path.sh'
[1.000s] [34mcolcon.colcon_core.environment[0m [1;30mLevel 1[0m checking '/home/potato/RC_2026/install/rc26_omni_controller/lib'
[1.000s] [34mcolcon.colcon_core.shell[0m [1;30mLevel 1[0m create_environment_hook('rc26_omni_controller', 'ld_library_path_lib')
[1.000s] [34mcolcon.colcon_core.shell[0m [1;30mINFO[0m Creating environment hook '/home/potato/RC_2026/install/rc26_omni_controller/share/rc26_omni_controller/hook/ld_library_path_lib.ps1'
[1.000s] [34mcolcon.colcon_core.shell[0m [1;30mINFO[0m Creating environment descriptor '/home/potato/RC_2026/install/rc26_omni_controller/share/rc26_omni_controller/hook/ld_library_path_lib.dsv'
[1.001s] [34mcolcon.colcon_core.shell[0m [1;30mINFO[0m Creating environment hook '/home/potato/RC_2026/install/rc26_omni_controller/share/rc26_omni_controller/hook/ld_library_path_lib.sh'
[1.001s] [34mcolcon.colcon_core.environment[0m [1;30mLevel 1[0m checking '/home/potato/RC_2026/install/rc26_omni_controller/bin'
[1.001s] [34mcolcon.colcon_core.environment[0m [1;30mLevel 1[0m checking '/home/potato/RC_2026/install/rc26_omni_controller/lib/pkgconfig/rc26_omni_controller.pc'
[1.001s] [34mcolcon.colcon_core.environment[0m [1;30mLevel 1[0m checking '/home/potato/RC_2026/install/rc26_omni_controller/lib/python3.10/site-packages'
[1.001s] [34mcolcon.colcon_core.environment[0m [1;30mLevel 1[0m checking '/home/potato/RC_2026/install/rc26_omni_controller/bin'
[1.001s] [34mcolcon.colcon_core.shell[0m [1;30mINFO[0m Creating package script '/home/potato/RC_2026/install/rc26_omni_controller/share/rc26_omni_controller/package.ps1'
[1.002s] [34mcolcon.colcon_core.shell[0m [1;30mINFO[0m Creating package descriptor '/home/potato/RC_2026/install/rc26_omni_controller/share/rc26_omni_controller/package.dsv'
[1.002s] [34mcolcon.colcon_core.shell[0m [1;30mINFO[0m Creating package script '/home/potato/RC_2026/install/rc26_omni_controller/share/rc26_omni_controller/package.sh'
[1.002s] [34mcolcon.colcon_core.shell[0m [1;30mINFO[0m Creating package script '/home/potato/RC_2026/install/rc26_omni_controller/share/rc26_omni_controller/package.bash'
[1.003s] [34mcolcon.colcon_core.shell[0m [1;30mINFO[0m Creating package script '/home/potato/RC_2026/install/rc26_omni_controller/share/rc26_omni_controller/package.zsh'
[1.003s] [34mcolcon.colcon_core.environment[0m [1;30mLevel 1[0m create_file_with_runtime_dependencies(/home/potato/RC_2026/install/rc26_omni_controller/share/colcon-core/packages/rc26_omni_controller)
[1.003s] [34mcolcon.colcon_ros.task.ament_cmake.build[0m [1;30mINFO[0m Building ROS package in '/home/potato/RC_2026/RC_2026_1/rc26_perception' with build type 'ament_cmake'
[1.003s] [34mcolcon.colcon_cmake.task.cmake.build[0m [1;30mINFO[0m Building CMake package in '/home/potato/RC_2026/RC_2026_1/rc26_perception'
[1.003s] [34mcolcon.colcon_core.shell[0m [1;30mINFO[0m Skip shell extension 'powershell' for command environment: Not usable outside of PowerShell
[1.003s] [34mcolcon.colcon_core.shell[0m [1;30mDEBUG[0m [32mSkip shell extension 'dsv' for command environment[0m
[1.010s] [34mcolcon.colcon_core.event_handler.log_command[0m [1;30mDEBUG[0m [32mInvoking command in '/home/potato/RC_2026/build/rc26_perception': /usr/bin/cmake --build /home/potato/RC_2026/build/rc26_perception -- -j28 -l28[0m
[1.282s] [34mcolcon.colcon_core.event_handler.log_command[0m [1;30mDEBUG[0m [32mInvoked command in '/home/potato/RC_2026/build/rc26_perception' returned '0': /usr/bin/cmake --build /home/potato/RC_2026/build/rc26_perception -- -j28 -l28[0m
[1.284s] [34mcolcon.colcon_core.event_handler.log_command[0m [1;30mDEBUG[0m [32mInvoking command in '/home/potato/RC_2026/build/rc26_perception': /usr/bin/cmake --install /home/potato/RC_2026/build/rc26_perception[0m
[1.323s] [34mcolcon.colcon_core.environment[0m [1;30mLevel 1[0m create_environment_scripts_only(rc26_perception)
[1.323s] [34mcolcon.colcon_core.environment[0m [1;30mLevel 1[0m checking '/home/potato/RC_2026/install/rc26_perception' for CMake module files
[1.324s] [34mcolcon.colcon_core.event_handler.log_command[0m [1;30mDEBUG[0m [32mInvoked command in '/home/potato/RC_2026/build/rc26_perception' returned '0': /usr/bin/cmake --install /home/potato/RC_2026/build/rc26_perception[0m
[1.324s] [34mcolcon.colcon_core.environment[0m [1;30mLevel 1[0m checking '/home/potato/RC_2026/install/rc26_perception' for CMake config files
[1.324s] [34mcolcon.colcon_core.shell[0m [1;30mLevel 1[0m create_environment_hook('rc26_perception', 'cmake_prefix_path')
[1.324s] [34mcolcon.colcon_core.shell[0m [1;30mINFO[0m Creating environment hook '/home/potato/RC_2026/install/rc26_perception/share/rc26_perception/hook/cmake_prefix_path.ps1'
[1.325s] [34mcolcon.colcon_core.shell[0m [1;30mINFO[0m Creating environment descriptor '/home/potato/RC_2026/install/rc26_perception/share/rc26_perception/hook/cmake_prefix_path.dsv'
[1.325s] [34mcolcon.colcon_core.shell[0m [1;30mINFO[0m Creating environment hook '/home/potato/RC_2026/install/rc26_perception/share/rc26_perception/hook/cmake_prefix_path.sh'
[1.325s] [34mcolcon.colcon_core.environment[0m [1;30mLevel 1[0m checking '/home/potato/RC_2026/install/rc26_perception/lib'
[1.325s] [34mcolcon.colcon_core.shell[0m [1;30mLevel 1[0m create_environment_hook('rc26_perception', 'ld_library_path_lib')
[1.325s] [34mcolcon.colcon_core.shell[0m [1;30mINFO[0m Creating environment hook '/home/potato/RC_2026/install/rc26_perception/share/rc26_perception/hook/ld_library_path_lib.ps1'
[1.326s] [34mcolcon.colcon_core.shell[0m [1;30mINFO[0m Creating environment descriptor '/home/potato/RC_2026/install/rc26_perception/share/rc26_perception/hook/ld_library_path_lib.dsv'
[1.326s] [34mcolcon.colcon_core.shell[0m [1;30mINFO[0m Creating environment hook '/home/potato/RC_2026/install/rc26_perception/share/rc26_perception/hook/ld_library_path_lib.sh'
[1.326s] [34mcolcon.colcon_core.environment[0m [1;30mLevel 1[0m checking '/home/potato/RC_2026/install/rc26_perception/bin'
[1.326s] [34mcolcon.colcon_core.environment[0m [1;30mLevel 1[0m checking '/home/potato/RC_2026/install/rc26_perception/lib/pkgconfig/rc26_perception.pc'
[1.326s] [34mcolcon.colcon_core.environment[0m [1;30mLevel 1[0m checking '/home/potato/RC_2026/install/rc26_perception/lib/python3.10/site-packages'
[1.326s] [34mcolcon.colcon_core.environment[0m [1;30mLevel 1[0m checking '/home/potato/RC_2026/install/rc26_perception/bin'
[1.326s] [34mcolcon.colcon_core.shell[0m [1;30mINFO[0m Creating package script '/home/potato/RC_2026/install/rc26_perception/share/rc26_perception/package.ps1'
[1.327s] [34mcolcon.colcon_core.shell[0m [1;30mINFO[0m Creating package descriptor '/home/potato/RC_2026/install/rc26_perception/share/rc26_perception/package.dsv'
[1.327s] [34mcolcon.colcon_core.shell[0m [1;30mINFO[0m Creating package script '/home/potato/RC_2026/install/rc26_perception/share/rc26_perception/package.sh'
[1.327s] [34mcolcon.colcon_core.shell[0m [1;30mINFO[0m Creating package script '/home/potato/RC_2026/install/rc26_perception/share/rc26_perception/package.bash'
[1.327s] [34mcolcon.colcon_core.shell[0m [1;30mINFO[0m Creating package script '/home/potato/RC_2026/install/rc26_perception/share/rc26_perception/package.zsh'
[1.328s] [34mcolcon.colcon_core.environment[0m [1;30mLevel 1[0m create_file_with_runtime_dependencies(/home/potato/RC_2026/install/rc26_perception/share/colcon-core/packages/rc26_perception)
[1.328s] [34mcolcon.colcon_core.environment[0m [1;30mLevel 1[0m create_environment_scripts_only(rc26_perception)
[1.328s] [34mcolcon.colcon_core.environment[0m [1;30mLevel 1[0m checking '/home/potato/RC_2026/install/rc26_perception' for CMake module files
[1.328s] [34mcolcon.colcon_core.environment[0m [1;30mLevel 1[0m checking '/home/potato/RC_2026/install/rc26_perception' for CMake config files
[1.328s] [34mcolcon.colcon_core.shell[0m [1;30mLevel 1[0m create_environment_hook('rc26_perception', 'cmake_prefix_path')
[1.329s] [34mcolcon.colcon_core.shell[0m [1;30mINFO[0m Creating environment hook '/home/potato/RC_2026/install/rc26_perception/share/rc26_perception/hook/cmake_prefix_path.ps1'
[1.329s] [34mcolcon.colcon_core.shell[0m [1;30mINFO[0m Creating environment descriptor '/home/potato/RC_2026/install/rc26_perception/share/rc26_perception/hook/cmake_prefix_path.dsv'
[1.329s] [34mcolcon.colcon_core.shell[0m [1;30mINFO[0m Creating environment hook '/home/potato/RC_2026/install/rc26_perception/share/rc26_perception/hook/cmake_prefix_path.sh'
[1.329s] [34mcolcon.colcon_core.environment[0m [1;30mLevel 1[0m checking '/home/potato/RC_2026/install/rc26_perception/lib'
[1.329s] [34mcolcon.colcon_core.shell[0m [1;30mLevel 1[0m create_environment_hook('rc26_perception', 'ld_library_path_lib')
[1.329s] [34mcolcon.colcon_core.shell[0m [1;30mINFO[0m Creating environment hook '/home/potato/RC_2026/install/rc26_perception/share/rc26_perception/hook/ld_library_path_lib.ps1'
[1.330s] [34mcolcon.colcon_core.shell[0m [1;30mINFO[0m Creating environment descriptor '/home/potato/RC_2026/install/rc26_perception/share/rc26_perception/hook/ld_library_path_lib.dsv'
[1.330s] [34mcolcon.colcon_core.shell[0m [1;30mINFO[0m Creating environment hook '/home/potato/RC_2026/install/rc26_perception/share/rc26_perception/hook/ld_library_path_lib.sh'
[1.330s] [34mcolcon.colcon_core.environment[0m [1;30mLevel 1[0m checking '/home/potato/RC_2026/install/rc26_perception/bin'
[1.330s] [34mcolcon.colcon_core.environment[0m [1;30mLevel 1[0m checking '/home/potato/RC_2026/install/rc26_perception/lib/pkgconfig/rc26_perception.pc'
[1.330s] [34mcolcon.colcon_core.environment[0m [1;30mLevel 1[0m checking '/home/potato/RC_2026/install/rc26_perception/lib/python3.10/site-packages'
[1.330s] [34mcolcon.colcon_core.environment[0m [1;30mLevel 1[0m checking '/home/potato/RC_2026/install/rc26_perception/bin'
[1.331s] [34mcolcon.colcon_core.shell[0m [1;30mINFO[0m Creating package script '/home/potato/RC_2026/install/rc26_perception/share/rc26_perception/package.ps1'
[1.331s] [34mcolcon.colcon_core.shell[0m [1;30mINFO[0m Creating package descriptor '/home/potato/RC_2026/install/rc26_perception/share/rc26_perception/package.dsv'
[1.331s] [34mcolcon.colcon_core.shell[0m [1;30mINFO[0m Creating package script '/home/potato/RC_2026/install/rc26_perception/share/rc26_perception/package.sh'
[1.331s] [34mcolcon.colcon_core.shell[0m [1;30mINFO[0m Creating package script '/home/potato/RC_2026/install/rc26_perception/share/rc26_perception/package.bash'
[1.332s] [34mcolcon.colcon_core.shell[0m [1;30mINFO[0m Creating package script '/home/potato/RC_2026/install/rc26_perception/share/rc26_perception/package.zsh'
[1.332s] [34mcolcon.colcon_core.environment[0m [1;30mLevel 1[0m create_file_with_runtime_dependencies(/home/potato/RC_2026/install/rc26_perception/share/colcon-core/packages/rc26_perception)
[1.332s] [34mcolcon.colcon_ros.task.ament_cmake.build[0m [1;30mINFO[0m Building ROS package in '/home/potato/RC_2026/RC_2026_1/rc26_sensor_scan' with build type 'ament_cmake'
[1.332s] [34mcolcon.colcon_cmake.task.cmake.build[0m [1;30mINFO[0m Building CMake package in '/home/potato/RC_2026/RC_2026_1/rc26_sensor_scan'
[1.332s] [34mcolcon.colcon_core.shell[0m [1;30mINFO[0m Skip shell extension 'powershell' for command environment: Not usable outside of PowerShell
[1.332s] [34mcolcon.colcon_core.shell[0m [1;30mDEBUG[0m [32mSkip shell extension 'dsv' for command environment[0m
[1.339s] [34mcolcon.colcon_core.event_handler.log_command[0m [1;30mDEBUG[0m [32mInvoking command in '/home/potato/RC_2026/build/rc26_sensor_scan': /usr/bin/cmake --build /home/potato/RC_2026/build/rc26_sensor_scan -- -j28 -l28[0m
[1.407s] [34mcolcon.colcon_core.event_handler.log_command[0m [1;30mDEBUG[0m [32mInvoked command in '/home/potato/RC_2026/build/rc26_sensor_scan' returned '0': /usr/bin/cmake --build /home/potato/RC_2026/build/rc26_sensor_scan -- -j28 -l28[0m
[1.409s] [34mcolcon.colcon_core.event_handler.log_command[0m [1;30mDEBUG[0m [32mInvoking command in '/home/potato/RC_2026/build/rc26_sensor_scan': /usr/bin/cmake --install /home/potato/RC_2026/build/rc26_sensor_scan[0m
[1.416s] [34mcolcon.colcon_core.environment[0m [1;30mLevel 1[0m create_environment_scripts_only(rc26_sensor_scan)
[1.417s] [34mcolcon.colcon_core.environment[0m [1;30mLevel 1[0m checking '/home/potato/RC_2026/install/rc26_sensor_scan' for CMake module files
[1.417s] [34mcolcon.colcon_core.event_handler.log_command[0m [1;30mDEBUG[0m [32mInvoked command in '/home/potato/RC_2026/build/rc26_sensor_scan' returned '0': /usr/bin/cmake --install /home/potato/RC_2026/build/rc26_sensor_scan[0m
[1.418s] [34mcolcon.colcon_core.environment[0m [1;30mLevel 1[0m checking '/home/potato/RC_2026/install/rc26_sensor_scan' for CMake config files
[1.418s] [34mcolcon.colcon_core.shell[0m [1;30mLevel 1[0m create_environment_hook('rc26_sensor_scan', 'cmake_prefix_path')
[1.418s] [34mcolcon.colcon_core.shell[0m [1;30mINFO[0m Creating environment hook '/home/potato/RC_2026/install/rc26_sensor_scan/share/rc26_sensor_scan/hook/cmake_prefix_path.ps1'
[1.418s] [34mcolcon.colcon_core.shell[0m [1;30mINFO[0m Creating environment descriptor '/home/potato/RC_2026/install/rc26_sensor_scan/share/rc26_sensor_scan/hook/cmake_prefix_path.dsv'
[1.419s] [34mcolcon.colcon_core.shell[0m [1;30mINFO[0m Creating environment hook '/home/potato/RC_2026/install/rc26_sensor_scan/share/rc26_sensor_scan/hook/cmake_prefix_path.sh'
[1.419s] [34mcolcon.colcon_core.environment[0m [1;30mLevel 1[0m checking '/home/potato/RC_2026/install/rc26_sensor_scan/lib'
[1.419s] [34mcolcon.colcon_core.shell[0m [1;30mLevel 1[0m create_environment_hook('rc26_sensor_scan', 'ld_library_path_lib')
[1.420s] [34mcolcon.colcon_core.shell[0m [1;30mINFO[0m Creating environment hook '/home/potato/RC_2026/install/rc26_sensor_scan/share/rc26_sensor_scan/hook/ld_library_path_lib.ps1'
[1.420s] [34mcolcon.colcon_core.shell[0m [1;30mINFO[0m Creating environment descriptor '/home/potato/RC_2026/install/rc26_sensor_scan/share/rc26_sensor_scan/hook/ld_library_path_lib.dsv'
[1.420s] [34mcolcon.colcon_core.shell[0m [1;30mINFO[0m Creating environment hook '/home/potato/RC_2026/install/rc26_sensor_scan/share/rc26_sensor_scan/hook/ld_library_path_lib.sh'
[1.420s] [34mcolcon.colcon_core.environment[0m [1;30mLevel 1[0m checking '/home/potato/RC_2026/install/rc26_sensor_scan/bin'
[1.420s] [34mcolcon.colcon_core.environment[0m [1;30mLevel 1[0m checking '/home/potato/RC_2026/install/rc26_sensor_scan/lib/pkgconfig/rc26_sensor_scan.pc'
[1.421s] [34mcolcon.colcon_core.environment[0m [1;30mLevel 1[0m checking '/home/potato/RC_2026/install/rc26_sensor_scan/lib/python3.10/site-packages'
[1.421s] [34mcolcon.colcon_core.environment[0m [1;30mLevel 1[0m checking '/home/potato/RC_2026/install/rc26_sensor_scan/bin'
[1.421s] [34mcolcon.colcon_core.shell[0m [1;30mINFO[0m Creating package script '/home/potato/RC_2026/install/rc26_sensor_scan/share/rc26_sensor_scan/package.ps1'
[1.421s] [34mcolcon.colcon_core.shell[0m [1;30mINFO[0m Creating package descriptor '/home/potato/RC_2026/install/rc26_sensor_scan/share/rc26_sensor_scan/package.dsv'
[1.422s] [34mcolcon.colcon_core.shell[0m [1;30mINFO[0m Creating package script '/home/potato/RC_2026/install/rc26_sensor_scan/share/rc26_sensor_scan/package.sh'
[1.422s] [34mcolcon.colcon_core.shell[0m [1;30mINFO[0m Creating package script '/home/potato/RC_2026/install/rc26_sensor_scan/share/rc26_sensor_scan/package.bash'
[1.422s] [34mcolcon.colcon_core.shell[0m [1;30mINFO[0m Creating package script '/home/potato/RC_2026/install/rc26_sensor_scan/share/rc26_sensor_scan/package.zsh'
[1.422s] [34mcolcon.colcon_core.environment[0m [1;30mLevel 1[0m create_file_with_runtime_dependencies(/home/potato/RC_2026/install/rc26_sensor_scan/share/colcon-core/packages/rc26_sensor_scan)
[1.422s] [34mcolcon.colcon_core.environment[0m [1;30mLevel 1[0m create_environment_scripts_only(rc26_sensor_scan)
[1.423s] [34mcolcon.colcon_core.environment[0m [1;30mLevel 1[0m checking '/home/potato/RC_2026/install/rc26_sensor_scan' for CMake module files
[1.423s] [34mcolcon.colcon_core.environment[0m [1;30mLevel 1[0m checking '/home/potato/RC_2026/install/rc26_sensor_scan' for CMake config files
[1.423s] [34mcolcon.colcon_core.shell[0m [1;30mLevel 1[0m create_environment_hook('rc26_sensor_scan', 'cmake_prefix_path')
[1.423s] [34mcolcon.colcon_core.shell[0m [1;30mINFO[0m Creating environment hook '/home/potato/RC_2026/install/rc26_sensor_scan/share/rc26_sensor_scan/hook/cmake_prefix_path.ps1'
[1.423s] [34mcolcon.colcon_core.shell[0m [1;30mINFO[0m Creating environment descriptor '/home/potato/RC_2026/install/rc26_sensor_scan/share/rc26_sensor_scan/hook/cmake_prefix_path.dsv'
[1.423s] [34mcolcon.colcon_core.shell[0m [1;30mINFO[0m Creating environment hook '/home/potato/RC_2026/install/rc26_sensor_scan/share/rc26_sensor_scan/hook/cmake_prefix_path.sh'
[1.424s] [34mcolcon.colcon_core.environment[0m [1;30mLevel 1[0m checking '/home/potato/RC_2026/install/rc26_sensor_scan/lib'
[1.424s] [34mcolcon.colcon_core.shell[0m [1;30mLevel 1[0m create_environment_hook('rc26_sensor_scan', 'ld_library_path_lib')
[1.424s] [34mcolcon.colcon_core.shell[0m [1;30mINFO[0m Creating environment hook '/home/potato/RC_2026/install/rc26_sensor_scan/share/rc26_sensor_scan/hook/ld_library_path_lib.ps1'
[1.424s] [34mcolcon.colcon_core.shell[0m [1;30mINFO[0m Creating environment descriptor '/home/potato/RC_2026/install/rc26_sensor_scan/share/rc26_sensor_scan/hook/ld_library_path_lib.dsv'
[1.424s] [34mcolcon.colcon_core.shell[0m [1;30mINFO[0m Creating environment hook '/home/potato/RC_2026/install/rc26_sensor_scan/share/rc26_sensor_scan/hook/ld_library_path_lib.sh'
[1.425s] [34mcolcon.colcon_core.environment[0m [1;30mLevel 1[0m checking '/home/potato/RC_2026/install/rc26_sensor_scan/bin'
[1.425s] [34mcolcon.colcon_core.environment[0m [1;30mLevel 1[0m checking '/home/potato/RC_2026/install/rc26_sensor_scan/lib/pkgconfig/rc26_sensor_scan.pc'
[1.425s] [34mcolcon.colcon_core.environment[0m [1;30mLevel 1[0m checking '/home/potato/RC_2026/install/rc26_sensor_scan/lib/python3.10/site-packages'
[1.425s] [34mcolcon.colcon_core.environment[0m [1;30mLevel 1[0m checking '/home/potato/RC_2026/install/rc26_sensor_scan/bin'
[1.425s] [34mcolcon.colcon_core.shell[0m [1;30mINFO[0m Creating package script '/home/potato/RC_2026/install/rc26_sensor_scan/share/rc26_sensor_scan/package.ps1'
[1.425s] [34mcolcon.colcon_core.shell[0m [1;30mINFO[0m Creating package descriptor '/home/potato/RC_2026/install/rc26_sensor_scan/share/rc26_sensor_scan/package.dsv'
[1.426s] [34mcolcon.colcon_core.shell[0m [1;30mINFO[0m Creating package script '/home/potato/RC_2026/install/rc26_sensor_scan/share/rc26_sensor_scan/package.sh'
[1.426s] [34mcolcon.colcon_core.shell[0m [1;30mINFO[0m Creating package script '/home/potato/RC_2026/install/rc26_sensor_scan/share/rc26_sensor_scan/package.bash'
[1.426s] [34mcolcon.colcon_core.shell[0m [1;30mINFO[0m Creating package script '/home/potato/RC_2026/install/rc26_sensor_scan/share/rc26_sensor_scan/package.zsh'
[1.426s] [34mcolcon.colcon_core.environment[0m [1;30mLevel 1[0m create_file_with_runtime_dependencies(/home/potato/RC_2026/install/rc26_sensor_scan/share/colcon-core/packages/rc26_sensor_scan)
[1.427s] [34mcolcon.colcon_ros.task.ament_cmake.build[0m [1;30mINFO[0m Building ROS package in '/home/potato/RC_2026/RC_2026_1/rc26_decision' with build type 'ament_cmake'
[1.427s] [34mcolcon.colcon_cmake.task.cmake.build[0m [1;30mINFO[0m Building CMake package in '/home/potato/RC_2026/RC_2026_1/rc26_decision'
[1.427s] [34mcolcon.colcon_core.shell[0m [1;30mINFO[0m Skip shell extension 'powershell' for command environment: Not usable outside of PowerShell
[1.427s] [34mcolcon.colcon_core.shell[0m [1;30mDEBUG[0m [32mSkip shell extension 'dsv' for command environment[0m
[1.436s] [34mcolcon.colcon_core.event_handler.log_command[0m [1;30mDEBUG[0m [32mInvoking command in '/home/potato/RC_2026/build/rc26_decision': AMENT_PREFIX_PATH=/home/potato/RC_2026/install/rc26_serial:${AMENT_PREFIX_PATH} CMAKE_PREFIX_PATH=/home/potato/RC_2026/install/rc26_serial:/opt/ros/humble:/opt/ros/humble LD_LIBRARY_PATH=/home/potato/RC_2026/install/rc26_serial/lib:${LD_LIBRARY_PATH} /usr/bin/cmake --build /home/potato/RC_2026/build/rc26_decision -- -j28 -l28[0m
[1.522s] [34mcolcon.colcon_core.event_handler.log_command[0m [1;30mDEBUG[0m [32mInvoked command in '/home/potato/RC_2026/build/rc26_decision' returned '0': AMENT_PREFIX_PATH=/home/potato/RC_2026/install/rc26_serial:${AMENT_PREFIX_PATH} CMAKE_PREFIX_PATH=/home/potato/RC_2026/install/rc26_serial:/opt/ros/humble:/opt/ros/humble LD_LIBRARY_PATH=/home/potato/RC_2026/install/rc26_serial/lib:${LD_LIBRARY_PATH} /usr/bin/cmake --build /home/potato/RC_2026/build/rc26_decision -- -j28 -l28[0m
[1.522s] [34mcolcon.colcon_core.event_handler.log_command[0m [1;30mDEBUG[0m [32mInvoking command in '/home/potato/RC_2026/build/rc26_decision': AMENT_PREFIX_PATH=/home/potato/RC_2026/install/rc26_serial:${AMENT_PREFIX_PATH} CMAKE_PREFIX_PATH=/home/potato/RC_2026/install/rc26_serial:/opt/ros/humble:/opt/ros/humble LD_LIBRARY_PATH=/home/potato/RC_2026/install/rc26_serial/lib:${LD_LIBRARY_PATH} /usr/bin/cmake --install /home/potato/RC_2026/build/rc26_decision[0m
[1.531s] [34mcolcon.colcon_core.environment[0m [1;30mLevel 1[0m create_environment_scripts_only(rc26_decision)
[1.531s] [34mcolcon.colcon_core.event_handler.log_command[0m [1;30mDEBUG[0m [32mInvoked command in '/home/potato/RC_2026/build/rc26_decision' returned '0': AMENT_PREFIX_PATH=/home/potato/RC_2026/install/rc26_serial:${AMENT_PREFIX_PATH} CMAKE_PREFIX_PATH=/home/potato/RC_2026/install/rc26_serial:/opt/ros/humble:/opt/ros/humble LD_LIBRARY_PATH=/home/potato/RC_2026/install/rc26_serial/lib:${LD_LIBRARY_PATH} /usr/bin/cmake --install /home/potato/RC_2026/build/rc26_decision[0m
[1.531s] [34mcolcon.colcon_core.environment[0m [1;30mLevel 1[0m checking '/home/potato/RC_2026/install/rc26_decision' for CMake module files
[1.532s] [34mcolcon.colcon_core.environment[0m [1;30mLevel 1[0m checking '/home/potato/RC_2026/install/rc26_decision' for CMake config files
[1.532s] [34mcolcon.colcon_core.shell[0m [1;30mLevel 1[0m create_environment_hook('rc26_decision', 'cmake_prefix_path')
[1.532s] [34mcolcon.colcon_core.shell[0m [1;30mINFO[0m Creating environment hook '/home/potato/RC_2026/install/rc26_decision/share/rc26_decision/hook/cmake_prefix_path.ps1'
[1.533s] [34mcolcon.colcon_core.shell[0m [1;30mINFO[0m Creating environment descriptor '/home/potato/RC_2026/install/rc26_decision/share/rc26_decision/hook/cmake_prefix_path.dsv'
[1.533s] [34mcolcon.colcon_core.shell[0m [1;30mINFO[0m Creating environment hook '/home/potato/RC_2026/install/rc26_decision/share/rc26_decision/hook/cmake_prefix_path.sh'
[1.533s] [34mcolcon.colcon_core.environment[0m [1;30mLevel 1[0m checking '/home/potato/RC_2026/install/rc26_decision/lib'
[1.533s] [34mcolcon.colcon_core.shell[0m [1;30mLevel 1[0m create_environment_hook('rc26_decision', 'ld_library_path_lib')
[1.533s] [34mcolcon.colcon_core.shell[0m [1;30mINFO[0m Creating environment hook '/home/potato/RC_2026/install/rc26_decision/share/rc26_decision/hook/ld_library_path_lib.ps1'
[1.533s] [34mcolcon.colcon_core.shell[0m [1;30mINFO[0m Creating environment descriptor '/home/potato/RC_2026/install/rc26_decision/share/rc26_decision/hook/ld_library_path_lib.dsv'
[1.534s] [34mcolcon.colcon_core.shell[0m [1;30mINFO[0m Creating environment hook '/home/potato/RC_2026/install/rc26_decision/share/rc26_decision/hook/ld_library_path_lib.sh'
[1.534s] [34mcolcon.colcon_core.environment[0m [1;30mLevel 1[0m checking '/home/potato/RC_2026/install/rc26_decision/bin'
[1.534s] [34mcolcon.colcon_core.environment[0m [1;30mLevel 1[0m checking '/home/potato/RC_2026/install/rc26_decision/lib/pkgconfig/rc26_decision.pc'
[1.534s] [34mcolcon.colcon_core.environment[0m [1;30mLevel 1[0m checking '/home/potato/RC_2026/install/rc26_decision/lib/python3.10/site-packages'
[1.534s] [34mcolcon.colcon_core.environment[0m [1;30mLevel 1[0m checking '/home/potato/RC_2026/install/rc26_decision/bin'
[1.534s] [34mcolcon.colcon_core.shell[0m [1;30mINFO[0m Creating package script '/home/potato/RC_2026/install/rc26_decision/share/rc26_decision/package.ps1'
[1.535s] [34mcolcon.colcon_core.shell[0m [1;30mINFO[0m Creating package descriptor '/home/potato/RC_2026/install/rc26_decision/share/rc26_decision/package.dsv'
[1.535s] [34mcolcon.colcon_core.shell[0m [1;30mINFO[0m Creating package script '/home/potato/RC_2026/install/rc26_decision/share/rc26_decision/package.sh'
[1.535s] [34mcolcon.colcon_core.shell[0m [1;30mINFO[0m Creating package script '/home/potato/RC_2026/install/rc26_decision/share/rc26_decision/package.bash'
[1.535s] [34mcolcon.colcon_core.shell[0m [1;30mINFO[0m Creating package script '/home/potato/RC_2026/install/rc26_decision/share/rc26_decision/package.zsh'
[1.535s] [34mcolcon.colcon_core.environment[0m [1;30mLevel 1[0m create_file_with_runtime_dependencies(/home/potato/RC_2026/install/rc26_decision/share/colcon-core/packages/rc26_decision)
[1.536s] [34mcolcon.colcon_core.environment[0m [1;30mLevel 1[0m create_environment_scripts_only(rc26_decision)
[1.536s] [34mcolcon.colcon_core.environment[0m [1;30mLevel 1[0m checking '/home/potato/RC_2026/install/rc26_decision' for CMake module files
[1.536s] [34mcolcon.colcon_core.environment[0m [1;30mLevel 1[0m checking '/home/potato/RC_2026/install/rc26_decision' for CMake config files
[1.536s] [34mcolcon.colcon_core.shell[0m [1;30mLevel 1[0m create_environment_hook('rc26_decision', 'cmake_prefix_path')
[1.536s] [34mcolcon.colcon_core.shell[0m [1;30mINFO[0m Creating environment hook '/home/potato/RC_2026/install/rc26_decision/share/rc26_decision/hook/cmake_prefix_path.ps1'
[1.536s] [34mcolcon.colcon_core.shell[0m [1;30mINFO[0m Creating environment descriptor '/home/potato/RC_2026/install/rc26_decision/share/rc26_decision/hook/cmake_prefix_path.dsv'
[1.537s] [34mcolcon.colcon_core.shell[0m [1;30mINFO[0m Creating environment hook '/home/potato/RC_2026/install/rc26_decision/share/rc26_decision/hook/cmake_prefix_path.sh'
[1.537s] [34mcolcon.colcon_core.environment[0m [1;30mLevel 1[0m checking '/home/potato/RC_2026/install/rc26_decision/lib'
[1.537s] [34mcolcon.colcon_core.shell[0m [1;30mLevel 1[0m create_environment_hook('rc26_decision', 'ld_library_path_lib')
[1.537s] [34mcolcon.colcon_core.shell[0m [1;30mINFO[0m Creating environment hook '/home/potato/RC_2026/install/rc26_decision/share/rc26_decision/hook/ld_library_path_lib.ps1'
[1.537s] [34mcolcon.colcon_core.shell[0m [1;30mINFO[0m Creating environment descriptor '/home/potato/RC_2026/install/rc26_decision/share/rc26_decision/hook/ld_library_path_lib.dsv'
[1.537s] [34mcolcon.colcon_core.shell[0m [1;30mINFO[0m Creating environment hook '/home/potato/RC_2026/install/rc26_decision/share/rc26_decision/hook/ld_library_path_lib.sh'
[1.538s] [34mcolcon.colcon_core.environment[0m [1;30mLevel 1[0m checking '/home/potato/RC_2026/install/rc26_decision/bin'
[1.538s] [34mcolcon.colcon_core.environment[0m [1;30mLevel 1[0m checking '/home/potato/RC_2026/install/rc26_decision/lib/pkgconfig/rc26_decision.pc'
[1.538s] [34mcolcon.colcon_core.environment[0m [1;30mLevel 1[0m checking '/home/potato/RC_2026/install/rc26_decision/lib/python3.10/site-packages'
[1.538s] [34mcolcon.colcon_core.environment[0m [1;30mLevel 1[0m checking '/home/potato/RC_2026/install/rc26_decision/bin'
[1.538s] [34mcolcon.colcon_core.shell[0m [1;30mINFO[0m Creating package script '/home/potato/RC_2026/install/rc26_decision/share/rc26_decision/package.ps1'
[1.539s] [34mcolcon.colcon_core.shell[0m [1;30mINFO[0m Creating package descriptor '/home/potato/RC_2026/install/rc26_decision/share/rc26_decision/package.dsv'
[1.539s] [34mcolcon.colcon_core.shell[0m [1;30mINFO[0m Creating package script '/home/potato/RC_2026/install/rc26_decision/share/rc26_decision/package.sh'
[1.539s] [34mcolcon.colcon_core.shell[0m [1;30mINFO[0m Creating package script '/home/potato/RC_2026/install/rc26_decision/share/rc26_decision/package.bash'
[1.539s] [34mcolcon.colcon_core.shell[0m [1;30mINFO[0m Creating package script '/home/potato/RC_2026/install/rc26_decision/share/rc26_decision/package.zsh'
[1.540s] [34mcolcon.colcon_core.environment[0m [1;30mLevel 1[0m create_file_with_runtime_dependencies(/home/potato/RC_2026/install/rc26_decision/share/colcon-core/packages/rc26_decision)
[1.540s] [34mcolcon.colcon_ros.task.cmake.build[0m [1;30mINFO[0m Building ROS package in '/home/potato/RC_2026/RC_2026_1/small_gicp' with build type 'cmake'
[1.540s] [34mcolcon.colcon_cmake.task.cmake.build[0m [1;30mINFO[0m Building CMake package in '/home/potato/RC_2026/RC_2026_1/small_gicp'
[1.540s] [34mcolcon.colcon_core.shell[0m [1;30mINFO[0m Skip shell extension 'powershell' for command environment: Not usable outside of PowerShell
[1.540s] [34mcolcon.colcon_core.shell[0m [1;30mDEBUG[0m [32mSkip shell extension 'dsv' for command environment[0m
[1.546s] [34mcolcon.colcon_core.event_handler.log_command[0m [1;30mDEBUG[0m [32mInvoking command in '/home/potato/RC_2026/build/small_gicp': /usr/bin/cmake --build /home/potato/RC_2026/build/small_gicp -- -j28 -l28[0m
[1.596s] [34mcolcon.colcon_core.event_handler.log_command[0m [1;30mDEBUG[0m [32mInvoked command in '/home/potato/RC_2026/build/small_gicp' returned '0': /usr/bin/cmake --build /home/potato/RC_2026/build/small_gicp -- -j28 -l28[0m
[1.597s] [34mcolcon.colcon_core.event_handler.log_command[0m [1;30mDEBUG[0m [32mInvoking command in '/home/potato/RC_2026/build/small_gicp': /usr/bin/cmake --install /home/potato/RC_2026/build/small_gicp[0m
[1.608s] [34mcolcon.colcon_core.event_handler.log_command[0m [1;30mDEBUG[0m [32mInvoked command in '/home/potato/RC_2026/build/small_gicp' returned '0': /usr/bin/cmake --install /home/potato/RC_2026/build/small_gicp[0m
[1.608s] [34mcolcon.colcon_core.shell[0m [1;30mLevel 1[0m create_environment_hook('small_gicp', 'pkg_config_path')
[1.608s] [34mcolcon.colcon_core.shell[0m [1;30mINFO[0m Creating environment hook '/home/potato/RC_2026/install/small_gicp/share/small_gicp/hook/pkg_config_path.ps1'
[1.609s] [34mcolcon.colcon_core.shell[0m [1;30mINFO[0m Creating environment descriptor '/home/potato/RC_2026/install/small_gicp/share/small_gicp/hook/pkg_config_path.dsv'
[1.609s] [34mcolcon.colcon_core.shell[0m [1;30mINFO[0m Creating environment hook '/home/potato/RC_2026/install/small_gicp/share/small_gicp/hook/pkg_config_path.sh'
[1.611s] [34mcolcon.colcon_core.shell[0m [1;30mLevel 1[0m create_environment_hook('small_gicp', 'pkg_config_path_multiarch')
[1.611s] [34mcolcon.colcon_core.shell[0m [1;30mINFO[0m Creating environment hook '/home/potato/RC_2026/install/small_gicp/share/small_gicp/hook/pkg_config_path_multiarch.ps1'
[1.612s] [34mcolcon.colcon_core.shell[0m [1;30mINFO[0m Creating environment descriptor '/home/potato/RC_2026/install/small_gicp/share/small_gicp/hook/pkg_config_path_multiarch.dsv'
[1.612s] [34mcolcon.colcon_core.shell[0m [1;30mINFO[0m Creating environment hook '/home/potato/RC_2026/install/small_gicp/share/small_gicp/hook/pkg_config_path_multiarch.sh'
[1.613s] [34mcolcon.colcon_core.environment[0m [1;30mLevel 1[0m create_environment_scripts_only(small_gicp)
[1.613s] [34mcolcon.colcon_core.environment[0m [1;30mLevel 1[0m checking '/home/potato/RC_2026/install/small_gicp' for CMake module files
[1.613s] [34mcolcon.colcon_core.environment[0m [1;30mLevel 1[0m checking '/home/potato/RC_2026/install/small_gicp' for CMake config files
[1.613s] [34mcolcon.colcon_core.shell[0m [1;30mLevel 1[0m create_environment_hook('small_gicp', 'cmake_prefix_path')
[1.613s] [34mcolcon.colcon_core.shell[0m [1;30mINFO[0m Creating environment hook '/home/potato/RC_2026/install/small_gicp/share/small_gicp/hook/cmake_prefix_path.ps1'
[1.614s] [34mcolcon.colcon_core.shell[0m [1;30mINFO[0m Creating environment descriptor '/home/potato/RC_2026/install/small_gicp/share/small_gicp/hook/cmake_prefix_path.dsv'
[1.614s] [34mcolcon.colcon_core.shell[0m [1;30mINFO[0m Creating environment hook '/home/potato/RC_2026/install/small_gicp/share/small_gicp/hook/cmake_prefix_path.sh'
[1.614s] [34mcolcon.colcon_core.environment[0m [1;30mLevel 1[0m checking '/home/potato/RC_2026/install/small_gicp/lib'
[1.614s] [34mcolcon.colcon_core.shell[0m [1;30mLevel 1[0m create_environment_hook('small_gicp', 'ld_library_path_lib')
[1.614s] [34mcolcon.colcon_core.shell[0m [1;30mINFO[0m Creating environment hook '/home/potato/RC_2026/install/small_gicp/share/small_gicp/hook/ld_library_path_lib.ps1'
[1.614s] [34mcolcon.colcon_core.shell[0m [1;30mINFO[0m Creating environment descriptor '/home/potato/RC_2026/install/small_gicp/share/small_gicp/hook/ld_library_path_lib.dsv'
[1.615s] [34mcolcon.colcon_core.shell[0m [1;30mINFO[0m Creating environment hook '/home/potato/RC_2026/install/small_gicp/share/small_gicp/hook/ld_library_path_lib.sh'
[1.615s] [34mcolcon.colcon_core.environment[0m [1;30mLevel 1[0m checking '/home/potato/RC_2026/install/small_gicp/bin'
[1.615s] [34mcolcon.colcon_core.environment[0m [1;30mLevel 1[0m checking '/home/potato/RC_2026/install/small_gicp/lib/pkgconfig/small_gicp.pc'
[1.615s] [34mcolcon.colcon_core.environment[0m [1;30mLevel 1[0m checking '/home/potato/RC_2026/install/small_gicp/lib/python3.10/site-packages'
[1.615s] [34mcolcon.colcon_core.environment[0m [1;30mLevel 1[0m checking '/home/potato/RC_2026/install/small_gicp/bin'
[1.615s] [34mcolcon.colcon_core.shell[0m [1;30mINFO[0m Creating package script '/home/potato/RC_2026/install/small_gicp/share/small_gicp/package.ps1'
[1.616s] [34mcolcon.colcon_core.shell[0m [1;30mINFO[0m Creating package descriptor '/home/potato/RC_2026/install/small_gicp/share/small_gicp/package.dsv'
[1.616s] [34mcolcon.colcon_core.shell[0m [1;30mINFO[0m Creating package script '/home/potato/RC_2026/install/small_gicp/share/small_gicp/package.sh'
[1.616s] [34mcolcon.colcon_core.shell[0m [1;30mINFO[0m Creating package script '/home/potato/RC_2026/install/small_gicp/share/small_gicp/package.bash'
[1.616s] [34mcolcon.colcon_core.shell[0m [1;30mINFO[0m Creating package script '/home/potato/RC_2026/install/small_gicp/share/small_gicp/package.zsh'
[1.617s] [34mcolcon.colcon_core.environment[0m [1;30mLevel 1[0m create_file_with_runtime_dependencies(/home/potato/RC_2026/install/small_gicp/share/colcon-core/packages/small_gicp)
[1.617s] [34mcolcon.colcon_ros.task.ament_cmake.build[0m [1;30mINFO[0m Building ROS package in '/home/potato/RC_2026/RC_2026_1/rc26_merge_odom' with build type 'ament_cmake'
[1.617s] [34mcolcon.colcon_cmake.task.cmake.build[0m [1;30mINFO[0m Building CMake package in '/home/potato/RC_2026/RC_2026_1/rc26_merge_odom'
[1.617s] [34mcolcon.colcon_core.shell[0m [1;30mINFO[0m Skip shell extension 'powershell' for command environment: Not usable outside of PowerShell
[1.617s] [34mcolcon.colcon_core.shell[0m [1;30mDEBUG[0m [32mSkip shell extension 'dsv' for command environment[0m
[1.626s] [34mcolcon.colcon_core.event_handler.log_command[0m [1;30mDEBUG[0m [32mInvoking command in '/home/potato/RC_2026/build/rc26_merge_odom': AMENT_PREFIX_PATH=/home/potato/RC_2026/install/rc26_serial:${AMENT_PREFIX_PATH} CMAKE_PREFIX_PATH=/home/potato/RC_2026/install/rc26_serial:/opt/ros/humble:/opt/ros/humble LD_LIBRARY_PATH=/home/potato/RC_2026/install/rc26_serial/lib:${LD_LIBRARY_PATH} /usr/bin/cmake --build /home/potato/RC_2026/build/rc26_merge_odom -- -j28 -l28[0m
[4.084s] [34mcolcon.colcon_core.event_handler.log_command[0m [1;30mDEBUG[0m [32mInvoked command in '/home/potato/RC_2026/build/rc26_merge_odom' returned '0': AMENT_PREFIX_PATH=/home/potato/RC_2026/install/rc26_serial:${AMENT_PREFIX_PATH} CMAKE_PREFIX_PATH=/home/potato/RC_2026/install/rc26_serial:/opt/ros/humble:/opt/ros/humble LD_LIBRARY_PATH=/home/potato/RC_2026/install/rc26_serial/lib:${LD_LIBRARY_PATH} /usr/bin/cmake --build /home/potato/RC_2026/build/rc26_merge_odom -- -j28 -l28[0m
[4.086s] [34mcolcon.colcon_core.event_handler.log_command[0m [1;30mDEBUG[0m [32mInvoking command in '/home/potato/RC_2026/build/rc26_merge_odom': AMENT_PREFIX_PATH=/home/potato/RC_2026/install/rc26_serial:${AMENT_PREFIX_PATH} CMAKE_PREFIX_PATH=/home/potato/RC_2026/install/rc26_serial:/opt/ros/humble:/opt/ros/humble LD_LIBRARY_PATH=/home/potato/RC_2026/install/rc26_serial/lib:${LD_LIBRARY_PATH} /usr/bin/cmake --install /home/potato/RC_2026/build/rc26_merge_odom[0m
[4.097s] [34mcolcon.colcon_core.environment[0m [1;30mLevel 1[0m create_environment_scripts_only(rc26_merge_odom)
[4.097s] [34mcolcon.colcon_core.environment[0m [1;30mLevel 1[0m checking '/home/potato/RC_2026/install/rc26_merge_odom' for CMake module files
[4.098s] [34mcolcon.colcon_core.event_handler.log_command[0m [1;30mDEBUG[0m [32mInvoked command in '/home/potato/RC_2026/build/rc26_merge_odom' returned '0': AMENT_PREFIX_PATH=/home/potato/RC_2026/install/rc26_serial:${AMENT_PREFIX_PATH} CMAKE_PREFIX_PATH=/home/potato/RC_2026/install/rc26_serial:/opt/ros/humble:/opt/ros/humble LD_LIBRARY_PATH=/home/potato/RC_2026/install/rc26_serial/lib:${LD_LIBRARY_PATH} /usr/bin/cmake --install /home/potato/RC_2026/build/rc26_merge_odom[0m
[4.098s] [34mcolcon.colcon_core.environment[0m [1;30mLevel 1[0m checking '/home/potato/RC_2026/install/rc26_merge_odom' for CMake config files
[4.099s] [34mcolcon.colcon_core.shell[0m [1;30mLevel 1[0m create_environment_hook('rc26_merge_odom', 'cmake_prefix_path')
[4.099s] [34mcolcon.colcon_core.shell[0m [1;30mINFO[0m Creating environment hook '/home/potato/RC_2026/install/rc26_merge_odom/share/rc26_merge_odom/hook/cmake_prefix_path.ps1'
[4.099s] [34mcolcon.colcon_core.shell[0m [1;30mINFO[0m Creating environment descriptor '/home/potato/RC_2026/install/rc26_merge_odom/share/rc26_merge_odom/hook/cmake_prefix_path.dsv'
[4.100s] [34mcolcon.colcon_core.shell[0m [1;30mINFO[0m Creating environment hook '/home/potato/RC_2026/install/rc26_merge_odom/share/rc26_merge_odom/hook/cmake_prefix_path.sh'
[4.100s] [34mcolcon.colcon_core.environment[0m [1;30mLevel 1[0m checking '/home/potato/RC_2026/install/rc26_merge_odom/lib'
[4.100s] [34mcolcon.colcon_core.shell[0m [1;30mLevel 1[0m create_environment_hook('rc26_merge_odom', 'ld_library_path_lib')
[4.100s] [34mcolcon.colcon_core.shell[0m [1;30mINFO[0m Creating environment hook '/home/potato/RC_2026/install/rc26_merge_odom/share/rc26_merge_odom/hook/ld_library_path_lib.ps1'
[4.100s] [34mcolcon.colcon_core.shell[0m [1;30mINFO[0m Creating environment descriptor '/home/potato/RC_2026/install/rc26_merge_odom/share/rc26_merge_odom/hook/ld_library_path_lib.dsv'
[4.101s] [34mcolcon.colcon_core.shell[0m [1;30mINFO[0m Creating environment hook '/home/potato/RC_2026/install/rc26_merge_odom/share/rc26_merge_odom/hook/ld_library_path_lib.sh'
[4.101s] [34mcolcon.colcon_core.environment[0m [1;30mLevel 1[0m checking '/home/potato/RC_2026/install/rc26_merge_odom/bin'
[4.101s] [34mcolcon.colcon_core.environment[0m [1;30mLevel 1[0m checking '/home/potato/RC_2026/install/rc26_merge_odom/lib/pkgconfig/rc26_merge_odom.pc'
[4.101s] [34mcolcon.colcon_core.environment[0m [1;30mLevel 1[0m checking '/home/potato/RC_2026/install/rc26_merge_odom/lib/python3.10/site-packages'
[4.101s] [34mcolcon.colcon_core.environment[0m [1;30mLevel 1[0m checking '/home/potato/RC_2026/install/rc26_merge_odom/bin'
[4.101s] [34mcolcon.colcon_core.shell[0m [1;30mINFO[0m Creating package script '/home/potato/RC_2026/install/rc26_merge_odom/share/rc26_merge_odom/package.ps1'
[4.102s] [34mcolcon.colcon_core.shell[0m [1;30mINFO[0m Creating package descriptor '/home/potato/RC_2026/install/rc26_merge_odom/share/rc26_merge_odom/package.dsv'
[4.102s] [34mcolcon.colcon_core.shell[0m [1;30mINFO[0m Creating package script '/home/potato/RC_2026/install/rc26_merge_odom/share/rc26_merge_odom/package.sh'
[4.102s] [34mcolcon.colcon_core.shell[0m [1;30mINFO[0m Creating package script '/home/potato/RC_2026/install/rc26_merge_odom/share/rc26_merge_odom/package.bash'
[4.102s] [34mcolcon.colcon_core.shell[0m [1;30mINFO[0m Creating package script '/home/potato/RC_2026/install/rc26_merge_odom/share/rc26_merge_odom/package.zsh'
[4.102s] [34mcolcon.colcon_core.environment[0m [1;30mLevel 1[0m create_file_with_runtime_dependencies(/home/potato/RC_2026/install/rc26_merge_odom/share/colcon-core/packages/rc26_merge_odom)
[4.103s] [34mcolcon.colcon_core.environment[0m [1;30mLevel 1[0m create_environment_scripts_only(rc26_merge_odom)
[4.103s] [34mcolcon.colcon_core.environment[0m [1;30mLevel 1[0m checking '/home/potato/RC_2026/install/rc26_merge_odom' for CMake module files
[4.103s] [34mcolcon.colcon_core.environment[0m [1;30mLevel 1[0m checking '/home/potato/RC_2026/install/rc26_merge_odom' for CMake config files
[4.103s] [34mcolcon.colcon_core.shell[0m [1;30mLevel 1[0m create_environment_hook('rc26_merge_odom', 'cmake_prefix_path')
[4.103s] [34mcolcon.colcon_core.shell[0m [1;30mINFO[0m Creating environment hook '/home/potato/RC_2026/install/rc26_merge_odom/share/rc26_merge_odom/hook/cmake_prefix_path.ps1'
[4.104s] [34mcolcon.colcon_core.shell[0m [1;30mINFO[0m Creating environment descriptor '/home/potato/RC_2026/install/rc26_merge_odom/share/rc26_merge_odom/hook/cmake_prefix_path.dsv'
[4.104s] [34mcolcon.colcon_core.shell[0m [1;30mINFO[0m Creating environment hook '/home/potato/RC_2026/install/rc26_merge_odom/share/rc26_merge_odom/hook/cmake_prefix_path.sh'
[4.104s] [34mcolcon.colcon_core.environment[0m [1;30mLevel 1[0m checking '/home/potato/RC_2026/install/rc26_merge_odom/lib'
[4.104s] [34mcolcon.colcon_core.shell[0m [1;30mLevel 1[0m create_environment_hook('rc26_merge_odom', 'ld_library_path_lib')
[4.104s] [34mcolcon.colcon_core.shell[0m [1;30mINFO[0m Creating environment hook '/home/potato/RC_2026/install/rc26_merge_odom/share/rc26_merge_odom/hook/ld_library_path_lib.ps1'
[4.104s] [34mcolcon.colcon_core.shell[0m [1;30mINFO[0m Creating environment descriptor '/home/potato/RC_2026/install/rc26_merge_odom/share/rc26_merge_odom/hook/ld_library_path_lib.dsv'
[4.105s] [34mcolcon.colcon_core.shell[0m [1;30mINFO[0m Creating environment hook '/home/potato/RC_2026/install/rc26_merge_odom/share/rc26_merge_odom/hook/ld_library_path_lib.sh'
[4.105s] [34mcolcon.colcon_core.environment[0m [1;30mLevel 1[0m checking '/home/potato/RC_2026/install/rc26_merge_odom/bin'
[4.105s] [34mcolcon.colcon_core.environment[0m [1;30mLevel 1[0m checking '/home/potato/RC_2026/install/rc26_merge_odom/lib/pkgconfig/rc26_merge_odom.pc'
[4.105s] [34mcolcon.colcon_core.environment[0m [1;30mLevel 1[0m checking '/home/potato/RC_2026/install/rc26_merge_odom/lib/python3.10/site-packages'
[4.105s] [34mcolcon.colcon_core.environment[0m [1;30mLevel 1[0m checking '/home/potato/RC_2026/install/rc26_merge_odom/bin'
[4.105s] [34mcolcon.colcon_core.shell[0m [1;30mINFO[0m Creating package script '/home/potato/RC_2026/install/rc26_merge_odom/share/rc26_merge_odom/package.ps1'
[4.106s] [34mcolcon.colcon_core.shell[0m [1;30mINFO[0m Creating package descriptor '/home/potato/RC_2026/install/rc26_merge_odom/share/rc26_merge_odom/package.dsv'
[4.106s] [34mcolcon.colcon_core.shell[0m [1;30mINFO[0m Creating package script '/home/potato/RC_2026/install/rc26_merge_odom/share/rc26_merge_odom/package.sh'
[4.106s] [34mcolcon.colcon_core.shell[0m [1;30mINFO[0m Creating package script '/home/potato/RC_2026/install/rc26_merge_odom/share/rc26_merge_odom/package.bash'
[4.106s] [34mcolcon.colcon_core.shell[0m [1;30mINFO[0m Creating package script '/home/potato/RC_2026/install/rc26_merge_odom/share/rc26_merge_odom/package.zsh'
[4.107s] [34mcolcon.colcon_core.environment[0m [1;30mLevel 1[0m create_file_with_runtime_dependencies(/home/potato/RC_2026/install/rc26_merge_odom/share/colcon-core/packages/rc26_merge_odom)
[4.107s] [34mcolcon.colcon_ros.task.ament_cmake.build[0m [1;30mINFO[0m Building ROS package in '/home/potato/RC_2026/RC_2026_1/rc26_bringup' with build type 'ament_cmake'
[4.107s] [34mcolcon.colcon_cmake.task.cmake.build[0m [1;30mINFO[0m Building CMake package in '/home/potato/RC_2026/RC_2026_1/rc26_bringup'
[4.107s] [34mcolcon.colcon_core.shell[0m [1;30mINFO[0m Skip shell extension 'powershell' for command environment: Not usable outside of PowerShell
[4.107s] [34mcolcon.colcon_core.shell[0m [1;30mDEBUG[0m [32mSkip shell extension 'dsv' for command environment[0m
[4.131s] [34mcolcon.colcon_core.event_handler.log_command[0m [1;30mDEBUG[0m [32mInvoking command in '/home/potato/RC_2026/build/rc26_bringup': AMENT_PREFIX_PATH=/home/potato/RC_2026/install/rc26_decision:/home/potato/RC_2026/install/rc26_serial:/home/potato/RC_2026/install/rc26_sensor_scan:/home/potato/RC_2026/install/rc26_perception:/home/potato/RC_2026/install/rc26_omni_controller:/home/potato/RC_2026/install/rc26_odom_interface:/home/potato/RC_2026/install/rc26_localization:/home/potato/RC_2026/install/point_lio:/home/potato/RC_2026/install/mid360_driver:${AMENT_PREFIX_PATH} CMAKE_PREFIX_PATH=/home/potato/RC_2026/install/rc26_decision:/home/potato/RC_2026/install/rc26_serial:/home/potato/RC_2026/install/rc26_sensor_scan:/home/potato/RC_2026/install/rc26_perception:/home/potato/RC_2026/install/rc26_omni_controller:/home/potato/RC_2026/install/rc26_odom_interface:/home/potato/RC_2026/install/rc26_localization:/home/potato/RC_2026/install/point_lio:/home/potato/RC_2026/install/mid360_driver:/opt/ros/humble:/opt/ros/humble LD_LIBRARY_PATH=/home/potato/RC_2026/install/rc26_decision/lib:/home/potato/RC_2026/install/rc26_serial/lib:/home/potato/RC_2026/install/rc26_sensor_scan/lib:/home/potato/RC_2026/install/rc26_perception/lib:/home/potato/RC_2026/install/rc26_omni_controller/lib:/home/potato/RC_2026/install/rc26_odom_interface/lib:/home/potato/RC_2026/install/rc26_localization/lib:/home/potato/RC_2026/install/mid360_driver/lib:${LD_LIBRARY_PATH} PYTHONPATH=/home/potato/RC_2026/install/rc26_perception/local/lib/python3.10/dist-packages:${PYTHONPATH} /usr/bin/cmake --build /home/potato/RC_2026/build/rc26_bringup -- -j28 -l28[0m
[4.158s] [34mcolcon.colcon_core.event_handler.log_command[0m [1;30mDEBUG[0m [32mInvoked command in '/home/potato/RC_2026/build/rc26_bringup' returned '0': AMENT_PREFIX_PATH=/home/potato/RC_2026/install/rc26_decision:/home/potato/RC_2026/install/rc26_serial:/home/potato/RC_2026/install/rc26_sensor_scan:/home/potato/RC_2026/install/rc26_perception:/home/potato/RC_2026/install/rc26_omni_controller:/home/potato/RC_2026/install/rc26_odom_interface:/home/potato/RC_2026/install/rc26_localization:/home/potato/RC_2026/install/point_lio:/home/potato/RC_2026/install/mid360_driver:${AMENT_PREFIX_PATH} CMAKE_PREFIX_PATH=/home/potato/RC_2026/install/rc26_decision:/home/potato/RC_2026/install/rc26_serial:/home/potato/RC_2026/install/rc26_sensor_scan:/home/potato/RC_2026/install/rc26_perception:/home/potato/RC_2026/install/rc26_omni_controller:/home/potato/RC_2026/install/rc26_odom_interface:/home/potato/RC_2026/install/rc26_localization:/home/potato/RC_2026/install/point_lio:/home/potato/RC_2026/install/mid360_driver:/opt/ros/humble:/opt/ros/humble LD_LIBRARY_PATH=/home/potato/RC_2026/install/rc26_decision/lib:/home/potato/RC_2026/install/rc26_serial/lib:/home/potato/RC_2026/install/rc26_sensor_scan/lib:/home/potato/RC_2026/install/rc26_perception/lib:/home/potato/RC_2026/install/rc26_omni_controller/lib:/home/potato/RC_2026/install/rc26_odom_interface/lib:/home/potato/RC_2026/install/rc26_localization/lib:/home/potato/RC_2026/install/mid360_driver/lib:${LD_LIBRARY_PATH} PYTHONPATH=/home/potato/RC_2026/install/rc26_perception/local/lib/python3.10/dist-packages:${PYTHONPATH} /usr/bin/cmake --build /home/potato/RC_2026/build/rc26_bringup -- -j28 -l28[0m
[4.160s] [34mcolcon.colcon_core.event_handler.log_command[0m [1;30mDEBUG[0m [32mInvoking command in '/home/potato/RC_2026/build/rc26_bringup': AMENT_PREFIX_PATH=/home/potato/RC_2026/install/rc26_decision:/home/potato/RC_2026/install/rc26_serial:/home/potato/RC_2026/install/rc26_sensor_scan:/home/potato/RC_2026/install/rc26_perception:/home/potato/RC_2026/install/rc26_omni_controller:/home/potato/RC_2026/install/rc26_odom_interface:/home/potato/RC_2026/install/rc26_localization:/home/potato/RC_2026/install/point_lio:/home/potato/RC_2026/install/mid360_driver:${AMENT_PREFIX_PATH} CMAKE_PREFIX_PATH=/home/potato/RC_2026/install/rc26_decision:/home/potato/RC_2026/install/rc26_serial:/home/potato/RC_2026/install/rc26_sensor_scan:/home/potato/RC_2026/install/rc26_perception:/home/potato/RC_2026/install/rc26_omni_controller:/home/potato/RC_2026/install/rc26_odom_interface:/home/potato/RC_2026/install/rc26_localization:/home/potato/RC_2026/install/point_lio:/home/potato/RC_2026/install/mid360_driver:/opt/ros/humble:/opt/ros/humble LD_LIBRARY_PATH=/home/potato/RC_2026/install/rc26_decision/lib:/home/potato/RC_2026/install/rc26_serial/lib:/home/potato/RC_2026/install/rc26_sensor_scan/lib:/home/potato/RC_2026/install/rc26_perception/lib:/home/potato/RC_2026/install/rc26_omni_controller/lib:/home/potato/RC_2026/install/rc26_odom_interface/lib:/home/potato/RC_2026/install/rc26_localization/lib:/home/potato/RC_2026/install/mid360_driver/lib:${LD_LIBRARY_PATH} PYTHONPATH=/home/potato/RC_2026/install/rc26_perception/local/lib/python3.10/dist-packages:${PYTHONPATH} /usr/bin/cmake --install /home/potato/RC_2026/build/rc26_bringup[0m
[4.169s] [34mcolcon.colcon_core.environment[0m [1;30mLevel 1[0m create_environment_scripts_only(rc26_bringup)
[4.169s] [34mcolcon.colcon_core.event_handler.log_command[0m [1;30mDEBUG[0m [32mInvoked command in '/home/potato/RC_2026/build/rc26_bringup' returned '0': AMENT_PREFIX_PATH=/home/potato/RC_2026/install/rc26_decision:/home/potato/RC_2026/install/rc26_serial:/home/potato/RC_2026/install/rc26_sensor_scan:/home/potato/RC_2026/install/rc26_perception:/home/potato/RC_2026/install/rc26_omni_controller:/home/potato/RC_2026/install/rc26_odom_interface:/home/potato/RC_2026/install/rc26_localization:/home/potato/RC_2026/install/point_lio:/home/potato/RC_2026/install/mid360_driver:${AMENT_PREFIX_PATH} CMAKE_PREFIX_PATH=/home/potato/RC_2026/install/rc26_decision:/home/potato/RC_2026/install/rc26_serial:/home/potato/RC_2026/install/rc26_sensor_scan:/home/potato/RC_2026/install/rc26_perception:/home/potato/RC_2026/install/rc26_omni_controller:/home/potato/RC_2026/install/rc26_odom_interface:/home/potato/RC_2026/install/rc26_localization:/home/potato/RC_2026/install/point_lio:/home/potato/RC_2026/install/mid360_driver:/opt/ros/humble:/opt/ros/humble LD_LIBRARY_PATH=/home/potato/RC_2026/install/rc26_decision/lib:/home/potato/RC_2026/install/rc26_serial/lib:/home/potato/RC_2026/install/rc26_sensor_scan/lib:/home/potato/RC_2026/install/rc26_perception/lib:/home/potato/RC_2026/install/rc26_omni_controller/lib:/home/potato/RC_2026/install/rc26_odom_interface/lib:/home/potato/RC_2026/install/rc26_localization/lib:/home/potato/RC_2026/install/mid360_driver/lib:${LD_LIBRARY_PATH} PYTHONPATH=/home/potato/RC_2026/install/rc26_perception/local/lib/python3.10/dist-packages:${PYTHONPATH} /usr/bin/cmake --install /home/potato/RC_2026/build/rc26_bringup[0m
[4.170s] [34mcolcon.colcon_core.environment[0m [1;30mLevel 1[0m checking '/home/potato/RC_2026/install/rc26_bringup' for CMake module files
[4.170s] [34mcolcon.colcon_core.environment[0m [1;30mLevel 1[0m checking '/home/potato/RC_2026/install/rc26_bringup' for CMake config files
[4.171s] [34mcolcon.colcon_core.shell[0m [1;30mLevel 1[0m create_environment_hook('rc26_bringup', 'cmake_prefix_path')
[4.171s] [34mcolcon.colcon_core.shell[0m [1;30mINFO[0m Creating environment hook '/home/potato/RC_2026/install/rc26_bringup/share/rc26_bringup/hook/cmake_prefix_path.ps1'
[4.171s] [34mcolcon.colcon_core.shell[0m [1;30mINFO[0m Creating environment descriptor '/home/potato/RC_2026/install/rc26_bringup/share/rc26_bringup/hook/cmake_prefix_path.dsv'
[4.172s] [34mcolcon.colcon_core.shell[0m [1;30mINFO[0m Creating environment hook '/home/potato/RC_2026/install/rc26_bringup/share/rc26_bringup/hook/cmake_prefix_path.sh'
[4.172s] [34mcolcon.colcon_core.environment[0m [1;30mLevel 1[0m checking '/home/potato/RC_2026/install/rc26_bringup/bin'
[4.172s] [34mcolcon.colcon_core.environment[0m [1;30mLevel 1[0m checking '/home/potato/RC_2026/install/rc26_bringup/lib/pkgconfig/rc26_bringup.pc'
[4.173s] [34mcolcon.colcon_core.environment[0m [1;30mLevel 1[0m checking '/home/potato/RC_2026/install/rc26_bringup/lib/python3.10/site-packages'
[4.173s] [34mcolcon.colcon_core.environment[0m [1;30mLevel 1[0m checking '/home/potato/RC_2026/install/rc26_bringup/bin'
[4.173s] [34mcolcon.colcon_core.shell[0m [1;30mINFO[0m Creating package script '/home/potato/RC_2026/install/rc26_bringup/share/rc26_bringup/package.ps1'
[4.174s] [34mcolcon.colcon_core.shell[0m [1;30mINFO[0m Creating package descriptor '/home/potato/RC_2026/install/rc26_bringup/share/rc26_bringup/package.dsv'
[4.174s] [34mcolcon.colcon_core.shell[0m [1;30mINFO[0m Creating package script '/home/potato/RC_2026/install/rc26_bringup/share/rc26_bringup/package.sh'
[4.174s] [34mcolcon.colcon_core.shell[0m [1;30mINFO[0m Creating package script '/home/potato/RC_2026/install/rc26_bringup/share/rc26_bringup/package.bash'
[4.175s] [34mcolcon.colcon_core.shell[0m [1;30mINFO[0m Creating package script '/home/potato/RC_2026/install/rc26_bringup/share/rc26_bringup/package.zsh'
[4.175s] [34mcolcon.colcon_core.environment[0m [1;30mLevel 1[0m create_file_with_runtime_dependencies(/home/potato/RC_2026/install/rc26_bringup/share/colcon-core/packages/rc26_bringup)
[4.176s] [34mcolcon.colcon_core.environment[0m [1;30mLevel 1[0m create_environment_scripts_only(rc26_bringup)
[4.176s] [34mcolcon.colcon_core.environment[0m [1;30mLevel 1[0m checking '/home/potato/RC_2026/install/rc26_bringup' for CMake module files
[4.176s] [34mcolcon.colcon_core.environment[0m [1;30mLevel 1[0m checking '/home/potato/RC_2026/install/rc26_bringup' for CMake config files
[4.177s] [34mcolcon.colcon_core.shell[0m [1;30mLevel 1[0m create_environment_hook('rc26_bringup', 'cmake_prefix_path')
[4.177s] [34mcolcon.colcon_core.shell[0m [1;30mINFO[0m Creating environment hook '/home/potato/RC_2026/install/rc26_bringup/share/rc26_bringup/hook/cmake_prefix_path.ps1'
[4.177s] [34mcolcon.colcon_core.shell[0m [1;30mINFO[0m Creating environment descriptor '/home/potato/RC_2026/install/rc26_bringup/share/rc26_bringup/hook/cmake_prefix_path.dsv'
[4.177s] [34mcolcon.colcon_core.shell[0m [1;30mINFO[0m Creating environment hook '/home/potato/RC_2026/install/rc26_bringup/share/rc26_bringup/hook/cmake_prefix_path.sh'
[4.178s] [34mcolcon.colcon_core.environment[0m [1;30mLevel 1[0m checking '/home/potato/RC_2026/install/rc26_bringup/bin'
[4.178s] [34mcolcon.colcon_core.environment[0m [1;30mLevel 1[0m checking '/home/potato/RC_2026/install/rc26_bringup/lib/pkgconfig/rc26_bringup.pc'
[4.178s] [34mcolcon.colcon_core.environment[0m [1;30mLevel 1[0m checking '/home/potato/RC_2026/install/rc26_bringup/lib/python3.10/site-packages'
[4.179s] [34mcolcon.colcon_core.environment[0m [1;30mLevel 1[0m checking '/home/potato/RC_2026/install/rc26_bringup/bin'
[4.179s] [34mcolcon.colcon_core.shell[0m [1;30mINFO[0m Creating package script '/home/potato/RC_2026/install/rc26_bringup/share/rc26_bringup/package.ps1'
[4.179s] [34mcolcon.colcon_core.shell[0m [1;30mINFO[0m Creating package descriptor '/home/potato/RC_2026/install/rc26_bringup/share/rc26_bringup/package.dsv'
[4.180s] [34mcolcon.colcon_core.shell[0m [1;30mINFO[0m Creating package script '/home/potato/RC_2026/install/rc26_bringup/share/rc26_bringup/package.sh'
[4.180s] [34mcolcon.colcon_core.shell[0m [1;30mINFO[0m Creating package script '/home/potato/RC_2026/install/rc26_bringup/share/rc26_bringup/package.bash'
[4.180s] [34mcolcon.colcon_core.shell[0m [1;30mINFO[0m Creating package script '/home/potato/RC_2026/install/rc26_bringup/share/rc26_bringup/package.zsh'
[4.181s] [34mcolcon.colcon_core.environment[0m [1;30mLevel 1[0m create_file_with_runtime_dependencies(/home/potato/RC_2026/install/rc26_bringup/share/colcon-core/packages/rc26_bringup)
[4.181s] [34mcolcon.colcon_parallel_executor.executor.parallel[0m [1;30mDEBUG[0m [32mclosing loop[0m
[4.181s] [34mcolcon.colcon_parallel_executor.executor.parallel[0m [1;30mDEBUG[0m [32mloop closed[0m
[4.181s] [34mcolcon.colcon_parallel_executor.executor.parallel[0m [1;30mDEBUG[0m [32mrun_until_complete finished with '0'[0m
[4.181s] [34mcolcon.colcon_core.event_reactor[0m [1;30mDEBUG[0m [32mjoining thread[0m
[4.185s] [34mcolcon.colcon_core.plugin_system[0m [1;30mINFO[0m Skipping extension 'colcon_notification.desktop_notification.terminal_notifier': Not used on non-Darwin systems
[4.185s] [34mcolcon.colcon_core.plugin_system[0m [1;30mINFO[0m Skipping extension 'colcon_notification.desktop_notification.win32': Not used on non-Windows systems
[4.185s] [34mcolcon.colcon_notification.desktop_notification[0m [1;30mINFO[0m Sending desktop notification using 'notify2'
[4.192s] [34mcolcon.colcon_core.event_reactor[0m [1;30mDEBUG[0m [32mjoined thread[0m
[4.192s] [34mcolcon.colcon_core.shell[0m [1;30mINFO[0m Creating prefix script '/home/potato/RC_2026/install/local_setup.ps1'
[4.193s] [34mcolcon.colcon_core.shell[0m [1;30mINFO[0m Creating prefix util module '/home/potato/RC_2026/install/_local_setup_util_ps1.py'
[4.194s] [34mcolcon.colcon_core.shell[0m [1;30mINFO[0m Creating prefix chain script '/home/potato/RC_2026/install/setup.ps1'
[4.195s] [34mcolcon.colcon_core.shell[0m [1;30mINFO[0m Creating prefix script '/home/potato/RC_2026/install/local_setup.sh'
[4.196s] [34mcolcon.colcon_core.shell[0m [1;30mINFO[0m Creating prefix util module '/home/potato/RC_2026/install/_local_setup_util_sh.py'
[4.196s] [34mcolcon.colcon_core.shell[0m [1;30mINFO[0m Creating prefix chain script '/home/potato/RC_2026/install/setup.sh'
[4.196s] [34mcolcon.colcon_core.shell[0m [1;30mINFO[0m Creating prefix script '/home/potato/RC_2026/install/local_setup.bash'
[4.197s] [34mcolcon.colcon_core.shell[0m [1;30mINFO[0m Creating prefix chain script '/home/potato/RC_2026/install/setup.bash'
[4.197s] [34mcolcon.colcon_core.shell[0m [1;30mINFO[0m Creating prefix script '/home/potato/RC_2026/install/local_setup.zsh'
[4.197s] [34mcolcon.colcon_core.shell[0m [1;30mINFO[0m Creating prefix chain script '/home/potato/RC_2026/install/setup.zsh'
